source_name,source_domain,url,published_at,retrieved_at,article_id,discovery_method,sitemap_url
Al Jazeera,aljazeera.com,https://www.aljazeera.com/news/2026/2/19/the-cost-of-genocide-israels-war-on-gaza-by-the-numbers,2026-02-19T09:21:09+00:00,2026-02-19T09:33:27+00:00,b4b81e2ec591,aj_xml_sitemap,https://www.aljazeera.com/news-sitemap.xml
Al Jazeera,aljazeera.com,https://www.aljazeera.com/news/2026/2/19/torture-threats-rape-palestinian-journalists-detail-israeli-jail-abuse,2026-02-19T08:17:18+00:00,2026-02-19T09:33:27+00:00,458bd75012d0,aj_xml_sitemap,https://www.aljazeera.com/news-sitemap.xml
Al Jazeera,aljazeera.com,https://www.aljazeera.com/news/2026/2/19/young-palestinian-shot-killed-by-israeli-settlers-northeast-of-jerusalem,2026-02-19T03:37:52+00:00,2026-02-19T09:33:27+00:00,8b02760f20df,aj_xml_sitemap,https://www.aljazeera.com/news-sitemap.xml
Al Jazeera,aljazeera.com,https://www.aljazeera.com/news/2026/2/18/unsc-moves-gaza-meeting-to-avoid-clash-with-trumps-board-of-peace,2026-02-18T22:41:00+00:00,2026-02-19T09:33:27+00:00,80fe633790cc,aj_xml_sitemap,https://www.aljazeera.com/news-sitemap.xml
Al Jazeera,aljazeera.com,https://www.aljazeera.com/news/2026/2/18/leila-shahid-palestinian-diplomat-dies-in-france-aged-76,2026-02-18T18:33:57+00:00,2026-02-19T09:33:27+00:00,d345fcf84917,aj_xml_sitemap,https://www.aljazeera.com/news-sitemap.xml
Al Jazeera,aljazeera.com,https://www.aljazeera.com/news/2026/2/18/pro-palestine-activists-acquitted-of-burglary-at-israeli-arms-site-in-uk,2026-02-18T13:43:22+00:00,2026-02-19T09:33:27+00:00,3aaffd867a9a,aj_xml_sitemap,https://www.aljazeera.com/news-sitemap.xml
Al Jazeera,aljazeera.com,https://www.aljazeera.com/news/2026/2/18/israel-kills-two-in-gaza-blocks-thousands-from-medical-exit-through-rafah,2026-02-18T14:26:53+00:00,2026-02-19T09:33:27+00:00,a7d2ed4843cb,aj_xml_sitemap,https://www.aljazeera.com/news-sitemap.xml
Al Jazeera,aljazeera.com,https://www.aljazeera.com/news/2026/2/18/israeli-army-sniper-in-chile-accused-of-gaza-war-crimes-could-face-justice,2026-02-18T10:55:16+00:00,2026-02-19T09:33:27+00:00,2f68c4242b98,aj_xml_sitemap,https://www.aljazeera.com/news-sitemap.xml
Al Jazeera,aljazeera.com,https://www.aljazeera.com/news/2026/2/18/cambodian-pm-says-thailand-occupying-deep-territory-after-ceasefire,2026-02-18T08:19:57+00:00,2026-02-19T09:33:27+00:00,55ab278d42d1,aj_xml_sitemap,https://www.aljazeera.com/news-sitemap.xml
Al Jazeera,aljazeera.com,https://www.aljazeera.com/news/2026/2/18/palestinians-in-gaza-face-food-shortages-restrictions-as-ramadan-begins,2026-02-18T08:28:58+00:00,2026-02-19T09:33:27+00:00,02d2f20a75c3,aj_xml_sitemap,https://www.aljazeera.com/news-sitemap.xml
Al Jazeera,aljazeera.com,https://www.aljazeera.com/news/2026/2/18/over-80-un-member-states-condemn-israels-de-facto-annexation-of-west-bank,2026-02-18T05:29:32+00:00,2026-02-19T09:33:27+00:00,b9920ee0f330,aj_xml_sitemap,https://www.aljazeera.com/news-sitemap.xml
Al Jazeera,aljazeera.com,https://www.aljazeera.com/news/2026/2/18/over-80-film-workers-slam-berlin-festivals-silence-on-israels-gaza-war,2026-02-18T05:31:59+00:00,2026-02-19T09:33:27+00:00,2aa21f11d673,aj_xml_sitemap,https://www.aljazeera.com/news-sitemap.xml
Al Jazeera,aljazeera.com,https://www.aljazeera.com/news/2026/2/18/jesse-jackson-helped-empower-us-arabs-and-raise-palestinian-cause,2026-02-18T01:17:47+00:00,2026-02-19T09:33:27+00:00,87db9fd599bf,aj_xml_sitemap,https://www.aljazeera.com/news-sitemap.xml
Al Jazeera,aljazeera.com,https://www.aljazeera.com/news/2026/2/17/hamas-trumps-board-of-peace-must-stop-israels-killing-in-gaza,2026-02-17T23:29:55+00:00,2026-02-19T09:33:27+00:00,a1c1645803a6,aj_xml_sitemap,https://www.aljazeera.com/news-sitemap.xml
Al Jazeera,aljazeera.com,https://www.aljazeera.com/news/2026/2/17/israeli-settlers-displace-15-palestinian-families-in-west-bank-official,2026-02-17T12:34:19+00:00,2026-02-19T09:33:27+00:00,4465261c1058,aj_xml_sitemap,https://www.aljazeera.com/news-sitemap.xml
Al Jazeera,aljazeera.com,https://www.aljazeera.com/news/2026/2/17/mapping-forced-displacements-and-settler-attacks-by-israel-in-the-west-bank,2026-02-18T05:58:30+00:00,2026-02-19T09:33:27+00:00,30821456a2a2,aj_xml_sitemap,https://www.aljazeera.com/news-sitemap.xml
Al Jazeera,aljazeera.com,https://www.aljazeera.com/news/2026/2/17/hamas-rejects-netanyahu-aides-60-day-ultimatum-for-group-to-disarm,2026-02-17T08:20:30+00:00,2026-02-19T09:33:27+00:00,52810987d76f,aj_xml_sitemap,https://www.aljazeera.com/news-sitemap.xml
Al Jazeera,aljazeera.com,https://www.aljazeera.com/news/2026/2/16/one-year-on-no-other-land-co-director-says-israeli-attacks-intensifying,2026-02-16T22:48:26Z,2026-02-19T09:33:30+00:00,1d4b7d28eaff,aj_xml_sitemap,https://www.aljazeera.com/sitemaps/article-new/16-02-2026.xml
Al Jazeera,aljazeera.com,https://www.aljazeera.com/news/2026/2/16/new-israeli-housing-plan-near-jerusalem-slammed-as-disguised-annexation,2026-02-16T19:13:30Z,2026-02-19T09:33:30+00:00,03dcdc2a1faa,aj_xml_sitemap,https://www.aljazeera.com/sitemaps/article-new/16-02-2026.xml
Al Jazeera,aljazeera.com,https://www.aljazeera.com/news/2026/2/16/israel-to-restart-land-registration-in-west-bank-what-that-means,2026-02-16T14:41:13Z,2026-02-19T09:33:30+00:00,9f4ddda79c9f,aj_xml_sitemap,https://www.aljazeera.com/sitemaps/article-new/16-02-2026.xml
Al Jazeera,aljazeera.com,https://www.aljazeera.com/news/2026/2/16/dangerous-escalation-nations-condemn-israel-over-occupied-west-bank-move,2026-02-16T19:14:13Z,2026-02-19T09:33:30+00:00,0c0c209dc6ad,aj_xml_sitemap,https://www.aljazeera.com/sitemaps/article-new/16-02-2026.xml
Al Jazeera,aljazeera.com,https://www.aljazeera.com/news/2026/2/16/kyrie-irving-wears-press-shirt-for-gaza-journalists-at-nba-all-star-game,2026-02-16T13:24:35Z,2026-02-19T09:33:30+00:00,90438c816654,aj_xml_sitemap,https://www.aljazeera.com/sitemaps/article-new/16-02-2026.xml
Al Jazeera,aljazeera.com,https://www.aljazeera.com/news/2026/2/16/europes-growing-fight-over-israeli-goods-boycott-movements-mushroom,2026-02-16T05:49:07Z,2026-02-19T09:33:30+00:00,681d9eea12ee,aj_xml_sitemap,https://www.aljazeera.com/sitemaps/article-new/16-02-2026.xml
Al Jazeera,aljazeera.com,https://www.aljazeera.com/news/2026/2/16/israels-move-to-register-land-systematises-dispossession-of-palestinians,2026-02-16T09:12:13Z,2026-02-19T09:33:30+00:00,c880373de419,aj_xml_sitemap,https://www.aljazeera.com/sitemaps/article-new/16-02-2026.xml
Al Jazeera,aljazeera.com,https://www.aljazeera.com/news/2026/2/15/israel-bombs-lebanon-syria-border-kills-four-people,2026-02-16T01:24:44Z,2026-02-19T09:33:31+00:00,1ccc6cee138b,aj_xml_sitemap,https://www.aljazeera.com/sitemaps/article-new/15-02-2026.xml
Al Jazeera,aljazeera.com,https://www.aljazeera.com/news/2026/2/15/at-least-11-palestinians-killed-in-israeli-attacks-across-gaza,2026-02-16T01:50:48Z,2026-02-19T09:33:31+00:00,ee166528ee19,aj_xml_sitemap,https://www.aljazeera.com/sitemaps/article-new/15-02-2026.xml
Al Jazeera,aljazeera.com,https://www.aljazeera.com/news/2026/2/15/thousands-of-western-nationals-fought-israels-war-on-gaza-what-to-know,2026-02-15T15:57:54Z,2026-02-19T09:33:31+00:00,fb85c7c978c3,aj_xml_sitemap,https://www.aljazeera.com/sitemaps/article-new/15-02-2026.xml
Al Jazeera,aljazeera.com,https://www.aljazeera.com/news/2026/2/15/israel-approves-proposal-to-register-west-bank-lands-as-state-property,2026-02-16T05:09:37Z,2026-02-19T09:33:31+00:00,255f662d0f3a,aj_xml_sitemap,https://www.aljazeera.com/sitemaps/article-new/15-02-2026.xml
Al Jazeera,aljazeera.com,https://www.aljazeera.com/news/2026/2/15/gazas-nasser-hospital-slams-msfs-unsubstantiated-armed-men-allegation,2026-02-15T12:11:03Z,2026-02-19T09:33:31+00:00,05059363cc97,aj_xml_sitemap,https://www.aljazeera.com/sitemaps/article-new/15-02-2026.xml
Al Jazeera,aljazeera.com,https://www.aljazeera.com/news/2026/2/15/israeli-forces-kill-eight-palestinians-in-attacks-across-gaza,2026-02-15T05:07:10Z,2026-02-19T09:33:31+00:00,8e6e96719854,aj_xml_sitemap,https://www.aljazeera.com/sitemaps/article-new/15-02-2026.xml
Al Jazeera,aljazeera.com,https://www.aljazeera.com/news/2026/2/14/gunmen-onsite-force-msf-to-stop-work-at-gazas-nasser-hospital,2026-02-14T22:08:32Z,2026-02-19T09:33:32+00:00,8c1072d77714,aj_xml_sitemap,https://www.aljazeera.com/sitemaps/article-new/14-02-2026.xml
Al Jazeera,aljazeera.com,https://www.aljazeera.com/news/2026/2/14/over-100-artists-for-palestine-back-uns-albanese-after-resignation-calls,2026-02-15T05:34:41Z,2026-02-19T09:33:32+00:00,6a8f7bd63180,aj_xml_sitemap,https://www.aljazeera.com/sitemaps/article-new/14-02-2026.xml
Al Jazeera,aljazeera.com,https://www.aljazeera.com/news/2026/2/14/icu-patients-lives-at-risk-in-gazas-al-aqsa-hospital-amid-israels-war,2026-02-14T12:24:25Z,2026-02-19T09:33:32+00:00,391122567bbc,aj_xml_sitemap,https://www.aljazeera.com/sitemaps/article-new/14-02-2026.xml
Al Jazeera,aljazeera.com,https://www.aljazeera.com/news/2026/2/14/au-calls-for-end-to-extermination-of-palestinians-decries-african-wars,2026-02-14T10:51:00Z,2026-02-19T09:33:32+00:00,052198dea212,aj_xml_sitemap,https://www.aljazeera.com/sitemaps/article-new/14-02-2026.xml
Al Jazeera,aljazeera.com,https://www.aljazeera.com/news/2026/2/14/arundhati-roy-shocked-by-jurys-gaza-remarks-quits-berlin-film-festival,2026-02-14T03:16:06Z,2026-02-19T09:33:32+00:00,a0426f8081d4,aj_xml_sitemap,https://www.aljazeera.com/sitemaps/article-new/14-02-2026.xml
Al Jazeera,aljazeera.com,https://www.aljazeera.com/news/2026/2/13/palestine-action-cofounder-ammori-after-high-court-win-uk-ban-backfired,2026-02-14T08:48:24Z,2026-02-19T09:33:32+00:00,d8425ae83af6,aj_xml_sitemap,https://www.aljazeera.com/sitemaps/article-new/13-02-2026.xml
Al Jazeera,aljazeera.com,https://www.aljazeera.com/news/2026/2/13/uk-court-says-palestine-action-ban-unlawful-what-does-the-verdict-mean,2026-02-13T16:05:51Z,2026-02-19T09:33:32+00:00,0572795ee483,aj_xml_sitemap,https://www.aljazeera.com/sitemaps/article-new/13-02-2026.xml
Al Jazeera,aljazeera.com,https://www.aljazeera.com/news/2026/2/13/israeli-settlers-injure-dozens-of-palestinians-in-wave-of-west-bank-attacks,2026-02-13T18:26:27Z,2026-02-19T09:33:32+00:00,21b2962ac400,aj_xml_sitemap,https://www.aljazeera.com/sitemaps/article-new/13-02-2026.xml
Al Jazeera,aljazeera.com,https://www.aljazeera.com/news/2026/2/13/why-did-israel-jail-journalist-who-witnessed-shireen-abu-aklehs-killing,2026-02-13T16:06:42Z,2026-02-19T09:33:32+00:00,a9508c33d6da,aj_xml_sitemap,https://www.aljazeera.com/sitemaps/article-new/13-02-2026.xml
Al Jazeera,aljazeera.com,https://www.aljazeera.com/news/2026/2/13/a-palestinian-cancer-patient-stuck-in-egypt-for-two-years-returns-to-gaza,2026-02-13T11:00:51Z,2026-02-19T09:33:32+00:00,379613a1b21b,aj_xml_sitemap,https://www.aljazeera.com/sitemaps/article-new/13-02-2026.xml
Al Jazeera,aljazeera.com,https://www.aljazeera.com/news/2026/2/13/uk-decision-to-ban-palestine-action-as-terror-group-unlawful-court-says,2026-02-13T15:32:39Z,2026-02-19T09:33:32+00:00,25e71417ec57,aj_xml_sitemap,https://www.aljazeera.com/sitemaps/article-new/13-02-2026.xml
Al Jazeera,aljazeera.com,https://www.aljazeera.com/news/2026/2/13/former-israeli-pm-barak-responds-to-criticism-over-close-epstein-links,2026-02-13T08:46:38Z,2026-02-19T09:33:32+00:00,9111b3340242,aj_xml_sitemap,https://www.aljazeera.com/sitemaps/article-new/13-02-2026.xml
Al Jazeera,aljazeera.com,https://www.aljazeera.com/news/2026/2/12/trump-calls-israels-president-disgraceful-for-not-pardoning-netanyahu,2026-02-12T20:49:18Z,2026-02-19T09:33:33+00:00,35dd976b79ef,aj_xml_sitemap,https://www.aljazeera.com/sitemaps/article-new/12-02-2026.xml
Al Jazeera,aljazeera.com,https://www.aljazeera.com/news/2026/2/12/israel-charges-two-over-betting-on-military-operations,2026-02-12T17:38:43Z,2026-02-19T09:33:33+00:00,af477389f8c8,aj_xml_sitemap,https://www.aljazeera.com/sitemaps/article-new/12-02-2026.xml
Al Jazeera,aljazeera.com,https://www.aljazeera.com/news/2026/2/12/corbyn-alleges-uk-complicity-after-streetings-admission-of-gaza-abuses,2026-02-12T17:31:46Z,2026-02-19T09:33:33+00:00,b86793cb7b16,aj_xml_sitemap,https://www.aljazeera.com/sitemaps/article-new/12-02-2026.xml
Al Jazeera,aljazeera.com,https://www.aljazeera.com/news/2026/2/12/bezalel-smotrichs-gradual-struggle-annex-west-bank-israel,2026-02-12T18:31:28Z,2026-02-19T09:33:33+00:00,269241fcf620,aj_xml_sitemap,https://www.aljazeera.com/sitemaps/article-new/12-02-2026.xml
Al Jazeera,aljazeera.com,https://www.aljazeera.com/news/2026/2/12/how-israel-used-discriminatory-laws-to-strip-palestinians-of-citizenship,2026-02-13T10:49:44Z,2026-02-19T09:33:33+00:00,938e59491dc3,aj_xml_sitemap,https://www.aljazeera.com/sitemaps/article-new/12-02-2026.xml
Al Jazeera,aljazeera.com,https://www.aljazeera.com/news/2026/2/12/irans-larijani-accuses-israel-of-trying-to-sabotage-us-negotiations,2026-02-12T10:46:02Z,2026-02-19T09:33:33+00:00,e2e8c250de90,aj_xml_sitemap,https://www.aljazeera.com/sitemaps/article-new/12-02-2026.xml
Al Jazeera,aljazeera.com,https://www.aljazeera.com/news/2026/2/11/more-palestinians-return-to-gaza-via-rafah-as-israeli-attacks-continue,2026-02-11T14:58:19Z,2026-02-19T09:33:34+00:00,1148f1e18fa4,aj_xml_sitemap,https://www.aljazeera.com/sitemaps/article-new/11-02-2026.xml
Al Jazeera,aljazeera.com,https://www.aljazeera.com/news/2026/2/11/palestinians-sense-west-bank-annexation-after-israel-approves-new-rules,2026-02-11T07:06:34Z,2026-02-19T09:33:34+00:00,689719e5bca4,aj_xml_sitemap,https://www.aljazeera.com/sitemaps/article-new/11-02-2026.xml
Al Jazeera,aljazeera.com,https://www.aljazeera.com/news/2026/2/11/us-family-demands-pro-palestine-protesters-release-after-hospitalisation,2026-02-11T02:34:44Z,2026-02-19T09:33:34+00:00,c8ebb2ac71ac,aj_xml_sitemap,https://www.aljazeera.com/sitemaps/article-new/11-02-2026.xml
Al Jazeera,aljazeera.com,https://www.aljazeera.com/news/2026/2/10/palestine-urges-powerful-partner-to-stop-west-bank-annexation-by-israel,2026-02-10T23:05:48Z,2026-02-19T09:33:35+00:00,c2a9128dbbaa,aj_xml_sitemap,https://www.aljazeera.com/sitemaps/article-new/10-02-2026.xml
Al Jazeera,aljazeera.com,https://www.aljazeera.com/news/2026/2/10/palestinian-citizens-israel-demand-government-do-more-stop-crime,2026-02-10T07:35:28Z,2026-02-19T09:33:35+00:00,3427590044c4,aj_xml_sitemap,https://www.aljazeera.com/sitemaps/article-new/10-02-2026.xml
Al Jazeera,aljazeera.com,https://www.aljazeera.com/news/2026/2/9/trump-opposes-israeli-annexation-of-occupied-west-bank-white-house,2026-02-10T07:55:29Z,2026-02-19T09:33:36+00:00,2668812f4fbc,aj_xml_sitemap,https://www.aljazeera.com/sitemaps/article-new/09-02-2026.xml
Al Jazeera,aljazeera.com,https://www.aljazeera.com/news/2026/2/9/four-palestinians-killed-in-israeli-air-attack-on-gaza-residential-building,2026-02-10T02:10:35Z,2026-02-19T09:33:36+00:00,64ad63f55491,aj_xml_sitemap,https://www.aljazeera.com/sitemaps/article-new/09-02-2026.xml
Al Jazeera,aljazeera.com,https://www.aljazeera.com/news/2026/2/9/what-were-jeffrey-epsteins-links-to-israel,2026-02-09T18:14:08Z,2026-02-19T09:33:36+00:00,8a96d222dacb,aj_xml_sitemap,https://www.aljazeera.com/sitemaps/article-new/09-02-2026.xml
Al Jazeera,aljazeera.com,https://www.aljazeera.com/news/2026/2/9/survey-finds-strong-pakistani-support-for-gaza-force-but-questions-linger,2026-02-09T16:27:51Z,2026-02-19T09:33:36+00:00,d53a31528db0,aj_xml_sitemap,https://www.aljazeera.com/sitemaps/article-new/09-02-2026.xml
Al Jazeera,aljazeera.com,https://www.aljazeera.com/news/2026/2/9/muslim-countries-slam-israel-for-illegal-annexation-push-in-west-bank,2026-02-09T17:38:47Z,2026-02-19T09:33:36+00:00,e41d3d4d2cac,aj_xml_sitemap,https://www.aljazeera.com/sitemaps/article-new/09-02-2026.xml
Al Jazeera,aljazeera.com,https://www.aljazeera.com/news/2026/2/9/lebanese-group-accuses-israel-of-abducting-its-leader-in-raid,2026-02-09T17:26:58Z,2026-02-19T09:33:36+00:00,74233b0e8d64,aj_xml_sitemap,https://www.aljazeera.com/sitemaps/article-new/09-02-2026.xml
Al Jazeera,aljazeera.com,https://www.aljazeera.com/news/2026/2/9/thousands-protest-against-israeli-president-herzogs-australia-visit,2026-02-09T11:57:37Z,2026-02-19T09:33:36+00:00,3fc29b1e6206,aj_xml_sitemap,https://www.aljazeera.com/sitemaps/article-new/09-02-2026.xml
Al Jazeera,aljazeera.com,https://www.aljazeera.com/news/2026/2/9/shipping-giant-msc-facilitates-trade-from-israeli-settlements-through-eu,2026-02-09T09:59:40Z,2026-02-19T09:33:36+00:00,5526604f0a35,aj_xml_sitemap,https://www.aljazeera.com/sitemaps/article-new/09-02-2026.xml
Al Jazeera,aljazeera.com,https://www.aljazeera.com/news/2026/2/9/netanyahu-to-meet-trump-in-us-to-discuss-iran-says-israeli-pm,2026-02-09T11:22:34Z,2026-02-19T09:33:36+00:00,fab786ed0398,aj_xml_sitemap,https://www.aljazeera.com/sitemaps/article-new/09-02-2026.xml
Al Jazeera,aljazeera.com,https://www.aljazeera.com/news/2026/2/8/israel-security-cabinet-approves-rules-to-increase-control-over-west-bank,2026-02-09T09:18:55Z,2026-02-19T09:33:36+00:00,970914e420a5,aj_xml_sitemap,https://www.aljazeera.com/sitemaps/article-new/08-02-2026.xml
Al Jazeera,aljazeera.com,https://www.aljazeera.com/news/2026/2/8/hamas-leader-rejects-disarmament-while-israeli-occupation-of-gaza-continues,2026-02-08T13:05:14Z,2026-02-19T09:33:36+00:00,cc35f5c13928,aj_xml_sitemap,https://www.aljazeera.com/sitemaps/article-new/08-02-2026.xml
Al Jazeera,aljazeera.com,https://www.aljazeera.com/news/2026/2/8/pro-palestine-groups-to-protest-israeli-presidents-visit-to-australia,2026-02-08T10:04:53Z,2026-02-19T09:33:36+00:00,224e606cfe5c,aj_xml_sitemap,https://www.aljazeera.com/sitemaps/article-new/08-02-2026.xml
Al Jazeera,aljazeera.com,https://www.aljazeera.com/news/2026/2/8/families-inconsolable-in-gaza-as-israel-returns-more-unidentified-bodies,2026-02-08T08:15:06Z,2026-02-19T09:33:36+00:00,327992fc7132,aj_xml_sitemap,https://www.aljazeera.com/sitemaps/article-new/08-02-2026.xml
Al Jazeera,aljazeera.com,https://www.aljazeera.com/news/2026/2/8/somalias-mohamud-slams-israels-interference-rejects-base-on-somaliland,2026-02-08T08:05:29Z,2026-02-19T09:33:36+00:00,1b029c661ff4,aj_xml_sitemap,https://www.aljazeera.com/sitemaps/article-new/08-02-2026.xml
Al Jazeera,aljazeera.com,https://www.aljazeera.com/news/2026/2/7/israels-gaza-genocide-risks-global-order-leaders-warn-at-al-jazeera-forum,2026-02-08T09:04:04Z,2026-02-19T09:33:37+00:00,a5af44c87f24,aj_xml_sitemap,https://www.aljazeera.com/sitemaps/article-new/07-02-2026.xml
Al Jazeera,aljazeera.com,https://www.aljazeera.com/news/2026/2/7/trumps-board-of-peace-to-convene-in-washington-discuss-gaza-report,2026-02-07T06:27:24Z,2026-02-19T09:33:37+00:00,e229a314f457,aj_xml_sitemap,https://www.aljazeera.com/sitemaps/article-new/07-02-2026.xml
Al Jazeera,aljazeera.com,https://www.aljazeera.com/news/2026/2/6/what-barak-epstein-audio-says-about-israeli-controlling-demographics,2026-02-06T15:55:08Z,2026-02-19T09:33:38+00:00,6046d9bd8c19,aj_xml_sitemap,https://www.aljazeera.com/sitemaps/article-new/06-02-2026.xml
Al Jazeera,aljazeera.com,https://www.aljazeera.com/news/2026/2/6/palestine-action-linked-remand-prisoner-umer-khalid-admitted-to-hospital,2026-02-06T17:41:38Z,2026-02-19T09:33:38+00:00,00838ad5c446,aj_xml_sitemap,https://www.aljazeera.com/sitemaps/article-new/06-02-2026.xml
Al Jazeera,aljazeera.com,https://www.aljazeera.com/news/2026/2/6/israel-kills-two-in-northern-gaza-as-rafah-crossing-sees-little-movement,2026-02-06T10:53:07Z,2026-02-19T09:33:38+00:00,f1e41b87c526,aj_xml_sitemap,https://www.aljazeera.com/sitemaps/article-new/06-02-2026.xml
Al Jazeera,aljazeera.com,https://www.aljazeera.com/news/2026/2/6/settler-violence-stokes-peak-west-bank-displacement-since-october-2023-un,2026-02-06T10:44:17Z,2026-02-19T09:33:38+00:00,5a4cf33ad24a,aj_xml_sitemap,https://www.aljazeera.com/sitemaps/article-new/06-02-2026.xml
Al Jazeera,aljazeera.com,https://www.aljazeera.com/news/2026/2/6/armed-militia-members-are-serving-as-israeli-agents-in-gaza-investigation,2026-02-06T08:34:49Z,2026-02-19T09:33:38+00:00,5dafd804b9d6,aj_xml_sitemap,https://www.aljazeera.com/sitemaps/article-new/06-02-2026.xml
Al Jazeera,aljazeera.com,https://www.aljazeera.com/news/2026/2/5/activists-announce-new-bigger-aid-flotilla-to-set-sail-for-gaza-in-march,2026-02-05T20:24:27Z,2026-02-19T09:33:39+00:00,8a9ca29d44a2,aj_xml_sitemap,https://www.aljazeera.com/sitemaps/article-new/05-02-2026.xml
Al Jazeera,aljazeera.com,https://www.aljazeera.com/news/2026/2/5/israeli-air-attacks-on-lebanon-reach-highest-level-since-ceasefire-report,2026-02-05T12:28:55Z,2026-02-19T09:33:39+00:00,58d32bc97705,aj_xml_sitemap,https://www.aljazeera.com/sitemaps/article-new/05-02-2026.xml
Al Jazeera,aljazeera.com,https://www.aljazeera.com/news/2026/2/5/gaza-patients-head-to-rafah-crossing-as-people-return-amid-israeli-attacks,2026-02-05T14:17:17Z,2026-02-19T09:33:39+00:00,0995731db136,aj_xml_sitemap,https://www.aljazeera.com/sitemaps/article-new/05-02-2026.xml
Al Jazeera,aljazeera.com,https://www.aljazeera.com/news/2026/2/5/australia-charges-teen-over-online-threat-as-israeli-president-due-to-visit,2026-02-05T03:22:08Z,2026-02-19T09:33:39+00:00,7511b377dc19,aj_xml_sitemap,https://www.aljazeera.com/sitemaps/article-new/05-02-2026.xml
Al Jazeera,aljazeera.com,https://www.aljazeera.com/news/2026/2/4/some-israel-question-influence-over-us-iran-war-decision-nears,2026-02-04T20:05:05Z,2026-02-19T09:33:39+00:00,cf33cf751534,aj_xml_sitemap,https://www.aljazeera.com/sitemaps/article-new/04-02-2026.xml
Al Jazeera,aljazeera.com,https://www.aljazeera.com/news/2026/2/4/gaza-on-the-agenda-as-turkiyes-erdogan-meets-egypts-el-sisi-in-cairo,2026-02-04T17:44:16Z,2026-02-19T09:33:39+00:00,2c421f33ffeb,aj_xml_sitemap,https://www.aljazeera.com/sitemaps/article-new/04-02-2026.xml
Al Jazeera,aljazeera.com,https://www.aljazeera.com/news/2026/2/4/epstein-israels-barak-discussed-gigantic-consultancy-sums-paid-to-blair,2026-02-04T15:16:03Z,2026-02-19T09:33:39+00:00,ccc08b8a9f57,aj_xml_sitemap,https://www.aljazeera.com/sitemaps/article-new/04-02-2026.xml
Al Jazeera,aljazeera.com,https://www.aljazeera.com/news/2026/2/4/uk-pro-palestinian-activists-not-guilty-of-aggravated-burglary,2026-02-04T14:58:59Z,2026-02-19T09:33:39+00:00,bfedfc3b5922,aj_xml_sitemap,https://www.aljazeera.com/sitemaps/article-new/04-02-2026.xml
Al Jazeera,aljazeera.com,https://www.aljazeera.com/news/2026/2/4/health-crime-aoun-slams-israel-over-spraying-chemicals-in-south-lebanon,2026-02-04T10:34:13Z,2026-02-19T09:33:39+00:00,eda5075bfe99,aj_xml_sitemap,https://www.aljazeera.com/sitemaps/article-new/04-02-2026.xml
Al Jazeera,aljazeera.com,https://www.aljazeera.com/news/2026/2/4/how-israel-destroyed-gazas-health-system-deliberately-and-methodically,2026-02-04T09:00:53Z,2026-02-19T09:33:39+00:00,5d792d90bc89,aj_xml_sitemap,https://www.aljazeera.com/sitemaps/article-new/04-02-2026.xml
Al Jazeera,aljazeera.com,https://www.aljazeera.com/news/2026/2/4/israel-suspends-evacuation-of-palestinians-via-rafah-crossing-red-crescent,2026-02-05T00:43:31Z,2026-02-19T09:33:39+00:00,0e240eae1e92,aj_xml_sitemap,https://www.aljazeera.com/sitemaps/article-new/04-02-2026.xml
Al Jazeera,aljazeera.com,https://www.aljazeera.com/news/2026/2/4/greece-woos-israel-for-joint-production-of-weapons-systems,2026-02-04T07:33:02Z,2026-02-19T09:33:39+00:00,57aa5c108e94,aj_xml_sitemap,https://www.aljazeera.com/sitemaps/article-new/04-02-2026.xml
Al Jazeera,aljazeera.com,https://www.aljazeera.com/news/2026/2/4/palestinian-women-recount-journey-of-horror-at-gazas-rafah-crossing,2026-02-04T02:28:57Z,2026-02-19T09:33:39+00:00,ac3c6118a573,aj_xml_sitemap,https://www.aljazeera.com/sitemaps/article-new/04-02-2026.xml
Al Jazeera,aljazeera.com,https://www.aljazeera.com/news/2026/2/3/un-chief-urges-gaza-aid-as-israel-blocks-most-medical-evacuees-at-rafah,2026-02-03T19:52:53Z,2026-02-19T09:33:40+00:00,c5a3bae38259,aj_xml_sitemap,https://www.aljazeera.com/sitemaps/article-new/03-02-2026.xml
Al Jazeera,aljazeera.com,https://www.aljazeera.com/news/2026/2/3/israel-palestine-head-of-human-right-watch-quits-over-blocked-report,2026-02-05T18:15:03Z,2026-02-19T09:33:40+00:00,e65958018e45,aj_xml_sitemap,https://www.aljazeera.com/sitemaps/article-new/03-02-2026.xml
Al Jazeera,aljazeera.com,https://www.aljazeera.com/news/2026/2/3/amnesty-demands-israel-drop-death-penalty-bills-entrenching-apartheid,2026-02-03T15:11:11Z,2026-02-19T09:33:40+00:00,bbdc0a890b5a,aj_xml_sitemap,https://www.aljazeera.com/sitemaps/article-new/03-02-2026.xml
Al Jazeera,aljazeera.com,https://www.aljazeera.com/news/2026/2/3/syrian-forces-enter-qamishli-under-ceasefire-deal-with-sdf-state-media,2026-02-04T05:15:48Z,2026-02-19T09:33:40+00:00,bbfc466df9ad,aj_xml_sitemap,https://www.aljazeera.com/sitemaps/article-new/03-02-2026.xml
Al Jazeera,aljazeera.com,https://www.aljazeera.com/news/2026/2/3/trickle-of-palestinians-get-to-leave-enter-gaza-as-rafah-crossing-reopens,2026-02-03T06:41:44Z,2026-02-19T09:33:40+00:00,c54bf049b040,aj_xml_sitemap,https://www.aljazeera.com/sitemaps/article-new/03-02-2026.xml
Al Jazeera,aljazeera.com,https://www.aljazeera.com/news/2026/2/2/relief-for-patients-leaving-gaza-as-rafah-opens-but-thousands-still-wait,2026-02-02T22:43:16Z,2026-02-19T09:33:41+00:00,ecac1d42012b,aj_xml_sitemap,https://www.aljazeera.com/sitemaps/article-new/02-02-2026.xml
Al Jazeera,aljazeera.com,https://www.aljazeera.com/news/2026/2/2/syrian-forces-deploy-in-hasakah-under-ceasefire-agreement-with-sdf,2026-02-02T17:02:04Z,2026-02-19T09:33:41+00:00,52e570828648,aj_xml_sitemap,https://www.aljazeera.com/sitemaps/article-new/02-02-2026.xml
Al Jazeera,aljazeera.com,https://www.aljazeera.com/news/2026/2/2/redline-global-ngos-working-in-gaza-defy-israels-threats-after-msf-ban,2026-02-04T09:28:02Z,2026-02-19T09:33:41+00:00,564a8dc6fcad,aj_xml_sitemap,https://www.aljazeera.com/sitemaps/article-new/02-02-2026.xml
Al Jazeera,aljazeera.com,https://www.aljazeera.com/news/2026/2/2/gazas-rafah-crossing-reopens-for-limited-traffic,2026-02-02T22:59:51Z,2026-02-19T09:33:41+00:00,413d01da05fa,aj_xml_sitemap,https://www.aljazeera.com/sitemaps/article-new/02-02-2026.xml
Al Jazeera,aljazeera.com,https://www.aljazeera.com/news/2026/2/2/in-war-torn-ukraine-showing-sympathy-for-palestine-is-no-longer-a-taboo,2026-02-02T07:27:49Z,2026-02-19T09:33:41+00:00,af0122b2e22e,aj_xml_sitemap,https://www.aljazeera.com/sitemaps/article-new/02-02-2026.xml
Al Jazeera,aljazeera.com,https://www.aljazeera.com/news/2026/2/1/israel-partially-reopens-rafah-crossing-in-pilot,2026-02-02T06:33:37Z,2026-02-19T09:33:41+00:00,658092b16526,aj_xml_sitemap,https://www.aljazeera.com/sitemaps/article-new/01-02-2026.xml
Al Jazeera,aljazeera.com,https://www.aljazeera.com/news/2026/2/1/israel-orders-eviction-of-bedouins-as-settlers-target-west-bank-schools,2026-02-02T05:13:20Z,2026-02-19T09:33:41+00:00,780b7cb532de,aj_xml_sitemap,https://www.aljazeera.com/sitemaps/article-new/01-02-2026.xml
Al Jazeera,aljazeera.com,https://www.aljazeera.com/news/2026/2/1/israel-says-it-will-ban-msf-from-operating-in-gaza,2026-02-01T19:15:19Z,2026-02-19T09:33:41+00:00,4c323faacf22,aj_xml_sitemap,https://www.aljazeera.com/sitemaps/article-new/01-02-2026.xml
Al Jazeera,aljazeera.com,https://www.aljazeera.com/news/2026/2/1/how-western-officials-media-coverage-pushed-to-discredit-gaza-death-toll,2026-02-01T14:17:59Z,2026-02-19T09:33:41+00:00,9fecd9eff6ca,aj_xml_sitemap,https://www.aljazeera.com/sitemaps/article-new/01-02-2026.xml
Al Jazeera,aljazeera.com,https://www.aljazeera.com/news/2026/2/1/campaign-to-boycott-israel-looks-to-future-after-gaza-ceasefire,2026-02-01T09:00:51Z,2026-02-19T09:33:41+00:00,c1ae3a0d4869,aj_xml_sitemap,https://www.aljazeera.com/sitemaps/article-new/01-02-2026.xml
Al Jazeera,aljazeera.com,https://www.aljazeera.com/news/2026/1/31/israeli-forces-kill-12-palestinians-across-gaza-attacks-reported-in-rafah,2026-01-31T22:47:17Z,2026-02-19T09:33:42+00:00,9a183d926672,aj_xml_sitemap,https://www.aljazeera.com/sitemaps/article-new/31-01-2026.xml
Al Jazeera,aljazeera.com,https://www.aljazeera.com/news/2026/1/31/us-approves-6-6bn-sale-of-attack-helicopters-assault-vehicles-to-israel,2026-01-31T03:45:20Z,2026-02-19T09:33:42+00:00,57fdc50484a9,aj_xml_sitemap,https://www.aljazeera.com/sitemaps/article-new/31-01-2026.xml
Al Jazeera,aljazeera.com,https://www.aljazeera.com/news/2026/1/30/south-africa-orders-expulsion-of-israeli-envoy-declared-persona-non-grata,2026-01-30T17:00:19Z,2026-02-19T09:33:43+00:00,3a2e378cd07d,aj_xml_sitemap,https://www.aljazeera.com/sitemaps/article-new/30-01-2026.xml
Al Jazeera,aljazeera.com,https://www.aljazeera.com/news/2026/1/30/msf-says-it-will-not-hand-over-staff-details-to-israeli-authorities,2026-01-30T17:32:30Z,2026-02-19T09:33:43+00:00,256202f36681,aj_xml_sitemap,https://www.aljazeera.com/sitemaps/article-new/30-01-2026.xml
Al Jazeera,aljazeera.com,https://www.aljazeera.com/news/2026/1/30/is-israels-current-path-setting-it-on-course-for-collapse,2026-01-30T13:52:52Z,2026-02-19T09:33:43+00:00,b6bd05bc2453,aj_xml_sitemap,https://www.aljazeera.com/sitemaps/article-new/30-01-2026.xml
Al Jazeera,aljazeera.com,https://www.aljazeera.com/news/2026/1/30/israel-accepts-gazas-70000-death-toll-a-record-of-denialism-lies,2026-01-30T12:41:20Z,2026-02-19T09:33:43+00:00,0e304570a5be,aj_xml_sitemap,https://www.aljazeera.com/sitemaps/article-new/30-01-2026.xml
Al Jazeera,aljazeera.com,https://www.aljazeera.com/news/2026/1/30/five-killed-as-israeli-strikes-persist-in-gaza-despite-ceasefire,2026-01-30T12:12:50Z,2026-02-19T09:33:43+00:00,b3daae990fd6,aj_xml_sitemap,https://www.aljazeera.com/sitemaps/article-new/30-01-2026.xml
Al Jazeera,aljazeera.com,https://www.aljazeera.com/news/2026/1/30/israel-announces-plan-to-reopen-gazas-rafah-crossing-on-sunday,2026-01-30T13:24:12Z,2026-02-19T09:33:43+00:00,78c00d6cbbd9,aj_xml_sitemap,https://www.aljazeera.com/sitemaps/article-new/30-01-2026.xml
Al Jazeera,aljazeera.com,https://www.aljazeera.com/news/2026/1/30/unrwa-staff-cuts-deepen-in-gaza-as-israel-restricts-critical-aid-access,2026-01-30T06:19:15Z,2026-02-19T09:33:43+00:00,c13c27cc9b6d,aj_xml_sitemap,https://www.aljazeera.com/sitemaps/article-new/30-01-2026.xml
Al Jazeera,aljazeera.com,https://www.aljazeera.com/news/2026/1/30/gaza-based-journalist-bisan-owda-regains-tiktok-account-after-outcry,2026-01-30T01:01:35Z,2026-02-19T09:33:43+00:00,a5a5a8211b69,aj_xml_sitemap,https://www.aljazeera.com/sitemaps/article-new/30-01-2026.xml
Al Jazeera,aljazeera.com,https://www.aljazeera.com/news/2026/1/29/al-jazeera-denounces-youtubes-compliance-with-israels-ban-on-network,2026-01-29T16:47:46Z,2026-02-19T09:33:44+00:00,a15d01598432,aj_xml_sitemap,https://www.aljazeera.com/sitemaps/article-new/29-01-2026.xml
Al Jazeera,aljazeera.com,https://www.aljazeera.com/news/2026/1/29/israel-hands-over-15-bodies-of-palestinians-in-last-stage-of-captive-swap,2026-01-29T17:12:45Z,2026-02-19T09:33:44+00:00,3bf738b180d8,aj_xml_sitemap,https://www.aljazeera.com/sitemaps/article-new/29-01-2026.xml
Al Jazeera,aljazeera.com,https://www.aljazeera.com/news/2026/1/29/israel-raids-several-occupied-west-bank-towns-after-killing-hebron-youth,2026-01-29T11:39:00Z,2026-02-19T09:33:44+00:00,2c2400b30587,aj_xml_sitemap,https://www.aljazeera.com/sitemaps/article-new/29-01-2026.xml
Al Jazeera,aljazeera.com,https://www.aljazeera.com/news/2026/1/29/israel-seeks-more-exits-than-entries-at-gazas-rafah-as-egypt-objects,2026-01-29T09:54:19Z,2026-02-19T09:33:44+00:00,7f5a4a7454e5,aj_xml_sitemap,https://www.aljazeera.com/sitemaps/article-new/29-01-2026.xml
Al Jazeera,aljazeera.com,https://www.aljazeera.com/news/2026/1/29/palestinian-journalist-bisan-owda-with-1-4m-followers-reports-tiktok-ban,2026-01-29T09:03:40Z,2026-02-19T09:33:44+00:00,8f361a5e8f38,aj_xml_sitemap,https://www.aljazeera.com/sitemaps/article-new/29-01-2026.xml
Al Jazeera,aljazeera.com,https://www.aljazeera.com/news/2026/1/28/israels-top-court-delays-gaza-press-access-ruling-amid-years-long-ban,2026-01-28T21:29:40Z,2026-02-19T09:33:44+00:00,28f2408a4891,aj_xml_sitemap,https://www.aljazeera.com/sitemaps/article-new/28-01-2026.xml
Al Jazeera,aljazeera.com,https://www.aljazeera.com/news/2026/1/28/uk-france-canada-among-11-countries-condemning-israels-unrwa-demolitions,2026-01-28T17:37:39Z,2026-02-19T09:33:44+00:00,ff3c093386a2,aj_xml_sitemap,https://www.aljazeera.com/sitemaps/article-new/28-01-2026.xml
Al Jazeera,aljazeera.com,https://www.aljazeera.com/news/2026/1/28/uk-police-to-use-ai-facial-recognition-tech-linked-to-israels-war-on-gaza,2026-01-28T18:39:01Z,2026-02-19T09:33:44+00:00,ae5d15c04175,aj_xml_sitemap,https://www.aljazeera.com/sitemaps/article-new/28-01-2026.xml
Al Jazeera,aljazeera.com,https://www.aljazeera.com/news/2026/1/28/israel-plans-rafah-sorting-camp-slammed-as-continuation-of-genocide,2026-01-28T12:02:53Z,2026-02-19T09:33:44+00:00,e0e9e82040db,aj_xml_sitemap,https://www.aljazeera.com/sitemaps/article-new/28-01-2026.xml
Al Jazeera,aljazeera.com,https://www.aljazeera.com/news/2026/1/28/israels-attacks-on-gaza-fertility-clinics-shatter-dreams-of-parenthood,2026-01-28T10:41:57Z,2026-02-19T09:33:44+00:00,eab54b0e1eb0,aj_xml_sitemap,https://www.aljazeera.com/sitemaps/article-new/28-01-2026.xml
Al Jazeera,aljazeera.com,https://www.aljazeera.com/news/2026/1/28/oxfam-refuses-to-provide-israel-with-details-of-staff-in-gaza,2026-01-28T17:10:05Z,2026-02-19T09:33:44+00:00,8df1be1cdb2b,aj_xml_sitemap,https://www.aljazeera.com/sitemaps/article-new/28-01-2026.xml
Al Jazeera,aljazeera.com,https://www.aljazeera.com/news/2026/1/27/gazas-unequal-dead-10000-palestinians-under-rubble-one-israeli-captive,2026-01-27T13:15:36Z,2026-02-19T09:33:45+00:00,e8b828b215bb,aj_xml_sitemap,https://www.aljazeera.com/sitemaps/article-new/27-01-2026.xml
Al Jazeera,aljazeera.com,https://www.aljazeera.com/news/2026/1/27/gravely-ill-pro-palestine-activist-ends-hunger-thirst-strike-in-prison,2026-01-27T20:02:30Z,2026-02-19T09:33:45+00:00,a810a9481e14,aj_xml_sitemap,https://www.aljazeera.com/sitemaps/article-new/27-01-2026.xml
Al Jazeera,aljazeera.com,https://www.aljazeera.com/news/2026/1/27/map-shows-what-would-happen-to-gaza-under-the-us-master-plan,2026-01-27T11:06:38Z,2026-02-19T09:33:45+00:00,a4a3915d7b7c,aj_xml_sitemap,https://www.aljazeera.com/sitemaps/article-new/27-01-2026.xml
Al Jazeera,aljazeera.com,https://www.aljazeera.com/news/2026/1/27/australia-cancels-visa-of-israeli-influencer-accused-of-spreading-hatred,2026-01-27T05:17:16Z,2026-02-19T09:33:45+00:00,c4243cdcd571,aj_xml_sitemap,https://www.aljazeera.com/sitemaps/article-new/27-01-2026.xml
Al Jazeera,aljazeera.com,https://www.aljazeera.com/news/2026/1/27/lives-on-hold-for-two-years-some-hope-stuck-behind-gazas-rafah-crossing,2026-01-27T07:27:44Z,2026-02-19T09:33:45+00:00,244bc60947fb,aj_xml_sitemap,https://www.aljazeera.com/sitemaps/article-new/27-01-2026.xml
Al Jazeera,aljazeera.com,https://www.aljazeera.com/news/2026/1/27/tv-presenter-killed-in-israeli-strike-in-southern-lebanon-hezbollah,2026-01-27T12:05:08Z,2026-02-19T09:33:45+00:00,1b76ee7d73a2,aj_xml_sitemap,https://www.aljazeera.com/sitemaps/article-new/27-01-2026.xml
Al Jazeera,aljazeera.com,https://www.aljazeera.com/news/2026/1/27/hamas-disarmament-in-gaza-comes-with-some-sort-of-amnesty-us-official,2026-01-27T01:25:25Z,2026-02-19T09:33:45+00:00,5d073f00e4c0,aj_xml_sitemap,https://www.aljazeera.com/sitemaps/article-new/27-01-2026.xml
Al Jazeera,aljazeera.com,https://www.aljazeera.com/news/2026/1/26/israeli-and-palestinian-captives-and-prisoners-a-timeline-of-key-events,2026-01-26T19:40:06Z,2026-02-19T09:33:46+00:00,70397c99123f,aj_xml_sitemap,https://www.aljazeera.com/sitemaps/article-new/26-01-2026.xml
Al Jazeera,aljazeera.com,https://www.aljazeera.com/news/2026/1/26/remains-of-last-israeli-captive-in-gaza-retrieved-says-israel,2026-01-26T20:07:00Z,2026-02-19T09:33:46+00:00,5764b872af1e,aj_xml_sitemap,https://www.aljazeera.com/sitemaps/article-new/26-01-2026.xml
Al Jazeera,aljazeera.com,https://www.aljazeera.com/news/2026/1/26/anger-as-msf-agrees-to-israels-unreasonable-demands-what-to-know,2026-01-27T19:25:36Z,2026-02-19T09:33:46+00:00,c77047ad3df1,aj_xml_sitemap,https://www.aljazeera.com/sitemaps/article-new/26-01-2026.xml
Al Jazeera,aljazeera.com,https://www.aljazeera.com/news/2026/1/26/syrian-army-kurdish-led-sdf-accuse-each-other-of-ceasefire-violations,2026-01-26T15:29:44Z,2026-02-19T09:33:46+00:00,ea8b23c5a3fc,aj_xml_sitemap,https://www.aljazeera.com/sitemaps/article-new/26-01-2026.xml
Al Jazeera,aljazeera.com,https://www.aljazeera.com/news/2026/1/26/lebanon-files-un-complaint-against-israels-daily-ceasefire-violations,2026-01-26T11:32:07Z,2026-02-19T09:33:46+00:00,bd0ffaf9a822,aj_xml_sitemap,https://www.aljazeera.com/sitemaps/article-new/26-01-2026.xml
Al Jazeera,aljazeera.com,https://www.aljazeera.com/news/2026/1/26/investigation-reveals-israeli-campaign-to-flatten-gaza-town-of-beit-hanoon,2026-01-26T06:02:12Z,2026-02-19T09:33:46+00:00,2e25bdd37d12,aj_xml_sitemap,https://www.aljazeera.com/sitemaps/article-new/26-01-2026.xml
Al Jazeera,aljazeera.com,https://www.aljazeera.com/news/2026/1/26/yellow-line-the-de-facto-israeli-buffer-zone-shaping-life-in-gaza,2026-01-26T05:11:18Z,2026-02-19T09:33:46+00:00,fa7563e2ea80,aj_xml_sitemap,https://www.aljazeera.com/sitemaps/article-new/26-01-2026.xml
Al Jazeera,aljazeera.com,https://www.aljazeera.com/news/2026/1/25/hamas-says-gave-israel-mediators-details-about-last-gaza-captives-remains,2026-01-26T05:10:56Z,2026-02-19T09:33:46+00:00,0dc1957650ea,aj_xml_sitemap,https://www.aljazeera.com/sitemaps/article-new/25-01-2026.xml
Al Jazeera,aljazeera.com,https://www.aljazeera.com/news/2026/1/25/israel-extends-ban-on-al-jazeeras-operations-by-90-days,2026-01-25T19:37:18Z,2026-02-19T09:33:46+00:00,011484951cee,aj_xml_sitemap,https://www.aljazeera.com/sitemaps/article-new/25-01-2026.xml
Al Jazeera,aljazeera.com,https://www.aljazeera.com/news/2026/1/25/us-envoys-meet-netanyahu-as-israel-continues-to-bomb-gaza,2026-01-25T19:58:52Z,2026-02-19T09:33:46+00:00,9f18ffcbfad0,aj_xml_sitemap,https://www.aljazeera.com/sitemaps/article-new/25-01-2026.xml
Al Jazeera,aljazeera.com,https://www.aljazeera.com/news/2026/1/25/wave-of-israeli-attacks-kills-two-in-lebanon-in-latest-ceasefire-violation,2026-01-25T15:13:39Z,2026-02-19T09:33:46+00:00,cd8b4bea67ad,aj_xml_sitemap,https://www.aljazeera.com/sitemaps/article-new/25-01-2026.xml
Al Jazeera,aljazeera.com,https://www.aljazeera.com/news/2026/1/25/dozens-arrested-in-support-of-palestine-hunger-strikers-at-london-prison,2026-01-25T13:47:08Z,2026-02-19T09:33:46+00:00,5f4bbed99e42,aj_xml_sitemap,https://www.aljazeera.com/sitemaps/article-new/25-01-2026.xml
Al Jazeera,aljazeera.com,https://www.aljazeera.com/news/2026/1/25/israeli-forces-kill-palestinian-man-in-occupied-west-bank-10,2026-01-26T07:57:17Z,2026-02-19T09:33:46+00:00,e567b44e342d,aj_xml_sitemap,https://www.aljazeera.com/sitemaps/article-new/25-01-2026.xml
Al Jazeera,aljazeera.com,https://www.aljazeera.com/news/2026/1/25/syrians-greet-extended-army-sdf-ceasefire-with-guarded-optimism,2026-01-26T05:57:03Z,2026-02-19T09:33:46+00:00,e9325a052bcd,aj_xml_sitemap,https://www.aljazeera.com/sitemaps/article-new/25-01-2026.xml
Al Jazeera,aljazeera.com,https://www.aljazeera.com/news/2026/1/24/ceasefire-between-syrian-army-and-kurdish-led-forces-extended-for-15-days,2026-01-25T05:43:25Z,2026-02-19T09:33:47+00:00,197f0fdc42ac,aj_xml_sitemap,https://www.aljazeera.com/sitemaps/article-new/24-01-2026.xml
Al Jazeera,aljazeera.com,https://www.aljazeera.com/news/2026/1/24/israeli-drone-strike-kills-two-children-collecting-firewood-in-gaza,2026-01-24T14:49:40Z,2026-02-19T09:33:47+00:00,8bc5b8691b58,aj_xml_sitemap,https://www.aljazeera.com/sitemaps/article-new/24-01-2026.xml
Al Jazeera,aljazeera.com,https://www.aljazeera.com/news/2026/1/24/as-ceasefire-deadline-looms-pressure-on-sdf-to-integrate-with-syrian-army,2026-01-24T19:05:25Z,2026-02-19T09:33:47+00:00,88f135624915,aj_xml_sitemap,https://www.aljazeera.com/sitemaps/article-new/24-01-2026.xml
Al Jazeera,aljazeera.com,https://www.aljazeera.com/news/2026/1/24/air-france-klm-pause-flights-to-middle-east-including-dubai-israel,2026-01-24T12:56:56Z,2026-02-19T09:33:47+00:00,892735b2edb5,aj_xml_sitemap,https://www.aljazeera.com/sitemaps/article-new/24-01-2026.xml
Al Jazeera,aljazeera.com,https://www.aljazeera.com/news/2026/1/24/turkiyes-fm-fidan-says-israel-looking-for-opportunity-to-attack-iran,2026-01-24T03:48:41Z,2026-02-19T09:33:47+00:00,b55cc3f97dad,aj_xml_sitemap,https://www.aljazeera.com/sitemaps/article-new/24-01-2026.xml
Al Jazeera,aljazeera.com,https://www.aljazeera.com/news/2026/1/23/imperial-agenda-whats-trumps-gaza-development-plan-unveiled-in-davos,2026-01-26T05:59:32Z,2026-02-19T09:33:47+00:00,6a980d34c8d2,aj_xml_sitemap,https://www.aljazeera.com/sitemaps/article-new/23-01-2026.xml
Al Jazeera,aljazeera.com,https://www.aljazeera.com/news/2026/1/23/anxiety-anger-and-hope-in-syrias-damascus-after-sdf-ceasefire,2026-01-23T11:17:51Z,2026-02-19T09:33:47+00:00,e2c44f3de43c,aj_xml_sitemap,https://www.aljazeera.com/sitemaps/article-new/23-01-2026.xml
Al Jazeera,aljazeera.com,https://www.aljazeera.com/news/2026/1/23/gaza-war-docudrama-the-voice-of-hind-rajab-nominated-for-academy-award,2026-01-23T08:14:55Z,2026-02-19T09:33:47+00:00,7974640b9a5d,aj_xml_sitemap,https://www.aljazeera.com/sitemaps/article-new/23-01-2026.xml
Al Jazeera,aljazeera.com,https://www.aljazeera.com/news/2026/1/23/feet-dragging-division-and-obstruction-what-israel-really-wants-for-gaza,2026-01-23T05:37:59Z,2026-02-19T09:33:47+00:00,2f1e48c265e4,aj_xml_sitemap,https://www.aljazeera.com/sitemaps/article-new/23-01-2026.xml
Al Jazeera,aljazeera.com,https://www.aljazeera.com/news/2026/1/23/australian-palestinian-lawyers-seek-police-probe-of-israeli-president,2026-01-23T04:50:15Z,2026-02-19T09:33:47+00:00,278e1fdd5ad0,aj_xml_sitemap,https://www.aljazeera.com/sitemaps/article-new/23-01-2026.xml
Al Jazeera,aljazeera.com,https://www.aljazeera.com/news/2026/1/22/us-envoy-meets-sdf-commander-calls-for-syria-ceasefire-to-be-upheld,2026-01-22T18:53:12Z,2026-02-19T09:33:48+00:00,fffe10c24d48,aj_xml_sitemap,https://www.aljazeera.com/sitemaps/article-new/22-01-2026.xml
Al Jazeera,aljazeera.com,https://www.aljazeera.com/news/2026/1/22/gazas-rafah-crossing-with-egypt-to-open-next-week-palestinian-official,2026-01-22T12:44:37Z,2026-02-19T09:33:48+00:00,2ebc60c017e6,aj_xml_sitemap,https://www.aljazeera.com/sitemaps/article-new/22-01-2026.xml
Al Jazeera,aljazeera.com,https://www.aljazeera.com/news/2026/1/22/pro-palestine-activist-on-hunger-strike-says-he-will-begin-refusing-water,2026-01-22T09:53:06Z,2026-02-19T09:33:48+00:00,b54d1acbdea8,aj_xml_sitemap,https://www.aljazeera.com/sitemaps/article-new/22-01-2026.xml
Al Jazeera,aljazeera.com,https://www.aljazeera.com/news/2026/1/22/israeli-minister-approves-gun-licences-for-18-illegal-west-bank-settlements,2026-01-22T08:06:34Z,2026-02-19T09:33:48+00:00,67f089e2bbdf,aj_xml_sitemap,https://www.aljazeera.com/sitemaps/article-new/22-01-2026.xml
Al Jazeera,aljazeera.com,https://www.aljazeera.com/news/2026/1/22/israel-bombs-four-syria-lebanon-border-crossings-kills-2-in-south-lebanon,2026-01-22T02:41:19Z,2026-02-19T09:33:48+00:00,9cc21f3a87d7,aj_xml_sitemap,https://www.aljazeera.com/sitemaps/article-new/22-01-2026.xml
Al Jazeera,aljazeera.com,https://www.aljazeera.com/news/2026/1/21/palestinians-deny-reports-israel-halted-refugee-football-pitch-demolition,2026-01-21T21:44:05Z,2026-02-19T09:33:49+00:00,d560aceb3b57,aj_xml_sitemap,https://www.aljazeera.com/sitemaps/article-new/21-01-2026.xml
Al Jazeera,aljazeera.com,https://www.aljazeera.com/news/2026/1/21/three-journalists-among-11-palestinians-killed-in-israels-attacks-on-gaza,2026-01-21T17:17:12Z,2026-02-19T09:33:49+00:00,6b71d0c5e667,aj_xml_sitemap,https://www.aljazeera.com/sitemaps/article-new/21-01-2026.xml
Al Jazeera,aljazeera.com,https://www.aljazeera.com/news/2026/1/21/barbaric-new-era-palestinians-un-slam-israeli-demolition-of-unrwa-hq,2026-01-21T11:54:18Z,2026-02-19T09:33:49+00:00,814cd406df9f,aj_xml_sitemap,https://www.aljazeera.com/sitemaps/article-new/21-01-2026.xml
Al Jazeera,aljazeera.com,https://www.aljazeera.com/news/2026/1/21/israels-netanyahu-to-join-board-of,2026-01-26T06:28:15Z,2026-02-19T09:33:49+00:00,1a95db2a168d,aj_xml_sitemap,https://www.aljazeera.com/sitemaps/article-new/21-01-2026.xml
Al Jazeera,aljazeera.com,https://www.aljazeera.com/news/2026/1/20/syrian-government-sdf-agree-on-a-four-day-ceasefire,2026-01-20T22:14:00Z,2026-02-19T09:33:50+00:00,0cdcf9c7c195,aj_xml_sitemap,https://www.aljazeera.com/sitemaps/article-new/20-01-2026.xml
Al Jazeera,aljazeera.com,https://www.aljazeera.com/news/2026/1/20/israeli-prisons-are-akin-to-torture-camps-israeli-rights-group-finds,2026-01-20T12:32:06Z,2026-02-19T09:33:50+00:00,19b6d43dfce7,aj_xml_sitemap,https://www.aljazeera.com/sitemaps/article-new/20-01-2026.xml
Al Jazeera,aljazeera.com,https://www.aljazeera.com/news/2026/1/20/israel-bulldozes-unrwa-buildings-in-occupied-east-jerusalem,2026-01-20T16:08:23Z,2026-02-19T09:33:50+00:00,8feeac688cf5,aj_xml_sitemap,https://www.aljazeera.com/sitemaps/article-new/20-01-2026.xml
Al Jazeera,aljazeera.com,https://www.aljazeera.com/news/2026/1/20/syria-sdf-ceasefire-hangs-in-balance-after-renewed-clashes-faltering-talks,2026-01-20T09:21:52Z,2026-02-19T09:33:50+00:00,8f50dc9552f6,aj_xml_sitemap,https://www.aljazeera.com/sitemaps/article-new/20-01-2026.xml
Al Jazeera,aljazeera.com,https://www.aljazeera.com/news/2026/1/20/gazas-phase-two-from-a-distance-why-hope-still-feels-out-of-reach,2026-01-20T09:28:02Z,2026-02-19T09:33:50+00:00,97914594ba19,aj_xml_sitemap,https://www.aljazeera.com/sitemaps/article-new/20-01-2026.xml
Al Jazeera,aljazeera.com,https://www.aljazeera.com/news/2026/1/19/trump-asks-putin-to-join-gaza-board-of-peace-even-as-ukraine-war-rages,2026-01-19T13:56:33Z,2026-02-19T09:33:51+00:00,fc764f4907f7,aj_xml_sitemap,https://www.aljazeera.com/sitemaps/article-new/19-01-2026.xml
Al Jazeera,aljazeera.com,https://www.aljazeera.com/news/2026/1/19/israel-launches-large-scale-military-raid-in-occupied-west-banks-hebron,2026-01-19T12:11:10Z,2026-02-19T09:33:51+00:00,62cfc3d1e0fd,aj_xml_sitemap,https://www.aljazeera.com/sitemaps/article-new/19-01-2026.xml
Al Jazeera,aljazeera.com,https://www.aljazeera.com/news/2026/1/19/new-storm-to-hit-gaza-piling-on-suffering-for-thousands-of-displaced,2026-01-19T09:22:36Z,2026-02-19T09:33:51+00:00,c75e16b96b29,aj_xml_sitemap,https://www.aljazeera.com/sitemaps/article-new/19-01-2026.xml
Al Jazeera,aljazeera.com,https://www.aljazeera.com/news/2026/1/19/syrias-president-al-sharaa-to-meet-sdf-leader-abdi-after-ceasefire-deal,2026-01-19T17:05:15Z,2026-02-19T09:33:51+00:00,e260c0483ee1,aj_xml_sitemap,https://www.aljazeera.com/sitemaps/article-new/19-01-2026.xml
Al Jazeera,aljazeera.com,https://www.aljazeera.com/news/2026/1/18/who-is-part-of-trumps-board-of-peace-for-gaza,2026-01-19T08:34:22Z,2026-02-19T09:33:52+00:00,afcb66f7dc80,aj_xml_sitemap,https://www.aljazeera.com/sitemaps/article-new/18-01-2026.xml
Al Jazeera,aljazeera.com,https://www.aljazeera.com/news/2026/1/18/syria-announces-ceasefire-agreement-with-kurd-led-sdf-after-heavy-fighting,2026-01-18T22:50:04Z,2026-02-19T09:33:52+00:00,d30e7208cb0b,aj_xml_sitemap,https://www.aljazeera.com/sitemaps/article-new/18-01-2026.xml
Al Jazeera,aljazeera.com,https://www.aljazeera.com/news/2026/1/18/israeli-attacks-wound-civilians-across-gaza-in-latest-ceasefire-violations,2026-01-18T12:11:39Z,2026-02-19T09:33:52+00:00,09cbea8216fc,aj_xml_sitemap,https://www.aljazeera.com/sitemaps/article-new/18-01-2026.xml
Al Jazeera,aljazeera.com,https://www.aljazeera.com/news/2026/1/18/jerusalem-patriarch-churches-say-christian-zionism-threatens-christianity,2026-01-18T08:51:16Z,2026-02-19T09:33:52+00:00,3a110177868a,aj_xml_sitemap,https://www.aljazeera.com/sitemaps/article-new/18-01-2026.xml
Al Jazeera,aljazeera.com,https://www.aljazeera.com/news/2026/1/18/us-backed-palestinian-committee-shares-mission-statement-on-gaza-governance,2026-01-18T05:00:45Z,2026-02-19T09:33:52+00:00,ece291030006,aj_xml_sitemap,https://www.aljazeera.com/sitemaps/article-new/18-01-2026.xml
Al Jazeera,aljazeera.com,https://www.aljazeera.com/news/2026/1/18/trumps-board-of-peace-appears-to-seek-wider-mandate-beyond-gaza,2026-01-18T11:39:09Z,2026-02-19T09:33:52+00:00,4010f96f1d4e,aj_xml_sitemap,https://www.aljazeera.com/sitemaps/article-new/18-01-2026.xml
Al Jazeera,aljazeera.com,https://www.aljazeera.com/news/2026/1/17/trump-asks-turkiyes-erdogan-egypts-el-sisi-to-join-gaza-board-of,2026-01-18T08:49:19Z,2026-02-19T09:33:52+00:00,c31732387e83,aj_xml_sitemap,https://www.aljazeera.com/sitemaps/article-new/17-01-2026.xml
Al Jazeera,aljazeera.com,https://www.aljazeera.com/news/2026/1/17/irans-khamenei-says-us-israel-links-behind-thousands-killed-in-protests,2026-01-18T09:29:06Z,2026-02-19T09:33:52+00:00,98be90b4f493,aj_xml_sitemap,https://www.aljazeera.com/sitemaps/article-new/17-01-2026.xml
Al Jazeera,aljazeera.com,https://www.aljazeera.com/news/2026/1/16/trump-names-tony-blair-jared-kushner-to-gaza-board-of-peace,2026-01-19T13:01:42Z,2026-02-19T09:33:53+00:00,980c57606184,aj_xml_sitemap,https://www.aljazeera.com/sitemaps/article-new/16-01-2026.xml
Al Jazeera,aljazeera.com,https://www.aljazeera.com/news/2026/1/16/more-killing-in-gaza-as-technocrats-meet-in-cairo-for-phase-2-of-peace-plan,2026-01-16T22:17:55Z,2026-02-19T09:33:53+00:00,137d6870b2e3,aj_xml_sitemap,https://www.aljazeera.com/sitemaps/article-new/16-01-2026.xml
Al Jazeera,aljazeera.com,https://www.aljazeera.com/news/2026/1/16/palestinian-child-shot-dead-by-israeli-troops-in-occupied-west-bank,2026-01-16T19:58:24Z,2026-02-19T09:33:53+00:00,15024bd1140c,aj_xml_sitemap,https://www.aljazeera.com/sitemaps/article-new/16-01-2026.xml
Al Jazeera,aljazeera.com,https://www.aljazeera.com/news/2026/1/16/five-pro-palestinian-activists-plead-not-guilty-over-uk-air-base-break-in,2026-01-16T17:15:30Z,2026-02-19T09:33:53+00:00,9588559e9fa8,aj_xml_sitemap,https://www.aljazeera.com/sitemaps/article-new/16-01-2026.xml
Al Jazeera,aljazeera.com,https://www.aljazeera.com/news/2026/1/16/israeli-strikes-kill-two-in-lebanon-un-forces-report-drone-attack,2026-01-16T14:22:20Z,2026-02-19T09:33:53+00:00,b2cc580aab45,aj_xml_sitemap,https://www.aljazeera.com/sitemaps/article-new/16-01-2026.xml
Al Jazeera,aljazeera.com,https://www.aljazeera.com/news/2026/1/16/prison-rights-elbits-loss-how-the-palestine-action-hunger-strike-won,2026-01-16T12:26:09Z,2026-02-19T09:33:53+00:00,2c45bb411a99,aj_xml_sitemap,https://www.aljazeera.com/sitemaps/article-new/16-01-2026.xml
Al Jazeera,aljazeera.com,https://www.aljazeera.com/news/2026/1/16/us-declares-phase-two-of-gaza-ceasefire-but-what-did-phase-one-deliver,2026-01-18T08:22:32Z,2026-02-19T09:33:53+00:00,571795bdd18f,aj_xml_sitemap,https://www.aljazeera.com/sitemaps/article-new/16-01-2026.xml
Al Jazeera,aljazeera.com,https://www.aljazeera.com/news/2026/1/16/easy-way-or-hard-trump-issues-new-demand-for-hamas-demilitarisation,2026-01-16T10:25:34Z,2026-02-19T09:33:53+00:00,822234bf9861,aj_xml_sitemap,https://www.aljazeera.com/sitemaps/article-new/16-01-2026.xml
Al Jazeera,aljazeera.com,https://www.aljazeera.com/news/2026/1/15/israel-kills-six-in-gaza-as-us-declares-phase-two-of-peace-plan-launched,2026-01-15T22:50:42Z,2026-02-19T09:33:54+00:00,c17f28fee525,aj_xml_sitemap,https://www.aljazeera.com/sitemaps/article-new/15-01-2026.xml
Al Jazeera,aljazeera.com,https://www.aljazeera.com/news/2026/1/15/us-court-hands-trump-victory-against-pro-palestine-activist-mahmoud-khalil,2026-01-15T20:44:22Z,2026-02-19T09:33:54+00:00,72d9a496cd26,aj_xml_sitemap,https://www.aljazeera.com/sitemaps/article-new/15-01-2026.xml
Al Jazeera,aljazeera.com,https://www.aljazeera.com/news/2026/1/15/israeli-military-attacks-village-in-lebanons-bekaa-valley,2026-01-15T19:21:30Z,2026-02-19T09:33:54+00:00,212217eefb1c,aj_xml_sitemap,https://www.aljazeera.com/sitemaps/article-new/15-01-2026.xml
Al Jazeera,aljazeera.com,https://www.aljazeera.com/news/2026/1/15/israel-carries-out-raids-and-demolitions-arrests-dozens-across-west-bank,2026-01-15T12:06:48Z,2026-02-19T09:33:54+00:00,080fc4ebd9fe,aj_xml_sitemap,https://www.aljazeera.com/sitemaps/article-new/15-01-2026.xml
Al Jazeera,aljazeera.com,https://www.aljazeera.com/news/2026/1/15/gaza-plan-phase-two-us-to-discuss-hamas-disarmament-israeli-withdrawal,2026-01-15T12:17:04Z,2026-02-19T09:33:54+00:00,f203d18b2348,aj_xml_sitemap,https://www.aljazeera.com/sitemaps/article-new/15-01-2026.xml
Al Jazeera,aljazeera.com,https://www.aljazeera.com/news/2026/1/15/australian-writers-festival-apologises-to-palestinian-author-after-boycott,2026-01-15T06:51:49Z,2026-02-19T09:33:54+00:00,26ee176bceb2,aj_xml_sitemap,https://www.aljazeera.com/sitemaps/article-new/15-01-2026.xml
Al Jazeera,aljazeera.com,https://www.aljazeera.com/news/2026/1/14/three-palestine-action-activists-end-uk-hunger-strike,2026-01-14T22:36:12Z,2026-02-19T09:33:55+00:00,5aa6223c5555,aj_xml_sitemap,https://www.aljazeera.com/sitemaps/article-new/14-01-2026.xml
Al Jazeera,aljazeera.com,https://www.aljazeera.com/news/2026/1/14/trump-envoy-announces-launch-of-second-phase-of-gaza-plan,2026-01-15T03:16:09Z,2026-02-19T09:33:55+00:00,d5dd5ce7b19a,aj_xml_sitemap,https://www.aljazeera.com/sitemaps/article-new/14-01-2026.xml
Al Jazeera,aljazeera.com,https://www.aljazeera.com/news/2026/1/14/palestinian-students-strike-as-israel-bans-access-to-west-bank-teachers,2026-01-14T12:00:53Z,2026-02-19T09:33:55+00:00,21f7501b3558,aj_xml_sitemap,https://www.aljazeera.com/sitemaps/article-new/14-01-2026.xml
Al Jazeera,aljazeera.com,https://www.aljazeera.com/news/2026/1/14/uns-albanese-israel-treats-storm-hit-palestinians-of-gaza-as,2026-01-14T09:36:51Z,2026-02-19T09:33:55+00:00,8c60cb234de2,aj_xml_sitemap,https://www.aljazeera.com/sitemaps/article-new/14-01-2026.xml
Al Jazeera,aljazeera.com,https://www.aljazeera.com/news/2026/1/14/far-right-pro-israel-group-betar-us-to-end-activity-in-new-york-ny-ag-says,2026-01-14T07:56:59Z,2026-02-19T09:33:55+00:00,4791045b029c,aj_xml_sitemap,https://www.aljazeera.com/sitemaps/article-new/14-01-2026.xml
Al Jazeera,aljazeera.com,https://www.aljazeera.com/news/2026/1/14/juliet-stevenson-on-gaza-im-disappointed-by-the-silence-in-my-industry,2026-01-14T08:39:24Z,2026-02-19T09:33:55+00:00,49d5daed9cab,aj_xml_sitemap,https://www.aljazeera.com/sitemaps/article-new/14-01-2026.xml
Al Jazeera,aljazeera.com,https://www.aljazeera.com/news/2026/1/13/un-chief-warns-he-could-refer-israel-to-icj-over-laws-targetting-unrwa,2026-01-13T23:04:11Z,2026-02-19T09:33:56+00:00,d8102a01f166,aj_xml_sitemap,https://www.aljazeera.com/sitemaps/article-new/13-01-2026.xml
Al Jazeera,aljazeera.com,https://www.aljazeera.com/news/2026/1/13/eight-dead-in-gaza-as-storm-brings-extreme-cold-collapses-buildings,2026-01-13T23:00:47Z,2026-02-19T09:33:56+00:00,e7e5d2732764,aj_xml_sitemap,https://www.aljazeera.com/sitemaps/article-new/13-01-2026.xml
Al Jazeera,aljazeera.com,https://www.aljazeera.com/news/2026/1/13/which-countries-made-the-biggest-deals-with-israel-in-2025,2026-01-13T10:42:53Z,2026-02-19T09:33:56+00:00,b14d781398af,aj_xml_sitemap,https://www.aljazeera.com/sitemaps/article-new/13-01-2026.xml
Al Jazeera,aljazeera.com,https://www.aljazeera.com/news/2026/1/13/alive-or-dead-gaza-families-trapped-in-information-void-about-relatives,2026-01-13T09:48:10Z,2026-02-19T09:33:56+00:00,1905187ff424,aj_xml_sitemap,https://www.aljazeera.com/sitemaps/article-new/13-01-2026.xml
Al Jazeera,aljazeera.com,https://www.aljazeera.com/news/2026/1/13/australian-writers-festival-boss-resigns-after-palestinian-author-axed,2026-01-13T07:40:58Z,2026-02-19T09:33:56+00:00,5aec7c86f2e3,aj_xml_sitemap,https://www.aljazeera.com/sitemaps/article-new/13-01-2026.xml
Al Jazeera,aljazeera.com,https://www.aljazeera.com/news/2026/1/12/writers-declare-solidarity-with-prisoners-on-hunger-strike-for-palestine,2026-01-12T14:50:26Z,2026-02-19T09:33:57+00:00,41e1fee015ca,aj_xml_sitemap,https://www.aljazeera.com/sitemaps/article-new/12-01-2026.xml
Al Jazeera,aljazeera.com,https://www.aljazeera.com/news/2026/1/12/israeli-quadcopter-kills-three-in-gazas-khan-younis-police-chief-slain,2026-01-12T14:48:19Z,2026-02-19T09:33:57+00:00,f5160637bd14,aj_xml_sitemap,https://www.aljazeera.com/sitemaps/article-new/12-01-2026.xml
Al Jazeera,aljazeera.com,https://www.aljazeera.com/news/2026/1/12/israel-advances-fatal-settlement-plan-for-occupied-east-jerusalem,2026-01-12T12:21:45Z,2026-02-19T09:33:57+00:00,3436f8226d9e,aj_xml_sitemap,https://www.aljazeera.com/sitemaps/article-new/12-01-2026.xml
Al Jazeera,aljazeera.com,https://www.aljazeera.com/news/2026/1/12/australia-festival-faces-mass-boycott-after-dropping-palestinian-author,2026-01-12T09:05:13Z,2026-02-19T09:33:57+00:00,93cb2b7e9cf6,aj_xml_sitemap,https://www.aljazeera.com/sitemaps/article-new/12-01-2026.xml
Al Jazeera,aljazeera.com,https://www.aljazeera.com/news/2026/1/11/israeli-forces-kill-one-person-in-series-of-attacks-on-southern-lebanon,2026-01-11T20:52:26Z,2026-02-19T09:33:58+00:00,8f64f38ba1a7,aj_xml_sitemap,https://www.aljazeera.com/sitemaps/article-new/11-01-2026.xml
Al Jazeera,aljazeera.com,https://www.aljazeera.com/news/2026/1/11/israel-kills-palestinian-in-hebron-raids-nablus-east-jerusalem-wedding,2026-01-15T08:41:56Z,2026-02-19T09:33:58+00:00,272699d4adf3,aj_xml_sitemap,https://www.aljazeera.com/sitemaps/article-new/11-01-2026.xml
Al Jazeera,aljazeera.com,https://www.aljazeera.com/news/2026/1/11/fourth-palestinian-baby-freezes-to-death-in-gaza-since-november,2026-01-11T14:19:02Z,2026-02-19T09:33:58+00:00,e3d012e843f7,aj_xml_sitemap,https://www.aljazeera.com/sitemaps/article-new/11-01-2026.xml
Al Jazeera,aljazeera.com,https://www.aljazeera.com/news/2026/1/11/at-least-three-palestinians-killed-in-overnight-israeli-attacks-on-gaza,2026-01-11T14:21:47Z,2026-02-19T09:33:58+00:00,d1bd385894ee,aj_xml_sitemap,https://www.aljazeera.com/sitemaps/article-new/11-01-2026.xml
Al Jazeera,aljazeera.com,https://www.aljazeera.com/news/2026/1/11/somali-minister-says-israel-plans-to-displace-palestinians-to-somaliland,2026-01-11T08:02:06Z,2026-02-19T09:33:58+00:00,0f54b14ad26b,aj_xml_sitemap,https://www.aljazeera.com/sitemaps/article-new/11-01-2026.xml
Al Jazeera,aljazeera.com,https://www.aljazeera.com/news/2026/1/10/drone-hits-aleppo-governorate-building-after-syrian-army-declares-ceasefire,2026-01-11T02:07:28Z,2026-02-19T09:33:58+00:00,f1256710c413,aj_xml_sitemap,https://www.aljazeera.com/sitemaps/article-new/10-01-2026.xml
Al Jazeera,aljazeera.com,https://www.aljazeera.com/news/2026/1/10/extreme-cold-kills-another-infant-in-gaza-as-israel-blocks-vital-aid,2026-01-10T20:39:44Z,2026-02-19T09:33:58+00:00,49e830dbe31e,aj_xml_sitemap,https://www.aljazeera.com/sitemaps/article-new/10-01-2026.xml
Al Jazeera,aljazeera.com,https://www.aljazeera.com/news/2026/1/9/us-to-support-cambodian-thai-ceasefire-with-45m-aid-pledge,2026-01-09T10:39:47Z,2026-02-19T09:33:59+00:00,c9e3cc2c4b02,aj_xml_sitemap,https://www.aljazeera.com/sitemaps/article-new/09-01-2026.xml
Al Jazeera,aljazeera.com,https://www.aljazeera.com/news/2026/1/9/somaliland-recognition-israels-foothold-in-the-horn-of-africa,2026-01-09T12:41:24Z,2026-02-19T09:33:59+00:00,9fc0ead7fdc9,aj_xml_sitemap,https://www.aljazeera.com/sitemaps/article-new/09-01-2026.xml
Al Jazeera,aljazeera.com,https://www.aljazeera.com/news/2026/1/9/is-the-eastern-mediterranean-becoming-israels-new-front-against-turkiye,2026-01-09T05:31:24Z,2026-02-19T09:33:59+00:00,a75f83fa4e07,aj_xml_sitemap,https://www.aljazeera.com/sitemaps/article-new/09-01-2026.xml
Al Jazeera,aljazeera.com,https://www.aljazeera.com/news/2026/1/9/we-just-sit-and-cry-gazas-cancer-patients-die-waiting-for-treatment,2026-01-09T05:29:21Z,2026-02-19T09:33:59+00:00,5496dab3fe70,aj_xml_sitemap,https://www.aljazeera.com/sitemaps/article-new/09-01-2026.xml
Al Jazeera,aljazeera.com,https://www.aljazeera.com/news/2026/1/8/israel-says-nickolay-mladenov-to-head-trumps-proposed-gaza-peace-board,2026-01-08T22:58:21Z,2026-02-19T09:34:00+00:00,69418c77ccd5,aj_xml_sitemap,https://www.aljazeera.com/sitemaps/article-new/08-01-2026.xml
Al Jazeera,aljazeera.com,https://www.aljazeera.com/news/2026/1/8/israeli-attack-on-gaza-tent-kills-at-least-three-palestinians,2026-01-09T02:04:15Z,2026-02-19T09:34:00+00:00,33c44b8c6efc,aj_xml_sitemap,https://www.aljazeera.com/sitemaps/article-new/08-01-2026.xml
Al Jazeera,aljazeera.com,https://www.aljazeera.com/news/2026/1/8/top-somaliland-official-defends-israel-ties-amid-arab-backlash,2026-01-08T10:28:15Z,2026-02-19T09:34:00+00:00,00369aba6bf9,aj_xml_sitemap,https://www.aljazeera.com/sitemaps/article-new/08-01-2026.xml
Al Jazeera,aljazeera.com,https://www.aljazeera.com/news/2026/1/8/palestine-action-hunger-strikers-near-death-intent-on-continuing-protests,2026-01-08T17:48:39Z,2026-02-19T09:34:00+00:00,630cc0fdfd43,aj_xml_sitemap,https://www.aljazeera.com/sitemaps/article-new/08-01-2026.xml
Al Jazeera,aljazeera.com,https://www.aljazeera.com/news/2026/1/7/israel-asphyxiating-palestinians-for-apartheid-system-in-west-bank-un,2026-01-08T15:02:48Z,2026-02-19T09:34:01+00:00,d5f72df69d4f,aj_xml_sitemap,https://www.aljazeera.com/sitemaps/article-new/07-01-2026.xml
Al Jazeera,aljazeera.com,https://www.aljazeera.com/news/2026/1/7/gaza-babies-suffering-from-severe-cold-as-israel-keeps-blocking-aid-msf,2026-01-07T19:34:42Z,2026-02-19T09:34:01+00:00,0deba932b641,aj_xml_sitemap,https://www.aljazeera.com/sitemaps/article-new/07-01-2026.xml
Al Jazeera,aljazeera.com,https://www.aljazeera.com/news/2026/1/7/ultra-orthodox-fury-over-military-enlistment-turns-deadly-in-israel,2026-01-07T19:02:02Z,2026-02-19T09:34:01+00:00,23ecd678f8e9,aj_xml_sitemap,https://www.aljazeera.com/sitemaps/article-new/07-01-2026.xml
Al Jazeera,aljazeera.com,https://www.aljazeera.com/news/2026/1/7/everything-you-need-to-know-about-the-syria-israel-deal-in-paris,2026-01-07T15:02:40Z,2026-02-19T09:34:01+00:00,e2a3b9ce9fae,aj_xml_sitemap,https://www.aljazeera.com/sitemaps/article-new/07-01-2026.xml
Al Jazeera,aljazeera.com,https://www.aljazeera.com/news/2026/1/7/media-body-condemns-israels-continued-ban-on-foreign-media-access-to-gaza,2026-01-07T08:45:13Z,2026-02-19T09:34:01+00:00,5aa5ca2639db,aj_xml_sitemap,https://www.aljazeera.com/sitemaps/article-new/07-01-2026.xml
Al Jazeera,aljazeera.com,https://www.aljazeera.com/news/2026/1/7/israeli-forces-kill-two-in-lebanon-ahead-of-truce-monitors-meeting,2026-01-07T03:34:17Z,2026-02-19T09:34:01+00:00,93b4454345c0,aj_xml_sitemap,https://www.aljazeera.com/sitemaps/article-new/07-01-2026.xml
Al Jazeera,aljazeera.com,https://www.aljazeera.com/news/2026/1/6/israel-syria-agree-to-dedicated-communication-line-in-us-brokered-talks,2026-01-06T20:39:21Z,2026-02-19T09:34:02+00:00,f8ee22d03d8e,aj_xml_sitemap,https://www.aljazeera.com/sitemaps/article-new/06-01-2026.xml
Al Jazeera,aljazeera.com,https://www.aljazeera.com/news/2026/1/6/israeli-forces-injure-11-palestinian-in-university-raid-in-ramallah,2026-01-07T11:43:06Z,2026-02-19T09:34:02+00:00,c15373821232,aj_xml_sitemap,https://www.aljazeera.com/sitemaps/article-new/06-01-2026.xml
Al Jazeera,aljazeera.com,https://www.aljazeera.com/news/2026/1/6/israeli-fm-visits-somaliland-after-world-first-recognition-storm,2026-01-06T17:05:53Z,2026-02-19T09:34:02+00:00,3493a21b520b,aj_xml_sitemap,https://www.aljazeera.com/sitemaps/article-new/06-01-2026.xml
Al Jazeera,aljazeera.com,https://www.aljazeera.com/news/2026/1/6/qatar-says-its-engaged-with-mediators-to-reopen-rafah-crossing-into-gaza,2026-01-06T14:44:38Z,2026-02-19T09:34:02+00:00,a9982019e1e8,aj_xml_sitemap,https://www.aljazeera.com/sitemaps/article-new/06-01-2026.xml
Al Jazeera,aljazeera.com,https://www.aljazeera.com/news/2026/1/6/economic-survival-in-gaza-decimated-by-israeli-counts-on-small-initiatives,2026-01-06T10:45:37Z,2026-02-19T09:34:02+00:00,4ddbd85fe65e,aj_xml_sitemap,https://www.aljazeera.com/sitemaps/article-new/06-01-2026.xml
Al Jazeera,aljazeera.com,https://www.aljazeera.com/news/2026/1/6/gaza-children-risk-snipers-to-attend-tent-schools,2026-01-06T11:20:24Z,2026-02-19T09:34:02+00:00,863bc0439639,aj_xml_sitemap,https://www.aljazeera.com/sitemaps/article-new/06-01-2026.xml
Al Jazeera,aljazeera.com,https://www.aljazeera.com/news/2026/1/6/israeli-army-vehicles-enter-quneitra-countryside-village-in-southern-syria,2026-01-08T07:35:50Z,2026-02-19T09:34:02+00:00,18f6689ca0ae,aj_xml_sitemap,https://www.aljazeera.com/sitemaps/article-new/06-01-2026.xml
Al Jazeera,aljazeera.com,https://www.aljazeera.com/news/2026/1/6/israel-kills-two-in-gaza-as-palestinians-call-for-rafah-crossing-to-open,2026-01-06T04:54:07Z,2026-02-19T09:34:02+00:00,74931de38241,aj_xml_sitemap,https://www.aljazeera.com/sitemaps/article-new/06-01-2026.xml
Al Jazeera,aljazeera.com,https://www.aljazeera.com/news/2026/1/5/israel-bombs-southern-lebanon-saying-it-targeted-hezbollah-and-hamas,2026-01-05T18:30:59Z,2026-02-19T09:34:03+00:00,57cf3e08f816,aj_xml_sitemap,https://www.aljazeera.com/sitemaps/article-new/05-01-2026.xml
Al Jazeera,aljazeera.com,https://www.aljazeera.com/news/2026/1/5/gaza-phd-scholar-is-now-baker-to-feed-family-others-amid-israels-war,2026-01-05T13:09:25Z,2026-02-19T09:34:03+00:00,adf41abbbb76,aj_xml_sitemap,https://www.aljazeera.com/sitemaps/article-new/05-01-2026.xml
Al Jazeera,aljazeera.com,https://www.aljazeera.com/news/2026/1/5/syrian-delegation-meets-israelis-in-paris-amid-sovereignty-breaches,2026-01-05T13:50:06Z,2026-02-19T09:34:03+00:00,ae26ff1a5950,aj_xml_sitemap,https://www.aljazeera.com/sitemaps/article-new/05-01-2026.xml
Al Jazeera,aljazeera.com,https://www.aljazeera.com/news/2026/1/5/israel-extends-gaza-occupation-beyond-yellow-line-in-north-bombs-south,2026-01-05T10:48:15Z,2026-02-19T09:34:03+00:00,880fce44dbc7,aj_xml_sitemap,https://www.aljazeera.com/sitemaps/article-new/05-01-2026.xml
Al Jazeera,aljazeera.com,https://www.aljazeera.com/news/2026/1/4/israel-launches-deadly-strikes-in-gaza-in-new-ceasefire-violations,2026-01-04T22:37:05Z,2026-02-19T09:34:04+00:00,4cf1b836de09,aj_xml_sitemap,https://www.aljazeera.com/sitemaps/article-new/04-01-2026.xml
Al Jazeera,aljazeera.com,https://www.aljazeera.com/news/2026/1/4/israel-kills-two-people-in-new-attack-on-southern-lebanon,2026-01-04T22:33:49Z,2026-02-19T09:34:04+00:00,2b54aa35ae24,aj_xml_sitemap,https://www.aljazeera.com/sitemaps/article-new/04-01-2026.xml
Al Jazeera,aljazeera.com,https://www.aljazeera.com/news/2026/1/4/poverty-unemployment-skyrocket-in-the-gaza-strip-after-israels-war,2026-01-04T07:10:03Z,2026-02-19T09:34:04+00:00,1cff417b0b83,aj_xml_sitemap,https://www.aljazeera.com/sitemaps/article-new/04-01-2026.xml
Al Jazeera,aljazeera.com,https://www.aljazeera.com/news/2026/1/3/severe-weather-in-gaza-hits-vulnerable-and-wounded-most-in-israels-war,2026-01-03T10:37:51Z,2026-02-19T09:34:05+00:00,57290698060a,aj_xml_sitemap,https://www.aljazeera.com/sitemaps/article-new/03-01-2026.xml
Al Jazeera,aljazeera.com,https://www.aljazeera.com/news/2026/1/3/un-chief-guterres-calls-on-israel-to-reverse-ngo-ban-in-gaza-west-bank,2026-01-03T01:06:37Z,2026-02-19T09:34:05+00:00,9dfaffdce5eb,aj_xml_sitemap,https://www.aljazeera.com/sitemaps/article-new/03-01-2026.xml
Al Jazeera,aljazeera.com,https://www.aljazeera.com/news/2026/1/2/palestine-advocates-praise-nycs-mamdani-for-revoking-pro-israel-decrees,2026-01-02T21:59:47Z,2026-02-19T09:34:06+00:00,04c363bec80f,aj_xml_sitemap,https://www.aljazeera.com/sitemaps/article-new/02-01-2026.xml
Al Jazeera,aljazeera.com,https://www.aljazeera.com/news/2026/1/2/countries-demand-israel-lift-gaza-aid-restrictions-as-palestinians-suffer,2026-01-02T20:53:59Z,2026-02-19T09:34:06+00:00,c05d2736ba60,aj_xml_sitemap,https://www.aljazeera.com/sitemaps/article-new/02-01-2026.xml
Al Jazeera,aljazeera.com,https://www.aljazeera.com/news/2026/1/1/israeli-army-kills-palestinian-child-in-gaza-as-aid-crisis-deepens,2026-01-01T22:44:13Z,2026-02-19T09:34:06+00:00,cd204ad770f7,aj_xml_sitemap,https://www.aljazeera.com/sitemaps/article-new/01-01-2026.xml
Al Jazeera,aljazeera.com,https://www.aljazeera.com/news/2026/1/1/israel-faces-widespread-condemnation-as-ngo-ban-comes-into-effect,2026-01-01T17:25:38Z,2026-02-19T09:34:06+00:00,13132e32951e,aj_xml_sitemap,https://www.aljazeera.com/sitemaps/article-new/01-01-2026.xml
Al Jazeera,aljazeera.com,https://www.aljazeera.com/news/2026/1/1/who-are-the-palestine-action-hunger-strikers,2026-01-01T13:25:47Z,2026-02-19T09:34:06+00:00,b5c7593faa92,aj_xml_sitemap,https://www.aljazeera.com/sitemaps/article-new/01-01-2026.xml
Al Jazeera,aljazeera.com,https://www.aljazeera.com/news/2026/1/1/somaliland-denies-agreeing-to-host-israeli-bases-resettle-palestinians,2026-01-01T13:17:08Z,2026-02-19T09:34:06+00:00,7f57050eb895,aj_xml_sitemap,https://www.aljazeera.com/sitemaps/article-new/01-01-2026.xml
Al Jazeera,aljazeera.com,https://www.aljazeera.com/news/2026/1/1/hundreds-of-thousands-march-in-istanbul-in-solidarity-with-gaza,2026-01-01T12:17:27Z,2026-02-19T09:34:06+00:00,4f3ceb50d11c,aj_xml_sitemap,https://www.aljazeera.com/sitemaps/article-new/01-01-2026.xml
Al Jazeera,aljazeera.com,https://www.aljazeera.com/news/2026/1/1/israel-looking-to-reopen-rafah-crossing-after-us-pressure-israeli-media,2026-01-01T11:14:34Z,2026-02-19T09:34:06+00:00,4d0b8c6c4d20,aj_xml_sitemap,https://www.aljazeera.com/sitemaps/article-new/01-01-2026.xml
Al Jazeera,aljazeera.com,https://www.aljazeera.com/news/2026/1/1/israel-escalates-west-bank-demolitions-amid-illegal-settlement-expansion,2026-01-01T11:02:21Z,2026-02-19T09:34:06+00:00,9e6c4204b515,aj_xml_sitemap,https://www.aljazeera.com/sitemaps/article-new/01-01-2026.xml
Al Jazeera,aljazeera.com,https://www.aljazeera.com/news/2026/1/1/palestine-was-the-deadliest-place-to-be-a-journalist-in-2025-media-union,2026-01-01T07:29:58Z,2026-02-19T09:34:06+00:00,0eb6d097a519,aj_xml_sitemap,https://www.aljazeera.com/sitemaps/article-new/01-01-2026.xml
Al Jazeera,aljazeera.com,https://www.aljazeera.com/news/2025/12/31/palestinians-in-gaza-say-lives-will-be-destroyed-by-israels-ngo-ban,2026-01-01T03:02:45Z,2026-02-19T09:34:08+00:00,2b406dfc12bf,aj_xml_sitemap,https://www.aljazeera.com/sitemaps/article-archive/2025/12.xml
Al Jazeera,aljazeera.com,https://www.aljazeera.com/news/2025/12/31/hezbollah-weapons-deadline-whats-next-for-lebanon-amid-israeli-strikes,2025-12-31T19:40:44Z,2026-02-19T09:34:08+00:00,a9a4b2239041,aj_xml_sitemap,https://www.aljazeera.com/sitemaps/article-archive/2025/12.xml
Al Jazeera,aljazeera.com,https://www.aljazeera.com/news/2025/12/31/four-reasons-why-benjamin-netanyahu-may-not-want-a-gaza-ceasefire-to-hold,2025-12-31T16:40:16Z,2026-02-19T09:34:08+00:00,af9a57410564,aj_xml_sitemap,https://www.aljazeera.com/sitemaps/article-archive/2025/12.xml
Al Jazeera,aljazeera.com,https://www.aljazeera.com/news/2025/12/31/which-aid-groups-is-israel-banning-from-gaza-now-and-what-will-it-mean,2025-12-31T12:28:16Z,2026-02-19T09:34:08+00:00,22a0a5e09629,aj_xml_sitemap,https://www.aljazeera.com/sitemaps/article-archive/2025/12.xml
Al Jazeera,aljazeera.com,https://www.aljazeera.com/news/2025/12/31/thailand-releases-18-cambodian-soldiers-as-ceasefire-holds,2025-12-31T10:43:34Z,2026-02-19T09:34:08+00:00,6758de542232,aj_xml_sitemap,https://www.aljazeera.com/sitemaps/article-archive/2025/12.xml
Al Jazeera,aljazeera.com,https://www.aljazeera.com/news/2025/12/31/israels-recognition-of-somaliland-strange-unexpected-somali-president,2025-12-31T15:38:01Z,2026-02-19T09:34:08+00:00,2d0e130dba19,aj_xml_sitemap,https://www.aljazeera.com/sitemaps/article-archive/2025/12.xml
Al Jazeera,aljazeera.com,https://www.aljazeera.com/news/2025/12/30/trkiyes-erdogan-calls-israels-somaliland-recognition-unacceptable,2025-12-30T21:49:20Z,2026-02-19T09:34:08+00:00,b0a89b10a78a,aj_xml_sitemap,https://www.aljazeera.com/sitemaps/article-archive/2025/12.xml
Al Jazeera,aljazeera.com,https://www.aljazeera.com/news/2025/12/30/israel-says-it-will-halt-operations-of-several-ngos-in-gaza,2025-12-30T23:59:43Z,2026-02-19T09:34:08+00:00,3dd7070b076e,aj_xml_sitemap,https://www.aljazeera.com/sitemaps/article-archive/2025/12.xml
Al Jazeera,aljazeera.com,https://www.aljazeera.com/news/2025/12/30/somalis-rally-against-israels-world-first-recognition-of-somaliland,2026-01-15T08:16:02Z,2026-02-19T09:34:08+00:00,5b64c23bec6a,aj_xml_sitemap,https://www.aljazeera.com/sitemaps/article-archive/2025/12.xml
Al Jazeera,aljazeera.com,https://www.aljazeera.com/news/2025/12/30/israeli-strikes-on-gaza-are-relentless-as-displaced-endure-flooded-camps,2025-12-30T10:34:42Z,2026-02-19T09:34:08+00:00,bf224a532776,aj_xml_sitemap,https://www.aljazeera.com/sitemaps/article-archive/2025/12.xml
Al Jazeera,aljazeera.com,https://www.aljazeera.com/news/2025/12/30/un-security-council-members-condemn-israels-recognition-of-somaliland,2025-12-30T03:31:44Z,2026-02-19T09:34:08+00:00,122bd8141dbc,aj_xml_sitemap,https://www.aljazeera.com/sitemaps/article-archive/2025/12.xml
Al Jazeera,aljazeera.com,https://www.aljazeera.com/news/2025/12/29/somalia-slams-israels-somaliland-recognition-as-threat-to-global-peace,2025-12-29T23:04:26Z,2026-02-19T09:34:08+00:00,81b26ee81fb5,aj_xml_sitemap,https://www.aljazeera.com/sitemaps/article-archive/2025/12.xml
Al Jazeera,aljazeera.com,https://www.aljazeera.com/news/2025/12/29/pro-palestine-activists-target-uk-labour-offices-over-hunger-strikers,2025-12-29T22:15:13Z,2026-02-19T09:34:08+00:00,5711795223b1,aj_xml_sitemap,https://www.aljazeera.com/sitemaps/article-archive/2025/12.xml
Al Jazeera,aljazeera.com,https://www.aljazeera.com/news/2025/12/29/thailand-cambodia-agree-to-build-on-ceasefire-in-talks-in-chinas-yunnan,2025-12-29T14:44:35Z,2026-02-19T09:34:08+00:00,9fe4c104088e,aj_xml_sitemap,https://www.aljazeera.com/sitemaps/article-archive/2025/12.xml
Al Jazeera,aljazeera.com,https://www.aljazeera.com/news/2025/12/29/hamas-armed-wing-confirms-deaths-of-figures-israel-earlier-said-it-killed-2,2025-12-29T16:14:23Z,2026-02-19T09:34:08+00:00,3a674cd03ce5,aj_xml_sitemap,https://www.aljazeera.com/sitemaps/article-archive/2025/12.xml
Al Jazeera,aljazeera.com,https://www.aljazeera.com/news/2025/12/29/tents-flooded-by-heavy-rains-in-gaza-amid-calls-for-israel-to-let-in-aid,2025-12-29T13:00:23Z,2026-02-19T09:34:08+00:00,f02afa38ec4e,aj_xml_sitemap,https://www.aljazeera.com/sitemaps/article-archive/2025/12.xml
Al Jazeera,aljazeera.com,https://www.aljazeera.com/news/2025/12/28/any-israeli-presence-in-somaliland-will-be-a-target-houthi-leader,2025-12-28T23:11:26Z,2026-02-19T09:34:08+00:00,36347186b46b,aj_xml_sitemap,https://www.aljazeera.com/sitemaps/article-archive/2025/12.xml
Al Jazeera,aljazeera.com,https://www.aljazeera.com/news/2025/12/28/gaza-storm-kills-palestinian-woman-as-israeli-curbs-on-aid-compound-misery,2025-12-28T13:20:21Z,2026-02-19T09:34:08+00:00,48cb651a94e5,aj_xml_sitemap,https://www.aljazeera.com/sitemaps/article-archive/2025/12.xml
Al Jazeera,aljazeera.com,https://www.aljazeera.com/news/2025/12/28/somalia-condemns-israels-recognition-of-somaliland-as-naked-invasion,2026-01-14T22:20:13Z,2026-02-19T09:34:08+00:00,a2213d00fef1,aj_xml_sitemap,https://www.aljazeera.com/sitemaps/article-archive/2025/12.xml
Al Jazeera,aljazeera.com,https://www.aljazeera.com/news/2025/12/28/israel-kills-over-700-relatives-of-palestinian-journalists-in-gaza-report,2025-12-28T10:00:07Z,2026-02-19T09:34:08+00:00,82e67f048352,aj_xml_sitemap,https://www.aljazeera.com/sitemaps/article-archive/2025/12.xml
Al Jazeera,aljazeera.com,https://www.aljazeera.com/news/2025/12/27/palestinians-suffer-flooded-tents-and-debris-as-cold-and-rain-lash-gaza,2025-12-27T22:55:23Z,2026-02-19T09:34:08+00:00,1af12564f962,aj_xml_sitemap,https://www.aljazeera.com/sitemaps/article-archive/2025/12.xml
Al Jazeera,aljazeera.com,https://www.aljazeera.com/news/2025/12/27/iran-president-says-us-israel-europe-waging-full-fledged-war-on-country,2025-12-28T03:27:44Z,2026-02-19T09:34:08+00:00,42a0c79ff576,aj_xml_sitemap,https://www.aljazeera.com/sitemaps/article-archive/2025/12.xml
Al Jazeera,aljazeera.com,https://www.aljazeera.com/news/2025/12/27/israels-recognition-of-somaliland-slammed-across-world-capitals,2025-12-27T21:54:06Z,2026-02-19T09:34:08+00:00,1f63b366ccfd,aj_xml_sitemap,https://www.aljazeera.com/sitemaps/article-archive/2025/12.xml
Al Jazeera,aljazeera.com,https://www.aljazeera.com/news/2025/12/27/israeli-forces-take-over-homes-impose-curfew-on-west-banks-qabatiya,2025-12-27T19:13:21Z,2026-02-19T09:34:08+00:00,39f86f37d1eb,aj_xml_sitemap,https://www.aljazeera.com/sitemaps/article-archive/2025/12.xml
Al Jazeera,aljazeera.com,https://www.aljazeera.com/news/2025/12/27/a-year-on-israel-still-holds-gaza-doctor-hussam-abu-safia-without-charge,2025-12-27T13:01:57Z,2026-02-19T09:34:08+00:00,9bdc0103c514,aj_xml_sitemap,https://www.aljazeera.com/sitemaps/article-archive/2025/12.xml
Al Jazeera,aljazeera.com,https://www.aljazeera.com/news/2025/12/27/state-aggression-somalia-demands-israel-withdraw-somaliland-recognition,2025-12-27T11:12:57Z,2026-02-19T09:34:08+00:00,f1e30db49631,aj_xml_sitemap,https://www.aljazeera.com/sitemaps/article-archive/2025/12.xml
Al Jazeera,aljazeera.com,https://www.aljazeera.com/news/2025/12/27/un-renews-sudan-ceasefire-appeal-over-unimaginable-suffering-of-civilians,2026-01-14T22:16:30Z,2026-02-19T09:34:08+00:00,81f9998c424b,aj_xml_sitemap,https://www.aljazeera.com/sitemaps/article-archive/2025/12.xml
Al Jazeera,aljazeera.com,https://www.aljazeera.com/news/2025/12/27/thailand-and-cambodia-agree-on-ceasefire-cambodia-defence-ministry-says,2025-12-27T18:30:55Z,2026-02-19T09:34:08+00:00,3c49ae14d098,aj_xml_sitemap,https://www.aljazeera.com/sitemaps/article-archive/2025/12.xml
Al Jazeera,aljazeera.com,https://www.aljazeera.com/news/2025/12/26/israeli-forces-kill-palestinian-in-gaza-carry-out-raids-across-west-bank,2025-12-26T23:03:18Z,2026-02-19T09:34:08+00:00,a97d6035b681,aj_xml_sitemap,https://www.aljazeera.com/sitemaps/article-archive/2025/12.xml
Al Jazeera,aljazeera.com,https://www.aljazeera.com/news/2025/12/26/israel-attacks-press-as-silencing-policy-palestinian-journalists-union,2025-12-26T21:30:42Z,2026-02-19T09:34:08+00:00,0bfc4eee3cd5,aj_xml_sitemap,https://www.aljazeera.com/sitemaps/article-archive/2025/12.xml
Al Jazeera,aljazeera.com,https://www.aljazeera.com/news/2025/12/26/israel-becomes-first-country-to-recognise-somaliland,2026-01-14T22:16:06Z,2026-02-19T09:34:08+00:00,1be8cc7f4b03,aj_xml_sitemap,https://www.aljazeera.com/sitemaps/article-archive/2025/12.xml
Al Jazeera,aljazeera.com,https://www.aljazeera.com/news/2025/12/26/two-people-dead-in-stabbing-car-ramming-attack-in-israel,2025-12-26T23:25:59Z,2026-02-19T09:34:08+00:00,d3eeffd61527,aj_xml_sitemap,https://www.aljazeera.com/sitemaps/article-archive/2025/12.xml
Al Jazeera,aljazeera.com,https://www.aljazeera.com/news/2025/12/26/trump-could-unveil-gaza-peace-council-government-soon-israeli-media,2025-12-26T12:05:12Z,2026-02-19T09:34:08+00:00,7fee9b8b6ac4,aj_xml_sitemap,https://www.aljazeera.com/sitemaps/article-archive/2025/12.xml
Al Jazeera,aljazeera.com,https://www.aljazeera.com/news/2025/12/26/palestinian-doctors-graduate-in-ruins-of-gazas-destroyed-al-shifa-hospital,2026-01-14T22:11:54Z,2026-02-19T09:34:08+00:00,82db49d4f8d5,aj_xml_sitemap,https://www.aljazeera.com/sitemaps/article-archive/2025/12.xml
Al Jazeera,aljazeera.com,https://www.aljazeera.com/news/2025/12/25/infant-among-palestinians-wounded-in-attacks-by-israeli-settlers-soldiers,2025-12-25T17:23:10Z,2026-02-19T09:34:08+00:00,8b486d32b958,aj_xml_sitemap,https://www.aljazeera.com/sitemaps/article-archive/2025/12.xml
Al Jazeera,aljazeera.com,https://www.aljazeera.com/news/2025/12/25/palestinian-actor-and-filmmaker-mohammad-bakri-dies-at-72,2026-01-14T22:10:55Z,2026-02-19T09:34:08+00:00,0a3a73872d5e,aj_xml_sitemap,https://www.aljazeera.com/sitemaps/article-archive/2025/12.xml
Al Jazeera,aljazeera.com,https://www.aljazeera.com/news/2025/12/25/palestine-action-prison-hunger-strikes-that-shaped-history,2025-12-25T14:43:33Z,2026-02-19T09:34:08+00:00,e052982dc1de,aj_xml_sitemap,https://www.aljazeera.com/sitemaps/article-archive/2025/12.xml
Al Jazeera,aljazeera.com,https://www.aljazeera.com/news/2025/12/25/pope-leo-laments-suffering-of-gaza-palestinians-in-first-christmas-sermon,2025-12-25T11:24:45Z,2026-02-19T09:34:08+00:00,9607c03c6f20,aj_xml_sitemap,https://www.aljazeera.com/sitemaps/article-archive/2025/12.xml
Al Jazeera,aljazeera.com,https://www.aljazeera.com/news/2025/12/25/two-killed-in-israeli-drone-attack-in-eastern-lebanon,2025-12-25T15:52:41Z,2026-02-19T09:34:08+00:00,a0677c2d8bc6,aj_xml_sitemap,https://www.aljazeera.com/sitemaps/article-archive/2025/12.xml
Al Jazeera,aljazeera.com,https://www.aljazeera.com/news/2025/12/25/first-christmas-in-gaza-in-two-years-a-story-of-hope-and-survival,2025-12-25T10:34:14Z,2026-02-19T09:34:08+00:00,d4e8d1b361dd,aj_xml_sitemap,https://www.aljazeera.com/sitemaps/article-archive/2025/12.xml
Al Jazeera,aljazeera.com,https://www.aljazeera.com/news/2025/12/25/christmas-under-occupation-israeli-attacks-against-palestinian-christians,2025-12-25T05:54:30Z,2026-02-19T09:34:08+00:00,2f54ba9cb89c,aj_xml_sitemap,https://www.aljazeera.com/sitemaps/article-archive/2025/12.xml
Al Jazeera,aljazeera.com,https://www.aljazeera.com/news/2025/12/25/european-nations-canada-decry-israels-new-illegal-west-bank-settlements,2025-12-25T08:09:13Z,2026-02-19T09:34:08+00:00,fe32c45cc7c2,aj_xml_sitemap,https://www.aljazeera.com/sitemaps/article-archive/2025/12.xml
Al Jazeera,aljazeera.com,https://www.aljazeera.com/news/2025/12/24/israeli-forces-kill-wound-palestinians-as-netanyahu-issues-hamas-threat,2025-12-24T21:00:47Z,2026-02-19T09:34:08+00:00,285ad0e1536e,aj_xml_sitemap,https://www.aljazeera.com/sitemaps/article-archive/2025/12.xml
Al Jazeera,aljazeera.com,https://www.aljazeera.com/news/2025/12/24/christmas-joy-returns-to-bethlehem-amid-israeli-raids-across-west-bank,2025-12-24T19:55:50Z,2026-02-19T09:34:08+00:00,325008b82091,aj_xml_sitemap,https://www.aljazeera.com/sitemaps/article-archive/2025/12.xml
Al Jazeera,aljazeera.com,https://www.aljazeera.com/news/2025/12/24/four-palestine-action-hunger-strikers-vow-to-continue-as-two-pause-protest,2025-12-24T15:03:58Z,2026-02-19T09:34:08+00:00,93665ee65941,aj_xml_sitemap,https://www.aljazeera.com/sitemaps/article-archive/2025/12.xml
Al Jazeera,aljazeera.com,https://www.aljazeera.com/news/2025/12/23/belgium-joins-south-africas-genocide-case-against-israel-at-icj,2025-12-23T21:11:38Z,2026-02-19T09:34:08+00:00,aa40fb7e7649,aj_xml_sitemap,https://www.aljazeera.com/sitemaps/article-archive/2025/12.xml
Al Jazeera,aljazeera.com,https://www.aljazeera.com/news/2025/12/23/is-israels-government-waging-war-on-al-jazeera-and-the-media,2025-12-23T18:25:08Z,2026-02-19T09:34:08+00:00,de5e6288c7d8,aj_xml_sitemap,https://www.aljazeera.com/sitemaps/article-archive/2025/12.xml
Al Jazeera,aljazeera.com,https://www.aljazeera.com/news/2025/12/23/uk-police-drop-probe-into-bob-vylans-chants-about-israeli-military,2025-12-24T12:21:47Z,2026-02-19T09:34:08+00:00,cf90c4af9fcc,aj_xml_sitemap,https://www.aljazeera.com/sitemaps/article-archive/2025/12.xml
Al Jazeera,aljazeera.com,https://www.aljazeera.com/news/2025/12/23/israeli-forces-demolish-shops-in-raids-near-occupied-east-jerusalem,2025-12-23T17:20:24Z,2026-02-19T09:34:08+00:00,227ff9c31465,aj_xml_sitemap,https://www.aljazeera.com/sitemaps/article-archive/2025/12.xml
Al Jazeera,aljazeera.com,https://www.aljazeera.com/news/2025/12/23/israel-will-never-fully-withdraw-from-gaza-defence-minister-says,2025-12-23T15:57:24Z,2026-02-19T09:34:08+00:00,ad06edee78be,aj_xml_sitemap,https://www.aljazeera.com/sitemaps/article-archive/2025/12.xml
Al Jazeera,aljazeera.com,https://www.aljazeera.com/news/2025/12/23/gaza-patients-facing-death-as-israel-continues-to-block-medical-supplies,2025-12-23T15:26:54Z,2026-02-19T09:34:08+00:00,459914298243,aj_xml_sitemap,https://www.aljazeera.com/sitemaps/article-archive/2025/12.xml
Al Jazeera,aljazeera.com,https://www.aljazeera.com/news/2025/12/23/british-police-detain-greta-thunberg-at-pro-palestinian-protest-in,2025-12-24T07:10:59Z,2026-02-19T09:34:08+00:00,d7cd74e6288d,aj_xml_sitemap,https://www.aljazeera.com/sitemaps/article-archive/2025/12.xml
Al Jazeera,aljazeera.com,https://www.aljazeera.com/news/2025/12/23/palestine-action-hunger-strikers-launch-legal-action-against-government,2025-12-23T14:45:09Z,2026-02-19T09:34:08+00:00,e3002af7d9e6,aj_xml_sitemap,https://www.aljazeera.com/sitemaps/article-archive/2025/12.xml
Al Jazeera,aljazeera.com,https://www.aljazeera.com/news/2025/12/23/israel-extends-law-that-banned-al-jazeera-for-two-more-years,2025-12-23T12:09:58Z,2026-02-19T09:34:08+00:00,deb3c0ba9991,aj_xml_sitemap,https://www.aljazeera.com/sitemaps/article-archive/2025/12.xml
Al Jazeera,aljazeera.com,https://www.aljazeera.com/news/2025/12/22/israel-kills-two-palestinians-in-gaza-city-as-ceasefire-violations-mount,2025-12-22T21:48:01Z,2026-02-19T09:34:08+00:00,23fc6c474707,aj_xml_sitemap,https://www.aljazeera.com/sitemaps/article-archive/2025/12.xml
Al Jazeera,aljazeera.com,https://www.aljazeera.com/news/2025/12/22/at-least-three-killed-in-israeli-attack-on-southern-lebanons-sidon,2025-12-22T15:45:03Z,2026-02-19T09:34:08+00:00,0b400a47c833,aj_xml_sitemap,https://www.aljazeera.com/sitemaps/article-archive/2025/12.xml
Al Jazeera,aljazeera.com,https://www.aljazeera.com/news/2025/12/22/illegal-settlement-expansion-how-israel-is-redrawing-occupied-west-bank,2025-12-22T15:53:07Z,2026-02-19T09:34:08+00:00,b2329eb6d4ec,aj_xml_sitemap,https://www.aljazeera.com/sitemaps/article-archive/2025/12.xml
Al Jazeera,aljazeera.com,https://www.aljazeera.com/news/2025/12/22/palestine-action-hunger-strikes-what-are-their-demands,2025-12-22T15:11:15Z,2026-02-19T09:34:08+00:00,b491b2a98a0f,aj_xml_sitemap,https://www.aljazeera.com/sitemaps/article-archive/2025/12.xml
Al Jazeera,aljazeera.com,https://www.aljazeera.com/news/2025/12/22/israeli-military-storms-west-bank-towns-carries-out-demolition,2025-12-22T12:21:49Z,2026-02-19T09:34:08+00:00,6f1a1a65ffdf,aj_xml_sitemap,https://www.aljazeera.com/sitemaps/article-archive/2025/12.xml
Al Jazeera,aljazeera.com,https://www.aljazeera.com/news/2025/12/22/two-palestine-action-hunger-strikers-in-uk-prisons-admitted-to-hospital,2025-12-22T11:22:24Z,2026-02-19T09:34:08+00:00,c93bfa0ca326,aj_xml_sitemap,https://www.aljazeera.com/sitemaps/article-archive/2025/12.xml
Al Jazeera,aljazeera.com,https://www.aljazeera.com/news/2025/12/21/alarming-medicine-shortages-in-gaza-amid-israeli-restrictions,2025-12-22T07:16:56Z,2026-02-19T09:34:08+00:00,b56f6ab058da,aj_xml_sitemap,https://www.aljazeera.com/sitemaps/article-archive/2025/12.xml
Al Jazeera,aljazeera.com,https://www.aljazeera.com/news/2025/12/21/israeli-arms-companies-revenues-soared-in-2024,2025-12-21T16:48:30Z,2026-02-19T09:34:08+00:00,c0077295027e,aj_xml_sitemap,https://www.aljazeera.com/sitemaps/article-archive/2025/12.xml
Al Jazeera,aljazeera.com,https://www.aljazeera.com/news/2025/12/21/israel-kills-two-palestinians-including-16-year-old-in-west-bank,2025-12-21T22:53:40Z,2026-02-19T09:34:08+00:00,9b68ea8bd2c8,aj_xml_sitemap,https://www.aljazeera.com/sitemaps/article-archive/2025/12.xml
Al Jazeera,aljazeera.com,https://www.aljazeera.com/news/2025/12/21/vigil-in-london-for-palestinian-prisoners-held-in-israel,2025-12-21T07:34:57Z,2026-02-19T09:34:08+00:00,645196d86a8e,aj_xml_sitemap,https://www.aljazeera.com/sitemaps/article-archive/2025/12.xml
Al Jazeera,aljazeera.com,https://www.aljazeera.com/news/2025/12/20/us-qatar-egypt-turkey-urge-gaza-restraint-as-israeli-strikes-continue,2025-12-21T09:06:25Z,2026-02-19T09:34:08+00:00,40a1f80fa807,aj_xml_sitemap,https://www.aljazeera.com/sitemaps/article-archive/2025/12.xml
Al Jazeera,aljazeera.com,https://www.aljazeera.com/news/2025/12/20/israel-launches-fresh-raids-in-syrias-quneitra-establishes-checkpoints,2025-12-20T15:16:01Z,2026-02-19T09:34:08+00:00,e8b11443a2f7,aj_xml_sitemap,https://www.aljazeera.com/sitemaps/article-archive/2025/12.xml
Al Jazeera,aljazeera.com,https://www.aljazeera.com/news/2025/12/20/msf-urges-israel-to-let-critical-aid-into-gaza-as-children-freeze-to-death,2025-12-20T10:19:29Z,2026-02-19T09:34:08+00:00,bed3ad6c3039,aj_xml_sitemap,https://www.aljazeera.com/sitemaps/article-archive/2025/12.xml
Al Jazeera,aljazeera.com,https://www.aljazeera.com/news/2025/12/20/iran-executes-man-accused-of-spying-for-israels-mossad-state-media,2026-01-14T22:02:27Z,2026-02-19T09:34:08+00:00,aec61d2fcee6,aj_xml_sitemap,https://www.aljazeera.com/sitemaps/article-archive/2025/12.xml
Al Jazeera,aljazeera.com,https://www.aljazeera.com/news/2025/12/20/islamic-university-of-gaza-resumes-classes-on-site-amid-israeli-destruction,2026-01-14T21:25:36Z,2026-02-19T09:34:08+00:00,764ba04a4186,aj_xml_sitemap,https://www.aljazeera.com/sitemaps/article-archive/2025/12.xml
Al Jazeera,aljazeera.com,https://www.aljazeera.com/news/2025/12/20/netanyahu-finally-announces-october-7-inquiry-why-are-israelis-furious,2025-12-20T08:37:08Z,2026-02-19T09:34:08+00:00,cad80c77562c,aj_xml_sitemap,https://www.aljazeera.com/sitemaps/article-archive/2025/12.xml
Al Jazeera,aljazeera.com,https://www.aljazeera.com/news/2025/12/20/us-pushes-for-ceasefire-in-sudans-civil-war-as-kordofan-violence-escalates,2026-01-14T21:24:36Z,2026-02-19T09:34:08+00:00,1071bebf7a68,aj_xml_sitemap,https://www.aljazeera.com/sitemaps/article-archive/2025/12.xml
Al Jazeera,aljazeera.com,https://www.aljazeera.com/news/2025/12/19/al-jazeera-investigation-exposes-secret-firm-smuggling-people-out-of-gaza,2025-12-20T02:01:44Z,2026-02-19T09:34:08+00:00,7d621dec4803,aj_xml_sitemap,https://www.aljazeera.com/sitemaps/article-archive/2025/12.xml
Al Jazeera,aljazeera.com,https://www.aljazeera.com/news/2025/12/19/israel-lebanon-officials-meet-as-pressure-mounts-to-disarm-hezbollah,2025-12-19T19:09:43Z,2026-02-19T09:34:08+00:00,66104f09eee4,aj_xml_sitemap,https://www.aljazeera.com/sitemaps/article-archive/2025/12.xml
Al Jazeera,aljazeera.com,https://www.aljazeera.com/news/2025/12/19/gazas-tech-workers-code-from-rubble-as-israels-war-destroys-digital-life,2026-01-14T21:21:06Z,2026-02-19T09:34:08+00:00,2e6404c5613f,aj_xml_sitemap,https://www.aljazeera.com/sitemaps/article-archive/2025/12.xml
Al Jazeera,aljazeera.com,https://www.aljazeera.com/news/2025/12/19/us-to-host-qatari-turkish-and-egyptian-officials-for-gaza-ceasefire-talks,2025-12-19T22:04:18Z,2026-02-19T09:34:08+00:00,cee3e1069eab,aj_xml_sitemap,https://www.aljazeera.com/sitemaps/article-archive/2025/12.xml
Al Jazeera,aljazeera.com,https://www.aljazeera.com/news/2025/12/19/how-much-is-us-support-for-israel-costing-donald-trump,2025-12-19T07:33:45Z,2026-02-19T09:34:08+00:00,63dcc82275c9,aj_xml_sitemap,https://www.aljazeera.com/sitemaps/article-archive/2025/12.xml
Al Jazeera,aljazeera.com,https://www.aljazeera.com/news/2025/12/18/palestine-action-hunger-strikers-are-dying-in-prison-uk-doctor-warns,2025-12-19T22:12:57Z,2026-02-19T09:34:08+00:00,2585cf2e0e14,aj_xml_sitemap,https://www.aljazeera.com/sitemaps/article-archive/2025/12.xml
Al Jazeera,aljazeera.com,https://www.aljazeera.com/news/2025/12/18/us-sanctions-more-icc-judges-citing-ruling-on-israeli-war-crime-probe,2025-12-18T17:37:00Z,2026-02-19T09:34:08+00:00,c5dfc6066432,aj_xml_sitemap,https://www.aljazeera.com/sitemaps/article-archive/2025/12.xml
Al Jazeera,aljazeera.com,https://www.aljazeera.com/news/2025/12/18/israel-lebanon-talks-everything-you-need-to-know,2025-12-18T21:51:54Z,2026-02-19T09:34:08+00:00,81fcc26f644f,aj_xml_sitemap,https://www.aljazeera.com/sitemaps/article-archive/2025/12.xml
Al Jazeera,aljazeera.com,https://www.aljazeera.com/news/2025/12/18/egypt-says-gas-deal-with-israel-is-purely-commercial,2025-12-18T16:42:27Z,2026-02-19T09:34:08+00:00,9215d3585234,aj_xml_sitemap,https://www.aljazeera.com/sitemaps/article-archive/2025/12.xml
Al Jazeera,aljazeera.com,https://www.aljazeera.com/news/2025/12/18/uk-police-arrest-four-people-for-pro-palestine-intifada-calls,2025-12-18T12:58:11Z,2026-02-19T09:34:08+00:00,880707300851,aj_xml_sitemap,https://www.aljazeera.com/sitemaps/article-archive/2025/12.xml
Al Jazeera,aljazeera.com,https://www.aljazeera.com/news/2025/12/18/gaza-doctors-use-3d-printing-to-save-shattered-limbs-from-amputation,2025-12-18T10:57:05Z,2026-02-19T09:34:08+00:00,2db6c456be64,aj_xml_sitemap,https://www.aljazeera.com/sitemaps/article-archive/2025/12.xml
Al Jazeera,aljazeera.com,https://www.aljazeera.com/news/2025/12/18/israel-strikes-across-south-eastern-lebanon-in-latest-truce-violation,2025-12-18T11:52:38Z,2026-02-19T09:34:08+00:00,47ff02d99957,aj_xml_sitemap,https://www.aljazeera.com/sitemaps/article-archive/2025/12.xml
Al Jazeera,aljazeera.com,https://www.aljazeera.com/news/2025/12/18/qatars-pm-says-israeli-ceasefire-violations-endanger-entire-gaza-process,2026-01-14T21:16:21Z,2026-02-19T09:34:08+00:00,6950958bae12,aj_xml_sitemap,https://www.aljazeera.com/sitemaps/article-archive/2025/12.xml
Al Jazeera,aljazeera.com,https://www.aljazeera.com/news/2025/12/17/winter-storms-worsen-gaza-humanitarian-crisis-as-un-says-aid-still-blocked,2025-12-17T22:53:04Z,2026-02-19T09:34:08+00:00,a2354c4623ab,aj_xml_sitemap,https://www.aljazeera.com/sitemaps/article-archive/2025/12.xml
Al Jazeera,aljazeera.com,https://www.aljazeera.com/news/2025/12/17/israel-to-advance-plans-for-9000-houses-in-occupied-east-jerusalem,2025-12-17T13:16:11Z,2026-02-19T09:34:08+00:00,86762f270291,aj_xml_sitemap,https://www.aljazeera.com/sitemaps/article-archive/2025/12.xml
Al Jazeera,aljazeera.com,https://www.aljazeera.com/news/2025/12/16/canadian-mp-blocked-from-west-bank-rejects-israels-safety-concern-claims,2025-12-17T02:25:04Z,2026-02-19T09:34:08+00:00,56ddb358a231,aj_xml_sitemap,https://www.aljazeera.com/sitemaps/article-archive/2025/12.xml
Al Jazeera,aljazeera.com,https://www.aljazeera.com/news/2025/12/16/trump-expands-us-travel-ban-to-include-syria-palestine,2025-12-16T22:42:45Z,2026-02-19T09:34:08+00:00,5f303582ddfe,aj_xml_sitemap,https://www.aljazeera.com/sitemaps/article-archive/2025/12.xml
Al Jazeera,aljazeera.com,https://www.aljazeera.com/news/2025/12/16/palestinian-infant-freezes-to-death-in-gaza-as-israel-keeps-blocking-aid,2025-12-16T21:51:29Z,2026-02-19T09:34:08+00:00,650ea7a2f432,aj_xml_sitemap,https://www.aljazeera.com/sitemaps/article-archive/2025/12.xml
Al Jazeera,aljazeera.com,https://www.aljazeera.com/news/2025/12/16/israel-denies-entry-to-canadian-mps-trying-to-reach-occupied-west-bank,2025-12-16T21:49:40Z,2026-02-19T09:34:08+00:00,7631eb1ae15d,aj_xml_sitemap,https://www.aljazeera.com/sitemaps/article-archive/2025/12.xml
Al Jazeera,aljazeera.com,https://www.aljazeera.com/news/2025/12/16/russia-ukraine-war-is-a-ceasefire-deal-on-the-horizon,2025-12-16T14:42:23Z,2026-02-19T09:34:08+00:00,ae37230e7b3a,aj_xml_sitemap,https://www.aljazeera.com/sitemaps/article-archive/2025/12.xml
Al Jazeera,aljazeera.com,https://www.aljazeera.com/news/2025/12/16/thailand-demands-unilateral-ceasefire-announcement-from-cambodia,2025-12-16T12:50:50Z,2026-02-19T09:34:08+00:00,ce540faf7c3f,aj_xml_sitemap,https://www.aljazeera.com/sitemaps/article-archive/2025/12.xml
Al Jazeera,aljazeera.com,https://www.aljazeera.com/news/2025/12/16/m23-says-it-will-exit-drcs-uvira-as-us-brokered-ceasefire-stutters,2025-12-16T10:16:33Z,2026-02-19T09:34:08+00:00,234ad4f1b281,aj_xml_sitemap,https://www.aljazeera.com/sitemaps/article-archive/2025/12.xml
Al Jazeera,aljazeera.com,https://www.aljazeera.com/news/2025/12/16/new-world-disorder-sudan-palestine-top-ircs-2026-emergency-watchlist,2025-12-16T09:47:30Z,2026-02-19T09:34:08+00:00,75db45389cd5,aj_xml_sitemap,https://www.aljazeera.com/sitemaps/article-archive/2025/12.xml
Al Jazeera,aljazeera.com,https://www.aljazeera.com/news/2025/12/16/how-israel-expansion-push-deepens-palestinian-suffering-in-west-bank,2025-12-16T08:34:13Z,2026-02-19T09:34:08+00:00,8d1b6c69c4f7,aj_xml_sitemap,https://www.aljazeera.com/sitemaps/article-archive/2025/12.xml
Al Jazeera,aljazeera.com,https://www.aljazeera.com/news/2025/12/15/israel-to-demolish-25-homes-in-occupied-west-bank-nur-shams-camp,2025-12-15T22:24:11Z,2026-02-19T09:34:08+00:00,8e7f75949d63,aj_xml_sitemap,https://www.aljazeera.com/sitemaps/article-archive/2025/12.xml
Al Jazeera,aljazeera.com,https://www.aljazeera.com/news/2025/12/15/icc-rejects-israeli-bid-to-block-gaza-war-crimes-investigation,2025-12-16T06:13:11Z,2026-02-19T09:34:08+00:00,1fc2cbb083b8,aj_xml_sitemap,https://www.aljazeera.com/sitemaps/article-archive/2025/12.xml
Al Jazeera,aljazeera.com,https://www.aljazeera.com/news/2025/12/15/retrieving-bodies-in-gaza-difficult-due-to-storm-war-ravaged-buildings,2025-12-15T17:46:45Z,2026-02-19T09:34:08+00:00,bb1688a1e3b6,aj_xml_sitemap,https://www.aljazeera.com/sitemaps/article-archive/2025/12.xml
Al Jazeera,aljazeera.com,https://www.aljazeera.com/news/2025/12/15/israel-demolishes-more-buildings-in-military-controlled-gaza-analysis,2025-12-15T16:57:27Z,2026-02-19T09:34:08+00:00,85ef2e838213,aj_xml_sitemap,https://www.aljazeera.com/sitemaps/article-archive/2025/12.xml
Al Jazeera,aljazeera.com,https://www.aljazeera.com/news/2025/12/15/whats-causing-gazas-war-damaged-homes-to-collapse-in-winter,2025-12-15T16:12:05Z,2026-02-19T09:34:08+00:00,b1087a29f71b,aj_xml_sitemap,https://www.aljazeera.com/sitemaps/article-archive/2025/12.xml
Al Jazeera,aljazeera.com,https://www.aljazeera.com/news/2025/12/15/increasingly-likely-potential-of-palestine-action-hunger-strikers-dying,2025-12-16T20:23:44Z,2026-02-19T09:34:08+00:00,c1ab4b1cc76d,aj_xml_sitemap,https://www.aljazeera.com/sitemaps/article-archive/2025/12.xml
Al Jazeera,aljazeera.com,https://www.aljazeera.com/news/2025/12/15/israel-and-hamas-trade-blame-over-delay-of-second-phase-of-gaza-ceasefire,2025-12-15T13:19:26Z,2026-02-19T09:34:08+00:00,b42b1d5e867a,aj_xml_sitemap,https://www.aljazeera.com/sitemaps/article-archive/2025/12.xml
Al Jazeera,aljazeera.com,https://www.aljazeera.com/news/2025/12/14/hamas-confirms-killing-of-senior-commander-in-israeli-strike-in-gaza,2025-12-14T11:28:23Z,2026-02-19T09:34:08+00:00,3f0eae0e39f4,aj_xml_sitemap,https://www.aljazeera.com/sitemaps/article-archive/2025/12.xml
Al Jazeera,aljazeera.com,https://www.aljazeera.com/news/2025/12/13/israel-says-it-hit-key-hamas-member-in-gaza-city,2025-12-14T06:36:53Z,2026-02-19T09:34:08+00:00,9fbd2a9c7559,aj_xml_sitemap,https://www.aljazeera.com/sitemaps/article-archive/2025/12.xml
Al Jazeera,aljazeera.com,https://www.aljazeera.com/news/2025/12/13/virtual-reality-offers-escape-to-gaza-children-wounded-in-israels-war,2025-12-13T09:47:54Z,2026-02-19T09:34:08+00:00,21715c2aba21,aj_xml_sitemap,https://www.aljazeera.com/sitemaps/article-archive/2025/12.xml
Al Jazeera,aljazeera.com,https://www.aljazeera.com/news/2025/12/13/cambodia-claims-thailand-still-bombing-hours-after-trump-ceasefire-call,2025-12-13T22:40:39Z,2026-02-19T09:34:08+00:00,a4b0431d96b6,aj_xml_sitemap,https://www.aljazeera.com/sitemaps/article-archive/2025/12.xml
Al Jazeera,aljazeera.com,https://www.aljazeera.com/news/2025/12/12/qa-east-timors-president-ramos-horta-on-diplomacy-gaza-and-the-west,2025-12-12T23:49:06Z,2026-02-19T09:34:08+00:00,cfe697cb4bcf,aj_xml_sitemap,https://www.aljazeera.com/sitemaps/article-archive/2025/12.xml
Al Jazeera,aljazeera.com,https://www.aljazeera.com/news/2025/12/12/un-general-assembly-adopts-resolution-demanding-israel-allow-aid-into-gaza,2025-12-12T22:41:11Z,2026-02-19T09:34:08+00:00,dbe20b166f5d,aj_xml_sitemap,https://www.aljazeera.com/sitemaps/article-archive/2025/12.xml
Al Jazeera,aljazeera.com,https://www.aljazeera.com/news/2025/12/12/israel-approves-19-new-west-bank-settlements-in-major-annexation-push,2025-12-12T20:54:59Z,2026-02-19T09:34:08+00:00,66cfcb52868a,aj_xml_sitemap,https://www.aljazeera.com/sitemaps/article-archive/2025/12.xml
Al Jazeera,aljazeera.com,https://www.aljazeera.com/news/2025/12/12/fourteen-palestinians-including-children-die-in-gaza-amid-storm-byron,2025-12-12T19:28:54Z,2026-02-19T09:34:08+00:00,11551e9882a0,aj_xml_sitemap,https://www.aljazeera.com/sitemaps/article-archive/2025/12.xml
Al Jazeera,aljazeera.com,https://www.aljazeera.com/news/2025/12/12/eurovision-winner-nemo-returns-trophy-in-protest-over-israels,2025-12-12T22:15:35Z,2026-02-19T09:34:08+00:00,b389a1d8a396,aj_xml_sitemap,https://www.aljazeera.com/sitemaps/article-archive/2025/12.xml
Al Jazeera,aljazeera.com,https://www.aljazeera.com/news/2025/12/12/trump-says-thailand-cambodia-agree-to-renew-ceasefire-after-deadly-clashes,2025-12-12T18:53:52Z,2026-02-19T09:34:08+00:00,888da8bc6157,aj_xml_sitemap,https://www.aljazeera.com/sitemaps/article-archive/2025/12.xml
Al Jazeera,aljazeera.com,https://www.aljazeera.com/news/2025/12/12/new-footage-shows-six-israeli-captives-held-in-gaza-tunnel-prior-to-deaths,2025-12-12T12:31:15Z,2026-02-19T09:34:08+00:00,f467f8e5c5e2,aj_xml_sitemap,https://www.aljazeera.com/sitemaps/article-archive/2025/12.xml
Al Jazeera,aljazeera.com,https://www.aljazeera.com/news/2025/12/12/israel-bombards-areas-across-southern-lebanon-in-latest-truce-violation,2026-01-14T20:54:02Z,2026-02-19T09:34:08+00:00,be0cdce3a64f,aj_xml_sitemap,https://www.aljazeera.com/sitemaps/article-archive/2025/12.xml
Al Jazeera,aljazeera.com,https://www.aljazeera.com/news/2025/12/12/icc-judges-stoic-in-face-of-us-sanctions-over-israeli-war-crimes-cases,2025-12-12T10:21:26Z,2026-02-19T09:34:08+00:00,de69aead56fe,aj_xml_sitemap,https://www.aljazeera.com/sitemaps/article-archive/2025/12.xml
Al Jazeera,aljazeera.com,https://www.aljazeera.com/news/2025/12/12/gazas-displaced-face-storm-disaster-with-almost-nothing,2025-12-12T05:31:01Z,2026-02-19T09:34:08+00:00,dfd33e182237,aj_xml_sitemap,https://www.aljazeera.com/sitemaps/article-archive/2025/12.xml
Al Jazeera,aljazeera.com,https://www.aljazeera.com/news/2025/12/11/baby-dies-of-exposure-in-flooded-tent-as-storm-byron-batters-gaza,2025-12-11T22:53:23Z,2026-02-19T09:34:08+00:00,c8a68c4b75f1,aj_xml_sitemap,https://www.aljazeera.com/sitemaps/article-archive/2025/12.xml
Al Jazeera,aljazeera.com,https://www.aljazeera.com/news/2025/12/11/us-lawmakers-join-calls-for-justice-in-israels-attacks-on-journalists,2025-12-11T19:23:24Z,2026-02-19T09:34:08+00:00,4860b6068e02,aj_xml_sitemap,https://www.aljazeera.com/sitemaps/article-archive/2025/12.xml
Al Jazeera,aljazeera.com,https://www.aljazeera.com/news/2025/12/11/israel-prepares-for-storm-byron-but-not-all-citizens-will-get-help,2025-12-11T13:21:21Z,2026-02-19T09:34:08+00:00,3b5ee7a6ab42,aj_xml_sitemap,https://www.aljazeera.com/sitemaps/article-archive/2025/12.xml
Al Jazeera,aljazeera.com,https://www.aljazeera.com/news/2025/12/11/hamas-has-its-own-disarmament-vision-as-gaza-truce-enters-critical-phase,2025-12-11T17:06:28Z,2026-02-19T09:34:08+00:00,27958e97f268,aj_xml_sitemap,https://www.aljazeera.com/sitemaps/article-archive/2025/12.xml
Al Jazeera,aljazeera.com,https://www.aljazeera.com/news/2025/12/11/displaced-gaza-families-struggle-as-winter-storm-hits,2025-12-11T09:59:17Z,2026-02-19T09:34:08+00:00,3b12734c790a,aj_xml_sitemap,https://www.aljazeera.com/sitemaps/article-archive/2025/12.xml
Al Jazeera,aljazeera.com,https://www.aljazeera.com/news/2025/12/10/tents-flood-families-seek-shelter-as-storm-byron-bears-down-on-gaza,2025-12-10T22:54:18Z,2026-02-19T09:34:08+00:00,599f7a835933,aj_xml_sitemap,https://www.aljazeera.com/sitemaps/article-archive/2025/12.xml
Al Jazeera,aljazeera.com,https://www.aljazeera.com/news/2025/12/10/us-congressman-randy-fine-suggests-palestinians-should-be-destroyed-first,2025-12-11T19:06:06Z,2026-02-19T09:34:08+00:00,db22c66dfa7a,aj_xml_sitemap,https://www.aljazeera.com/sitemaps/article-archive/2025/12.xml
Al Jazeera,aljazeera.com,https://www.aljazeera.com/news/2025/12/10/iceland-to-join-boycott-of-eurovision-in-protest-at-israels-involvement,2025-12-10T20:15:05Z,2026-02-19T09:34:08+00:00,b557f0c324eb,aj_xml_sitemap,https://www.aljazeera.com/sitemaps/article-archive/2025/12.xml
Al Jazeera,aljazeera.com,https://www.aljazeera.com/news/2025/12/10/young-palestinian-dies-in-israeli-custody-dozens-taken-in-west-bank-raids,2025-12-10T13:57:32Z,2026-02-19T09:34:08+00:00,5b7ab2ac99db,aj_xml_sitemap,https://www.aljazeera.com/sitemaps/article-archive/2025/12.xml
Al Jazeera,aljazeera.com,https://www.aljazeera.com/news/2025/12/10/hamas-leader-vows-to-curb-gaza-attacks-on-israel-but-rejects-disarmament,2025-12-11T16:23:03Z,2026-02-19T09:34:08+00:00,05618414efe1,aj_xml_sitemap,https://www.aljazeera.com/sitemaps/article-archive/2025/12.xml
Al Jazeera,aljazeera.com,https://www.aljazeera.com/news/2025/12/9/hamas-urges-more-international-pressure-on-israel-amid-ceasefire-violations,2025-12-10T07:00:30Z,2026-02-19T09:34:08+00:00,db721d21706b,aj_xml_sitemap,https://www.aljazeera.com/sitemaps/article-archive/2025/12.xml
Al Jazeera,aljazeera.com,https://www.aljazeera.com/news/2025/12/9/tony-blair-ruled-out-of-trumps-proposed-gaza-peace-board-report,2025-12-09T18:16:58Z,2026-02-19T09:34:08+00:00,be89ddaed1eb,aj_xml_sitemap,https://www.aljazeera.com/sitemaps/article-archive/2025/12.xml
Al Jazeera,aljazeera.com,https://www.aljazeera.com/news/2025/12/9/israel-the-top-killer-of-journalists-worldwide-once-again-says-rsf-report,2025-12-09T12:28:22Z,2026-02-19T09:34:08+00:00,9b0bd6fe6f4f,aj_xml_sitemap,https://www.aljazeera.com/sitemaps/article-archive/2025/12.xml
Al Jazeera,aljazeera.com,https://www.aljazeera.com/news/2025/12/9/israel-attacked-syria-more-than-600-times-over-the-past-year,2025-12-09T09:29:46Z,2026-02-19T09:34:08+00:00,bcb10d07231a,aj_xml_sitemap,https://www.aljazeera.com/sitemaps/article-archive/2025/12.xml
Al Jazeera,aljazeera.com,https://www.aljazeera.com/news/2025/12/9/israels-ex-pm-ehud-barak-and-jeffrey-epstein-had-close-relationship-emails-reveal,2025-12-09T09:05:30Z,2026-02-19T09:34:08+00:00,832f279118da,aj_xml_sitemap,https://www.aljazeera.com/sitemaps/article-archive/2025/12.xml
Al Jazeera,aljazeera.com,https://www.aljazeera.com/news/2025/12/9/israel-launches-new-wave-of-air-attacks-on-lebanon-straining-fragile-truce,2025-12-09T03:46:05Z,2026-02-19T09:34:08+00:00,862b9605922b,aj_xml_sitemap,https://www.aljazeera.com/sitemaps/article-archive/2025/12.xml
Al Jazeera,aljazeera.com,https://www.aljazeera.com/news/2025/12/8/condemnation-as-israel-raids-unrwa-hq-in-east-jerusalem-removes-un-flag,2025-12-08T15:27:10Z,2026-02-19T09:34:08+00:00,2741c9822099,aj_xml_sitemap,https://www.aljazeera.com/sitemaps/article-archive/2025/12.xml
Al Jazeera,aljazeera.com,https://www.aljazeera.com/news/2025/12/8/trump-to-host-netanyahu-at-white-house-on-december-29-israeli-government,2025-12-08T15:25:53Z,2026-02-19T09:34:08+00:00,1874c62ddb20,aj_xml_sitemap,https://www.aljazeera.com/sitemaps/article-archive/2025/12.xml
Al Jazeera,aljazeera.com,https://www.aljazeera.com/news/2025/12/8/are-israel-hamas-entering-the-second-phase-of-the-ceasefire,2025-12-08T06:23:04Z,2026-02-19T09:34:08+00:00,2bff1769c60c,aj_xml_sitemap,https://www.aljazeera.com/sitemaps/article-archive/2025/12.xml
Al Jazeera,aljazeera.com,https://www.aljazeera.com/news/2025/12/7/hamas-and-israel-move-towards-phase-two-of-us-backed-gaza-plan,2025-12-07T22:10:07Z,2026-02-19T09:34:08+00:00,af30ce88949a,aj_xml_sitemap,https://www.aljazeera.com/sitemaps/article-archive/2025/12.xml
Al Jazeera,aljazeera.com,https://www.aljazeera.com/news/2025/12/7/germanys-merz-meets-netanyahu-under-shadow-of-israels-war-on-gaza,2025-12-07T14:33:33Z,2026-02-19T09:34:08+00:00,4c8e82cd5b4b,aj_xml_sitemap,https://www.aljazeera.com/sitemaps/article-archive/2025/12.xml
Al Jazeera,aljazeera.com,https://www.aljazeera.com/news/2025/12/7/no-gauze-no-gloves-israels-severe-restrictions-on-medical-aid-to-gaza,2025-12-07T11:40:29Z,2026-02-19T09:34:08+00:00,bae27fefd605,aj_xml_sitemap,https://www.aljazeera.com/sitemaps/article-archive/2025/12.xml
Al Jazeera,aljazeera.com,https://www.aljazeera.com/news/2025/12/7/what-has-germanys-position-been-on-israels-genocide-in-gaza,2025-12-07T17:51:12Z,2026-02-19T09:34:08+00:00,27f591958325,aj_xml_sitemap,https://www.aljazeera.com/sitemaps/article-archive/2025/12.xml
Al Jazeera,aljazeera.com,https://www.aljazeera.com/news/2025/12/6/germanys-merz-makes-first-visit-to-israel-as-chancellor-amid-strained-ties,2025-12-06T22:30:22Z,2026-02-19T09:34:08+00:00,c868ed02936f,aj_xml_sitemap,https://www.aljazeera.com/sitemaps/article-archive/2025/12.xml
Al Jazeera,aljazeera.com,https://www.aljazeera.com/news/2025/12/6/israeli-drone-chases-and-kills-elderly-woman-in-gaza-as-attacks-continue,2025-12-06T20:55:42Z,2026-02-19T09:34:08+00:00,c59aca3b4f3d,aj_xml_sitemap,https://www.aljazeera.com/sitemaps/article-archive/2025/12.xml
Al Jazeera,aljazeera.com,https://www.aljazeera.com/news/2025/12/6/syrias-al-sharaa-promises-peace-and-unity-in-face-of-israeli-aggression,2025-12-07T05:22:36Z,2026-02-19T09:34:08+00:00,d17b9ed68456,aj_xml_sitemap,https://www.aljazeera.com/sitemaps/article-archive/2025/12.xml
Al Jazeera,aljazeera.com,https://www.aljazeera.com/news/2025/12/6/gaza-ceasefire-at-a-critical-moment-mediators-say-at-risk-of-collapse,2026-01-14T20:44:50Z,2026-02-19T09:34:08+00:00,caa1c4f6b610,aj_xml_sitemap,https://www.aljazeera.com/sitemaps/article-archive/2025/12.xml
Al Jazeera,aljazeera.com,https://www.aljazeera.com/news/2025/12/6/arab-muslim-nations-reject-israels-exit-only-plan-for-rafah-crossing,2025-12-06T10:04:36Z,2026-02-19T09:34:08+00:00,f0cae293bb95,aj_xml_sitemap,https://www.aljazeera.com/sitemaps/article-archive/2025/12.xml
Al Jazeera,aljazeera.com,https://www.aljazeera.com/news/2025/12/6/palestinian-groups-express-grave-concerns-over-marwan-barghoutis-safety,2025-12-06T07:01:27Z,2026-02-19T09:34:08+00:00,8f2e1285ab29,aj_xml_sitemap,https://www.aljazeera.com/sitemaps/article-archive/2025/12.xml
Al Jazeera,aljazeera.com,https://www.aljazeera.com/news/2025/12/5/unsc-delegation-meets-lebanons-aoun-tours-south-amid-israeli-escalation,2025-12-05T14:38:57Z,2026-02-19T09:34:08+00:00,cc3dcd5c1811,aj_xml_sitemap,https://www.aljazeera.com/sitemaps/article-archive/2025/12.xml
Al Jazeera,aljazeera.com,https://www.aljazeera.com/news/2025/12/5/makeshift-movie-screenings-in-gaza-city-bring-children-out-of-the-ruin,2025-12-05T11:52:44Z,2026-02-19T09:34:08+00:00,c41411a54359,aj_xml_sitemap,https://www.aljazeera.com/sitemaps/article-archive/2025/12.xml
Al Jazeera,aljazeera.com,https://www.aljazeera.com/news/2025/12/4/spain-ireland-boycott-eurovision-song-contest-over-israels-inclusion,2025-12-04T20:29:07Z,2026-02-19T09:34:08+00:00,dcbc1f576cc4,aj_xml_sitemap,https://www.aljazeera.com/sitemaps/article-archive/2025/12.xml
Al Jazeera,aljazeera.com,https://www.aljazeera.com/news/2025/12/4/qalqilya-targeted-as-israel-escalates-raids-in-northern-west-bank,2025-12-04T18:02:34Z,2026-02-19T09:34:08+00:00,151159e5fb19,aj_xml_sitemap,https://www.aljazeera.com/sitemaps/article-archive/2025/12.xml
Al Jazeera,aljazeera.com,https://www.aljazeera.com/news/2025/12/4/israel-hits-multiple-towns-in-southern-lebanon-as-strikes-intensify,2025-12-04T16:06:41Z,2026-02-19T09:34:08+00:00,24accc5fd8e7,aj_xml_sitemap,https://www.aljazeera.com/sitemaps/article-archive/2025/12.xml
Al Jazeera,aljazeera.com,https://www.aljazeera.com/news/2025/12/4/gaza-militia-leader-accused-of-collaborating-with-israel-killed-reports,2025-12-04T19:50:47Z,2026-02-19T09:34:08+00:00,2bd99851c386,aj_xml_sitemap,https://www.aljazeera.com/sitemaps/article-archive/2025/12.xml
Al Jazeera,aljazeera.com,https://www.aljazeera.com/news/2025/12/4/eurovision-organisers-debate-whether-israel-should-be-barred-from-contest,2025-12-04T13:53:53Z,2026-02-19T09:34:08+00:00,9922b12e9722,aj_xml_sitemap,https://www.aljazeera.com/sitemaps/article-archive/2025/12.xml
Al Jazeera,aljazeera.com,https://www.aljazeera.com/news/2025/12/4/global-campaign-launched-to-free-jailed-palestinian-leader-marwan-barghouti,2025-12-04T08:56:53Z,2026-02-19T09:34:08+00:00,a4ab99871a20,aj_xml_sitemap,https://www.aljazeera.com/sitemaps/article-archive/2025/12.xml
Al Jazeera,aljazeera.com,https://www.aljazeera.com/news/2025/12/4/uns-guterres-says-israels-conduct-of-war-in-gaza-fundamentally-wrong,2025-12-04T07:24:06Z,2026-02-19T09:34:08+00:00,2c8f8193ccfd,aj_xml_sitemap,https://www.aljazeera.com/sitemaps/article-archive/2025/12.xml
Al Jazeera,aljazeera.com,https://www.aljazeera.com/news/2025/12/3/lebanon-and-israel-hold-first-direct-talks-in-40-years-as-war-fears-rise,2025-12-04T02:10:41Z,2026-02-19T09:34:08+00:00,a9d4765783c5,aj_xml_sitemap,https://www.aljazeera.com/sitemaps/article-archive/2025/12.xml
Al Jazeera,aljazeera.com,https://www.aljazeera.com/news/2025/12/3/collective-punishment-family-home-of-suspect-demolished-in-west-bank,2025-12-03T18:55:56Z,2026-02-19T09:34:08+00:00,ac28a267d122,aj_xml_sitemap,https://www.aljazeera.com/sitemaps/article-archive/2025/12.xml
Al Jazeera,aljazeera.com,https://www.aljazeera.com/news/2025/12/3/israel-accused-of-manoeuvring-as-it-says-gaza-crossing-open-one-way-only,2025-12-04T06:05:17Z,2026-02-19T09:34:08+00:00,e5e145af1dd0,aj_xml_sitemap,https://www.aljazeera.com/sitemaps/article-archive/2025/12.xml
Al Jazeera,aljazeera.com,https://www.aljazeera.com/news/2025/12/3/lebanon-and-israel-talks-raise-hope-of-more-robust-expanded-truce,2025-12-03T13:11:07Z,2026-02-19T09:34:08+00:00,87a8dc2ff5ee,aj_xml_sitemap,https://www.aljazeera.com/sitemaps/article-archive/2025/12.xml
Al Jazeera,aljazeera.com,https://www.aljazeera.com/news/2025/12/2/israeli-forces-kill-two-palestinian-teenagers-in-occupied-west-bank,2025-12-02T17:30:00Z,2026-02-19T09:34:08+00:00,fa75ba3d8a7a,aj_xml_sitemap,https://www.aljazeera.com/sitemaps/article-archive/2025/12.xml
Al Jazeera,aljazeera.com,https://www.aljazeera.com/news/2025/12/2/israels-netanyahu-says-deal-with-syria-possible-but-demands-buffer-zone,2025-12-02T18:14:17Z,2026-02-19T09:34:08+00:00,3c2923a8320c,aj_xml_sitemap,https://www.aljazeera.com/sitemaps/article-archive/2025/12.xml
Al Jazeera,aljazeera.com,https://www.aljazeera.com/news/2025/12/2/beyond-netanyahu-israels-major-political-corruption-scandals,2025-12-02T13:07:01Z,2026-02-19T09:34:08+00:00,be707df5e088,aj_xml_sitemap,https://www.aljazeera.com/sitemaps/article-archive/2025/12.xml
Al Jazeera,aljazeera.com,https://www.aljazeera.com/news/2025/12/1/trump-says-israel-must-seek-strong-and-true-dialogue-with-syria,2025-12-01T18:23:22Z,2026-02-19T09:34:08+00:00,951179b3f06b,aj_xml_sitemap,https://www.aljazeera.com/sitemaps/article-archive/2025/12.xml
Al Jazeera,aljazeera.com,https://www.aljazeera.com/news/2025/12/1/a-gaza-family-split-by-medical-evacuation-hopes-transplant-could-unite-them,2025-12-01T10:14:28Z,2026-02-19T09:34:08+00:00,07cde9ff438f,aj_xml_sitemap,https://www.aljazeera.com/sitemaps/article-archive/2025/12.xml
Al Jazeera,aljazeera.com,https://www.aljazeera.com/news/2025/12/1/israels-genocidal-war-forces-gaza-children-into-work-as-breadwinners,2025-12-01T10:46:01Z,2026-02-19T09:34:08+00:00,ae8949641b7e,aj_xml_sitemap,https://www.aljazeera.com/sitemaps/article-archive/2025/12.xml
Al Jazeera,aljazeera.com,https://www.aljazeera.com/news/2025/12/1/israelis-protest-in-tel-aviv-after-netanyahu-seeks-pardon-on-fraud-cases,2025-12-01T11:57:26Z,2026-02-19T09:34:08+00:00,266cabf9969f,aj_xml_sitemap,https://www.aljazeera.com/sitemaps/article-archive/2025/12.xml
Al Jazeera,aljazeera.com,https://www.aljazeera.com/news/longform/2025/12/29/all-the-countries-israel-attacked-in-2025-animated-map,2025-12-29T05:16:43Z,2026-02-19T09:34:08+00:00,21152062135e,aj_xml_sitemap,https://www.aljazeera.com/sitemaps/article-archive/2025/12.xml
Al Jazeera,aljazeera.com,https://www.aljazeera.com/news/longform/2025/12/3/oil-presses-stand-silent-as-west-bank-has-its-worst-olive-harvest-in-years,2025-12-03T12:53:56Z,2026-02-19T09:34:08+00:00,9bbdfbe64902,aj_xml_sitemap,https://www.aljazeera.com/sitemaps/article-archive/2025/12.xml
Al Jazeera,aljazeera.com,https://www.aljazeera.com/news/2025/11/30/pope-leo-insists-on-2-state-solution-to-resolve-israel-palestine-conflict,2025-12-01T10:18:26Z,2026-02-19T09:34:09+00:00,81c58f9cdac2,aj_xml_sitemap,https://www.aljazeera.com/sitemaps/article-archive/2025/11.xml
Al Jazeera,aljazeera.com,https://www.aljazeera.com/news/2025/11/30/israel-attacks-on-syria-what-happened-who-did-israel-claim-it-was-after,2025-12-01T07:32:13Z,2026-02-19T09:34:09+00:00,fef325765475,aj_xml_sitemap,https://www.aljazeera.com/sitemaps/article-archive/2025/11.xml
Al Jazeera,aljazeera.com,https://www.aljazeera.com/news/2025/11/30/netanyahu-writes-to-israeli-president-requesting-pardon-in-corruption-cases,2025-11-30T22:45:22Z,2026-02-19T09:34:09+00:00,bed5e4bf7f82,aj_xml_sitemap,https://www.aljazeera.com/sitemaps/article-archive/2025/11.xml
Al Jazeera,aljazeera.com,https://www.aljazeera.com/news/2025/11/30/tens-of-thousands-march-in-europe-denouncing-israels-genocide-in-gaza,2025-11-30T04:32:02Z,2026-02-19T09:34:09+00:00,8f7b9ea8e61c,aj_xml_sitemap,https://www.aljazeera.com/sitemaps/article-archive/2025/11.xml
Al Jazeera,aljazeera.com,https://www.aljazeera.com/news/2025/11/29/israeli-attack-kills-two-children-in-southern-gaza-despite-ceasefire,2025-11-29T16:08:35Z,2026-02-19T09:34:09+00:00,0495b37342a4,aj_xml_sitemap,https://www.aljazeera.com/sitemaps/article-archive/2025/11.xml
Al Jazeera,aljazeera.com,https://www.aljazeera.com/news/2025/11/29/israeli-forces-injure-hundreds-of-palestinians-in-raids-on-tubas-west-bank,2025-11-29T16:18:11Z,2026-02-19T09:34:09+00:00,2f33d5f4517e,aj_xml_sitemap,https://www.aljazeera.com/sitemaps/article-archive/2025/11.xml
Al Jazeera,aljazeera.com,https://www.aljazeera.com/news/2025/11/28/palestinians-forced-into-lockdown-as-israels-west-bank-assault-continues,2025-11-28T22:08:48Z,2026-02-19T09:34:09+00:00,4aed7067ec3c,aj_xml_sitemap,https://www.aljazeera.com/sitemaps/article-archive/2025/11.xml
Al Jazeera,aljazeera.com,https://www.aljazeera.com/news/2025/11/28/jenin-killings-latest-example-of-israels-shoot-to-kill-policy,2025-11-28T22:32:41Z,2026-02-19T09:34:09+00:00,defe5ae33d88,aj_xml_sitemap,https://www.aljazeera.com/sitemaps/article-archive/2025/11.xml
Al Jazeera,aljazeera.com,https://www.aljazeera.com/news/2025/11/28/hezbollah-leader-promises-response-to-israels-strike-killing-top-commander,2025-11-28T19:30:36Z,2026-02-19T09:34:09+00:00,fffb05fd39b5,aj_xml_sitemap,https://www.aljazeera.com/sitemaps/article-archive/2025/11.xml
Al Jazeera,aljazeera.com,https://www.aljazeera.com/news/2025/11/28/jenin-killings-highlight-israeli-system-of-total-impunity-rights-groups,2025-11-28T17:43:19Z,2026-02-19T09:34:09+00:00,3f70a44bef22,aj_xml_sitemap,https://www.aljazeera.com/sitemaps/article-archive/2025/11.xml
Al Jazeera,aljazeera.com,https://www.aljazeera.com/news/2025/11/28/israeli-forces-syrians-clash-in-damascus-countryside-casualties-reported,2025-11-28T13:37:14Z,2026-02-19T09:34:09+00:00,28978dce2d50,aj_xml_sitemap,https://www.aljazeera.com/sitemaps/article-archive/2025/11.xml
Al Jazeera,aljazeera.com,https://www.aljazeera.com/news/2025/11/27/israeli-troops-kill-two-palestinians-in-jenin-as-they-try-to-surrender,2025-11-27T20:00:17Z,2026-02-19T09:34:09+00:00,894853e53c08,aj_xml_sitemap,https://www.aljazeera.com/sitemaps/article-archive/2025/11.xml
Al Jazeera,aljazeera.com,https://www.aljazeera.com/news/2025/11/27/us-teen-mohammed-ibrahim-released-from-israeli-prison-after-nine-months,2025-11-28T03:44:24Z,2026-02-19T09:34:09+00:00,193f59f34f85,aj_xml_sitemap,https://www.aljazeera.com/sitemaps/article-archive/2025/11.xml
Al Jazeera,aljazeera.com,https://www.aljazeera.com/news/2025/11/27/us-appears-to-back-plan-to-divide-gaza-rebuild-israeli-controlled-side,2025-11-27T16:01:32Z,2026-02-19T09:34:09+00:00,c001fa1d20f6,aj_xml_sitemap,https://www.aljazeera.com/sitemaps/article-archive/2025/11.xml
Al Jazeera,aljazeera.com,https://www.aljazeera.com/news/2025/11/27/israel-escalates-aerial-assault-of-southern-central-gaza-past-yellow-line,2025-11-27T12:01:45Z,2026-02-19T09:34:09+00:00,bce5fdded91a,aj_xml_sitemap,https://www.aljazeera.com/sitemaps/article-archive/2025/11.xml
Al Jazeera,aljazeera.com,https://www.aljazeera.com/news/2025/11/26/palestine-action-cofounder-appears-in-court-to-overturn-uk-government-ban,2025-11-26T13:45:01Z,2026-02-19T09:34:09+00:00,3a40da2ec6a5,aj_xml_sitemap,https://www.aljazeera.com/sitemaps/article-archive/2025/11.xml
Al Jazeera,aljazeera.com,https://www.aljazeera.com/news/2025/11/26/israels-siege-on-west-bank-city-raises-alarms-over-ethnic-cleansing,2025-11-26T11:43:19Z,2026-02-19T09:34:09+00:00,7c5f507c96b9,aj_xml_sitemap,https://www.aljazeera.com/sitemaps/article-archive/2025/11.xml
Al Jazeera,aljazeera.com,https://www.aljazeera.com/news/2025/11/26/germanys-shutdown-of-pro-palestine-conference-to-be-challenged-in-court,2025-11-27T11:53:14Z,2026-02-19T09:34:09+00:00,d5b62cfddf4a,aj_xml_sitemap,https://www.aljazeera.com/sitemaps/article-archive/2025/11.xml
Al Jazeera,aljazeera.com,https://www.aljazeera.com/news/2025/11/26/powerful-storms-floods-bring-new-challenges-to-palestinians-in-gaza,2025-11-26T10:06:33Z,2026-02-19T09:34:09+00:00,d5bd7dab8309,aj_xml_sitemap,https://www.aljazeera.com/sitemaps/article-archive/2025/11.xml
Al Jazeera,aljazeera.com,https://www.aljazeera.com/news/2025/11/25/israels-push-to-displace-thousands-from-the-occupied-west-bank,2025-11-25T19:03:19Z,2026-02-19T09:34:09+00:00,4536d68ca31d,aj_xml_sitemap,https://www.aljazeera.com/sitemaps/article-archive/2025/11.xml
Al Jazeera,aljazeera.com,https://www.aljazeera.com/news/2025/11/25/us-backed-ghf-aid-mission-in-gaza-ends-a-timeline-of-violence,2025-11-25T15:44:07Z,2026-02-19T09:34:09+00:00,7db601996e26,aj_xml_sitemap,https://www.aljazeera.com/sitemaps/article-archive/2025/11.xml
Al Jazeera,aljazeera.com,https://www.aljazeera.com/news/2025/11/25/un-calls-for-probe-into-israels-strikes-on-lebanon,2025-11-25T15:34:20Z,2026-02-19T09:34:09+00:00,d35bc9682bb3,aj_xml_sitemap,https://www.aljazeera.com/sitemaps/article-archive/2025/11.xml
Al Jazeera,aljazeera.com,https://www.aljazeera.com/news/2025/11/25/israel-says-red-cross-receives-remains-of-deceased-gaza-captive,2025-11-25T23:18:22Z,2026-02-19T09:34:09+00:00,fa45f98b77c4,aj_xml_sitemap,https://www.aljazeera.com/sitemaps/article-archive/2025/11.xml
Al Jazeera,aljazeera.com,https://www.aljazeera.com/news/2025/11/25/us-calls-on-sudans-warring-parties-to-accept-ceasefire-plan-unaltered,2025-11-25T14:29:07Z,2026-02-19T09:34:09+00:00,0aa79f8b2a12,aj_xml_sitemap,https://www.aljazeera.com/sitemaps/article-archive/2025/11.xml
Al Jazeera,aljazeera.com,https://www.aljazeera.com/news/2025/11/25/israels-war-on-gaza-curbs-drive-palestinian-economy-to-record-collapse,2025-11-25T12:53:00Z,2026-02-19T09:34:09+00:00,b857ca711eef,aj_xml_sitemap,https://www.aljazeera.com/sitemaps/article-archive/2025/11.xml
Al Jazeera,aljazeera.com,https://www.aljazeera.com/news/2025/11/25/palestine-action-cofounder-to-challenge-groups-proscription-in-uk-court,2025-11-25T13:00:33Z,2026-02-19T09:34:09+00:00,c43cedbd80b9,aj_xml_sitemap,https://www.aljazeera.com/sitemaps/article-archive/2025/11.xml
Al Jazeera,aljazeera.com,https://www.aljazeera.com/news/2025/11/24/israel-kills-four-palestinians-as-attacks-continue-despite-gaza-ceasefire,2025-11-25T00:49:41Z,2026-02-19T09:34:09+00:00,cc0b9207c4d1,aj_xml_sitemap,https://www.aljazeera.com/sitemaps/article-archive/2025/11.xml
Al Jazeera,aljazeera.com,https://www.aljazeera.com/news/2025/11/24/reckless-rights-group-decries-germany-lifting-arms-embargo-on-israel,2025-11-25T12:45:57Z,2026-02-19T09:34:09+00:00,92e75a4fb3b3,aj_xml_sitemap,https://www.aljazeera.com/sitemaps/article-archive/2025/11.xml
Al Jazeera,aljazeera.com,https://www.aljazeera.com/news/2025/11/24/controversial-us-backed-ghf-to-end-mission-in-gaza-statement,2025-11-24T18:42:45Z,2026-02-19T09:34:09+00:00,0c5f56266321,aj_xml_sitemap,https://www.aljazeera.com/sitemaps/article-archive/2025/11.xml
Al Jazeera,aljazeera.com,https://www.aljazeera.com/news/2025/11/24/israel-fires-military-commanders-over-october-7-failures,2025-11-25T12:50:18Z,2026-02-19T09:34:09+00:00,c7da907ffd63,aj_xml_sitemap,https://www.aljazeera.com/sitemaps/article-archive/2025/11.xml
Al Jazeera,aljazeera.com,https://www.aljazeera.com/news/2025/11/24/who-was-haytham-ali-tabatabai-hezbollah-official-killed-by-israel,2025-11-24T15:00:06Z,2026-02-19T09:34:09+00:00,98be9b3b0ca6,aj_xml_sitemap,https://www.aljazeera.com/sitemaps/article-archive/2025/11.xml
Al Jazeera,aljazeera.com,https://www.aljazeera.com/news/2025/11/24/hamas-meet-egypts-spy-chief-says-israels-attacks-on-gaza-threaten-truce,2025-11-24T03:06:50Z,2026-02-19T09:34:09+00:00,ee5ecae76061,aj_xml_sitemap,https://www.aljazeera.com/sitemaps/article-archive/2025/11.xml
Al Jazeera,aljazeera.com,https://www.aljazeera.com/news/2025/11/23/israel-bombs-southern-suburbs-of-beirut,2025-11-25T01:21:00Z,2026-02-19T09:34:09+00:00,2641663b3b19,aj_xml_sitemap,https://www.aljazeera.com/sitemaps/article-archive/2025/11.xml
Al Jazeera,aljazeera.com,https://www.aljazeera.com/news/2025/11/23/palestinian-sculptors-create-art-on-gaza-beach-sand-to-escape-israels-war,2025-11-23T12:28:17Z,2026-02-19T09:34:09+00:00,4f6b9f327de0,aj_xml_sitemap,https://www.aljazeera.com/sitemaps/article-archive/2025/11.xml
Al Jazeera,aljazeera.com,https://www.aljazeera.com/news/2025/11/23/houthi-court-sentences-17-to-death-accused-of-spying-for-israel-west,2025-11-23T09:43:34Z,2026-02-19T09:34:09+00:00,4644974067fa,aj_xml_sitemap,https://www.aljazeera.com/sitemaps/article-archive/2025/11.xml
Al Jazeera,aljazeera.com,https://www.aljazeera.com/news/2025/11/23/israel-has-violated-gaza-truce-nearly-500-times-in-44-days-killed-hundreds,2025-11-23T10:02:57Z,2026-02-19T09:34:09+00:00,6436c3accb26,aj_xml_sitemap,https://www.aljazeera.com/sitemaps/article-archive/2025/11.xml
Al Jazeera,aljazeera.com,https://www.aljazeera.com/news/2025/11/22/violence-never-ended-israeli-attacks-kill-nearly-two-dozen-in-gaza,2025-11-23T00:47:09Z,2026-02-19T09:34:09+00:00,40221078842e,aj_xml_sitemap,https://www.aljazeera.com/sitemaps/article-archive/2025/11.xml
Al Jazeera,aljazeera.com,https://www.aljazeera.com/news/2025/11/22/young-man-documents-gazas-untold-stories-of-israels-genocide-in-book,2025-11-22T11:47:02Z,2026-02-19T09:34:09+00:00,2654ff8a0a7c,aj_xml_sitemap,https://www.aljazeera.com/sitemaps/article-archive/2025/11.xml
Al Jazeera,aljazeera.com,https://www.aljazeera.com/news/2025/11/22/indonesian-muslim-group-tells-leader-to-resign-over-pro-israel-speaker,2025-11-22T07:43:29Z,2026-02-19T09:34:09+00:00,8072d9cd0f6e,aj_xml_sitemap,https://www.aljazeera.com/sitemaps/article-archive/2025/11.xml
Al Jazeera,aljazeera.com,https://www.aljazeera.com/news/2025/11/22/can-pakistan-join-the-gaza-stabilisation-force-without-facing-backlash,2025-11-22T20:47:05Z,2026-02-19T09:34:09+00:00,22a0494c0f92,aj_xml_sitemap,https://www.aljazeera.com/sitemaps/article-archive/2025/11.xml
Al Jazeera,aljazeera.com,https://www.aljazeera.com/news/2025/11/21/mahmood-mamdani-says-palestine-helped-motivate-son-zohrans-mayoral-run,2025-11-21T21:57:41Z,2026-02-19T09:34:09+00:00,61bcd55f0469,aj_xml_sitemap,https://www.aljazeera.com/sitemaps/article-archive/2025/11.xml
Al Jazeera,aljazeera.com,https://www.aljazeera.com/news/2025/11/21/at-least-67-palestinian-children-killed-in-gaza-since-ceasefire-began-un,2025-11-21T18:17:07Z,2026-02-19T09:34:09+00:00,c36b28dccfcc,aj_xml_sitemap,https://www.aljazeera.com/sitemaps/article-archive/2025/11.xml
Al Jazeera,aljazeera.com,https://www.aljazeera.com/news/2025/11/21/despite-gaza-ceasefire-we-havent-seen-the-worst-btselem-chief,2025-11-21T14:53:41Z,2026-02-19T09:34:09+00:00,1d31a9171302,aj_xml_sitemap,https://www.aljazeera.com/sitemaps/article-archive/2025/11.xml
Al Jazeera,aljazeera.com,https://www.aljazeera.com/news/2025/11/21/israeli-incursions-abductions-stoke-fear-in-syrias-occupied-golan-heights,2025-11-21T12:48:19Z,2026-02-19T09:34:09+00:00,b93e609efd91,aj_xml_sitemap,https://www.aljazeera.com/sitemaps/article-archive/2025/11.xml
Al Jazeera,aljazeera.com,https://www.aljazeera.com/news/2025/11/21/israel-plans-to-seize-major-roman-era-historical-site-in-occupied-west-bank,2025-11-21T07:33:24Z,2026-02-19T09:34:09+00:00,42c3ae165919,aj_xml_sitemap,https://www.aljazeera.com/sitemaps/article-archive/2025/11.xml
Al Jazeera,aljazeera.com,https://www.aljazeera.com/news/2025/11/21/white-house-unaware-that-us-ambassador-to-israel-met-with-convicted-spy,2025-11-21T10:02:06Z,2026-02-19T09:34:09+00:00,f7eaefe054b2,aj_xml_sitemap,https://www.aljazeera.com/sitemaps/article-archive/2025/11.xml
Al Jazeera,aljazeera.com,https://www.aljazeera.com/news/2025/11/20/palestinians-squeezed-as-israel-moves-beyond-yellow-line-in-gaza-city,2025-11-20T19:54:51Z,2026-02-19T09:34:09+00:00,8617d8174bce,aj_xml_sitemap,https://www.aljazeera.com/sitemaps/article-archive/2025/11.xml
Al Jazeera,aljazeera.com,https://www.aljazeera.com/news/2025/11/20/after-israel-pms-trip-to-occupied-syria-is-a-deal-off-the-table,2025-11-25T12:39:27Z,2026-02-19T09:34:09+00:00,07a6df64ad24,aj_xml_sitemap,https://www.aljazeera.com/sitemaps/article-archive/2025/11.xml
Al Jazeera,aljazeera.com,https://www.aljazeera.com/news/2025/11/20/israels-emptying-of-west-bank-refugee-camps-amounts-to-war-crimes-hrw,2025-11-20T16:15:07Z,2026-02-19T09:34:09+00:00,d588e96e15cd,aj_xml_sitemap,https://www.aljazeera.com/sitemaps/article-archive/2025/11.xml
Al Jazeera,aljazeera.com,https://www.aljazeera.com/news/2025/11/20/gaza-girl-orphaned-in-israeli-strike-rebuilds-her-life-with-severe-burns,2025-11-20T11:44:23Z,2026-02-19T09:34:09+00:00,97b66a626751,aj_xml_sitemap,https://www.aljazeera.com/sitemaps/article-archive/2025/11.xml
Al Jazeera,aljazeera.com,https://www.aljazeera.com/news/2025/11/19/syria-condemns-israeli-pm-netanyahus-illegal-visit-to-seized-territory,2025-11-19T23:09:11Z,2026-02-19T09:34:09+00:00,6fa36e8c42f4,aj_xml_sitemap,https://www.aljazeera.com/sitemaps/article-archive/2025/11.xml
Al Jazeera,aljazeera.com,https://www.aljazeera.com/news/2025/11/19/family-demands-independent-medical-care-for-us-teen-detained-by-israel,2025-11-19T22:48:21Z,2026-02-19T09:34:09+00:00,4aa4f7dc7d07,aj_xml_sitemap,https://www.aljazeera.com/sitemaps/article-archive/2025/11.xml
Al Jazeera,aljazeera.com,https://www.aljazeera.com/news/2025/11/19/israel-kills-at-least-25-palestinians-in-wave-of-gaza-attacks,2025-11-19T22:30:16Z,2026-02-19T09:34:09+00:00,8ea32737bcc7,aj_xml_sitemap,https://www.aljazeera.com/sitemaps/article-archive/2025/11.xml
Al Jazeera,aljazeera.com,https://www.aljazeera.com/news/2025/11/19/its-israeli-policy-report-reveals-abuse-of-palestinians-in-prisons,2025-11-20T07:32:55Z,2026-02-19T09:34:09+00:00,bf4c25604a79,aj_xml_sitemap,https://www.aljazeera.com/sitemaps/article-archive/2025/11.xml
Al Jazeera,aljazeera.com,https://www.aljazeera.com/news/2025/11/19/despite-ceasefires-in-gaza-and-lebanon-the-war-isnt-over-for-netanyahu,2025-11-23T15:47:26Z,2026-02-19T09:34:09+00:00,f41e9395ad6d,aj_xml_sitemap,https://www.aljazeera.com/sitemaps/article-archive/2025/11.xml
Al Jazeera,aljazeera.com,https://www.aljazeera.com/news/2025/11/19/deadly-israeli-attack-on-gaza-brings-death-toll-since-ceasefire-to-280,2025-11-19T13:08:21Z,2026-02-19T09:34:09+00:00,6b62454e1dd9,aj_xml_sitemap,https://www.aljazeera.com/sitemaps/article-archive/2025/11.xml
Al Jazeera,aljazeera.com,https://www.aljazeera.com/news/2025/11/18/israeli-attack-on-palestinian-refugee-camp-in-lebanon-kills-at-least-13,2025-11-19T04:38:47Z,2026-02-19T09:34:09+00:00,439062f55c58,aj_xml_sitemap,https://www.aljazeera.com/sitemaps/article-archive/2025/11.xml
Al Jazeera,aljazeera.com,https://www.aljazeera.com/news/2025/11/18/palestine-action-activists-on-trial-in-uk-over-attack-on-israeli-arms-maker,2025-11-19T06:14:13Z,2026-02-19T09:34:09+00:00,f25472c8cfdb,aj_xml_sitemap,https://www.aljazeera.com/sitemaps/article-archive/2025/11.xml
Al Jazeera,aljazeera.com,https://www.aljazeera.com/news/2025/11/18/hamas-gaza-factions-say-un-resolution-undermines-national-will,2025-11-18T18:56:19Z,2026-02-19T09:34:09+00:00,5b41719a29a8,aj_xml_sitemap,https://www.aljazeera.com/sitemaps/article-archive/2025/11.xml
Al Jazeera,aljazeera.com,https://www.aljazeera.com/news/2025/11/18/polish-company-accused-of-supplying-explosives-for-israels-war-on-gaza,2025-11-20T09:49:21Z,2026-02-19T09:34:09+00:00,e248720c2a44,aj_xml_sitemap,https://www.aljazeera.com/sitemaps/article-archive/2025/11.xml
Al Jazeera,aljazeera.com,https://www.aljazeera.com/news/2025/11/18/what-is-the-international-stabilisation-force-for-gaza,2025-11-18T13:38:14Z,2026-02-19T09:34:09+00:00,c4ce5d2307c5,aj_xml_sitemap,https://www.aljazeera.com/sitemaps/article-archive/2025/11.xml
Al Jazeera,aljazeera.com,https://www.aljazeera.com/news/2025/11/18/mixed-reactions-to-un-security-council-approval-of-gaza-plan,2025-11-18T13:15:54Z,2026-02-19T09:34:09+00:00,f5190eb2e157,aj_xml_sitemap,https://www.aljazeera.com/sitemaps/article-archive/2025/11.xml
Al Jazeera,aljazeera.com,https://www.aljazeera.com/news/2025/11/17/calls-for-answers-grow-over-canadas-interrogation-of-israel-critic,2025-11-17T22:53:22Z,2026-02-19T09:34:09+00:00,d5da397008a9,aj_xml_sitemap,https://www.aljazeera.com/sitemaps/article-archive/2025/11.xml
Al Jazeera,aljazeera.com,https://www.aljazeera.com/news/2025/11/17/unsc-approves-us-resolution-mandating-intl-stabilisation-force-in-gaza,2025-11-17T23:51:10Z,2026-02-19T09:34:09+00:00,9b7ae246f19f,aj_xml_sitemap,https://www.aljazeera.com/sitemaps/article-archive/2025/11.xml
Al Jazeera,aljazeera.com,https://www.aljazeera.com/news/2025/11/17/israeli-settlers-torch-homes-and-vehicles-in-west-bank-villages,2025-11-17T20:39:18Z,2026-02-19T09:34:09+00:00,ecfbce7c9343,aj_xml_sitemap,https://www.aljazeera.com/sitemaps/article-archive/2025/11.xml
Al Jazeera,aljazeera.com,https://www.aljazeera.com/news/2025/11/17/palestine-action-trial-begins-in-london-what-we-know,2025-11-19T06:47:08Z,2026-02-19T09:34:09+00:00,b7054e6ac9e4,aj_xml_sitemap,https://www.aljazeera.com/sitemaps/article-archive/2025/11.xml
Al Jazeera,aljazeera.com,https://www.aljazeera.com/news/2025/11/17/gazas-shelter-crisis-is-most-dangerous-disaster-of-war-authorities,2026-01-14T12:32:37Z,2026-02-19T09:34:09+00:00,0e2f3915d93c,aj_xml_sitemap,https://www.aljazeera.com/sitemaps/article-archive/2025/11.xml
Al Jazeera,aljazeera.com,https://www.aljazeera.com/news/2025/11/17/mothers-children-suffer-israels-engineered-starvation-in-gaza,2025-11-17T17:14:13Z,2026-02-19T09:34:09+00:00,c0114dcc995c,aj_xml_sitemap,https://www.aljazeera.com/sitemaps/article-archive/2025/11.xml
Al Jazeera,aljazeera.com,https://www.aljazeera.com/news/2025/11/17/israels-ben-gvir-urges-killing-pa-officials-if-un-backs-palestinian-state,2025-11-17T19:20:42Z,2026-02-19T09:34:09+00:00,3c8ee936f0b5,aj_xml_sitemap,https://www.aljazeera.com/sitemaps/article-archive/2025/11.xml
Al Jazeera,aljazeera.com,https://www.aljazeera.com/news/2025/11/17/germany-lifts-curbs-on-arms-exports-to-israel-citing-gaza-ceasefire,2025-11-17T14:48:15Z,2026-02-19T09:34:09+00:00,35f4c4513ed8,aj_xml_sitemap,https://www.aljazeera.com/sitemaps/article-archive/2025/11.xml
Al Jazeera,aljazeera.com,https://www.aljazeera.com/news/2025/11/17/palestinian-deaths-in-israeli-jails-surge-amid-gaza-war-report,2025-11-17T13:31:39Z,2026-02-19T09:34:09+00:00,4ba8368fa779,aj_xml_sitemap,https://www.aljazeera.com/sitemaps/article-archive/2025/11.xml
Al Jazeera,aljazeera.com,https://www.aljazeera.com/news/2025/11/16/israel-kills-at-least-three-in-gaza-as-thousands-endure-heavy-flooding,2025-11-17T05:48:14Z,2026-02-19T09:34:09+00:00,9549148e8d91,aj_xml_sitemap,https://www.aljazeera.com/sitemaps/article-archive/2025/11.xml
Al Jazeera,aljazeera.com,https://www.aljazeera.com/news/2025/11/16/israel-pushes-us-to-close-door-on-palestinian-statehood-before-un-vote,2025-11-16T19:15:24Z,2026-02-19T09:34:09+00:00,682c612dba5a,aj_xml_sitemap,https://www.aljazeera.com/sitemaps/article-archive/2025/11.xml
Al Jazeera,aljazeera.com,https://www.aljazeera.com/news/2025/11/16/whats-the-shadowy-organisation-taking-gaza-palestinians-to-south-africa,2025-11-17T07:53:28Z,2026-02-19T09:34:09+00:00,34ad76dd6a27,aj_xml_sitemap,https://www.aljazeera.com/sitemaps/article-archive/2025/11.xml
Al Jazeera,aljazeera.com,https://www.aljazeera.com/news/2025/11/16/skateboarding-helps-gaza-children-with-trauma-amid-ruins-adds-rare-joy,2025-11-17T00:26:20Z,2026-02-19T09:34:09+00:00,b545a62fe6d3,aj_xml_sitemap,https://www.aljazeera.com/sitemaps/article-archive/2025/11.xml
Al Jazeera,aljazeera.com,https://www.aljazeera.com/news/2025/11/16/un-peacekeepers-say-israeli-forces-fired-on-them-in-southern-lebanon,2025-11-16T14:22:23Z,2026-02-19T09:34:09+00:00,319aaf5af285,aj_xml_sitemap,https://www.aljazeera.com/sitemaps/article-archive/2025/11.xml
Al Jazeera,aljazeera.com,https://www.aljazeera.com/news/2025/11/16/man-says-shadowy-group-sending-palestinians-out-of-gaza-has-israeli-support,2025-11-16T10:08:45Z,2026-02-19T09:34:09+00:00,7f061a06dfa7,aj_xml_sitemap,https://www.aljazeera.com/sitemaps/article-archive/2025/11.xml
Al Jazeera,aljazeera.com,https://www.aljazeera.com/news/2025/11/15/palestinians-reel-under-winter-rains-as-israel-blocks-gaza-shelter-supplies,2025-11-16T03:26:16Z,2026-02-19T09:34:09+00:00,4acd6b5e465a,aj_xml_sitemap,https://www.aljazeera.com/sitemaps/article-archive/2025/11.xml
Al Jazeera,aljazeera.com,https://www.aljazeera.com/news/2025/11/15/gazas-medical-students-help-health-system-decimated-by-israels-war,2025-11-15T17:58:23Z,2026-02-19T09:34:09+00:00,e19f4c32f130,aj_xml_sitemap,https://www.aljazeera.com/sitemaps/article-archive/2025/11.xml
Al Jazeera,aljazeera.com,https://www.aljazeera.com/news/2025/11/15/more-details-emerge-of-israels-brutal-treatment-of-palestinian-detainees,2025-11-15T15:14:58Z,2026-02-19T09:34:09+00:00,d31c434fb859,aj_xml_sitemap,https://www.aljazeera.com/sitemaps/article-archive/2025/11.xml
Al Jazeera,aljazeera.com,https://www.aljazeera.com/news/2025/11/15/pa-warns-against-agents-of-displacement-in-gaza-after-south-africa-flight,2025-11-15T20:13:52Z,2026-02-19T09:34:09+00:00,011ad42e0368,aj_xml_sitemap,https://www.aljazeera.com/sitemaps/article-archive/2025/11.xml
Al Jazeera,aljazeera.com,https://www.aljazeera.com/news/2025/11/14/displaced-palestinian-families-suffer-as-heavy-rains-flood-gaza-tent-camps,2025-11-14T22:16:58Z,2026-02-19T09:34:09+00:00,6485490f86f8,aj_xml_sitemap,https://www.aljazeera.com/sitemaps/article-archive/2025/11.xml
Al Jazeera,aljazeera.com,https://www.aljazeera.com/news/2025/11/14/trip-of-suffering-gaza-evacuee-details-24-hour-journey-to-south-africa,2025-11-14T22:45:07Z,2026-02-19T09:34:09+00:00,b8cd332b8a66,aj_xml_sitemap,https://www.aljazeera.com/sitemaps/article-archive/2025/11.xml
Al Jazeera,aljazeera.com,https://www.aljazeera.com/news/2025/11/14/rashida-tlaib-introduces-us-congress-resolution-to-recognise-gaza-genocide,2025-11-14T19:38:20Z,2026-02-19T09:34:09+00:00,d60bd68cc990,aj_xml_sitemap,https://www.aljazeera.com/sitemaps/article-archive/2025/11.xml
Al Jazeera,aljazeera.com,https://www.aljazeera.com/news/2025/11/14/un-peacekeepers-say-israel-built-walls-inside-lebanese-territory,2025-11-14T19:18:40Z,2026-02-19T09:34:09+00:00,120f276a5d5c,aj_xml_sitemap,https://www.aljazeera.com/sitemaps/article-archive/2025/11.xml
Al Jazeera,aljazeera.com,https://www.aljazeera.com/news/2025/11/14/normalising-hate-israel-leans-in-to-anti-palestinian-violence-rhetoric,2025-11-14T19:22:11Z,2026-02-19T09:34:09+00:00,69c72528701f,aj_xml_sitemap,https://www.aljazeera.com/sitemaps/article-archive/2025/11.xml
Al Jazeera,aljazeera.com,https://www.aljazeera.com/news/2025/11/14/indonesia-readies-gaza-stabilisation-force-hosts-jordans-king-for-talks,2025-11-14T14:13:23Z,2026-02-19T09:34:09+00:00,255e536a2dec,aj_xml_sitemap,https://www.aljazeera.com/sitemaps/article-archive/2025/11.xml
Al Jazeera,aljazeera.com,https://www.aljazeera.com/news/2025/11/14/amputees-from-israels-gaza-war-use-homemade-prosthetics-to-re-enter-life,2025-11-14T13:40:44Z,2026-02-19T09:34:09+00:00,c3762a54b3bb,aj_xml_sitemap,https://www.aljazeera.com/sitemaps/article-archive/2025/11.xml
Al Jazeera,aljazeera.com,https://www.aljazeera.com/news/2025/11/14/unrwa-slams-israel-for-crippling-gaza-efforts-aid-woefully-short-of-needs,2025-11-14T11:44:24Z,2026-02-19T09:34:09+00:00,e0874c07e41c,aj_xml_sitemap,https://www.aljazeera.com/sitemaps/article-archive/2025/11.xml
Al Jazeera,aljazeera.com,https://www.aljazeera.com/news/2025/11/14/us-pushes-security-council-to-back-gaza-plan-as-russia-offers-counter-text,2025-11-14T06:52:25Z,2026-02-19T09:34:09+00:00,71e4f943f313,aj_xml_sitemap,https://www.aljazeera.com/sitemaps/article-archive/2025/11.xml
Al Jazeera,aljazeera.com,https://www.aljazeera.com/news/2025/11/14/south-africa-lets-153-palestinians-disembark-following-12-hour-plane-ordeal,2025-11-14T22:06:50Z,2026-02-19T09:34:09+00:00,0b72a65c1a82,aj_xml_sitemap,https://www.aljazeera.com/sitemaps/article-archive/2025/11.xml
Al Jazeera,aljazeera.com,https://www.aljazeera.com/news/2025/11/13/israeli-settler-attack-on-west-bank-mosque-draws-international-condemnation,2025-11-13T23:23:46Z,2026-02-19T09:34:09+00:00,997c1f3b2c0c,aj_xml_sitemap,https://www.aljazeera.com/sitemaps/article-archive/2025/11.xml
Al Jazeera,aljazeera.com,https://www.aljazeera.com/news/2025/11/13/gaza-girl-shares-story-of-being-found-alive-in-morgue-after-israeli-attack,2025-11-13T16:22:24Z,2026-02-19T09:34:09+00:00,cd71fe313934,aj_xml_sitemap,https://www.aljazeera.com/sitemaps/article-archive/2025/11.xml
Al Jazeera,aljazeera.com,https://www.aljazeera.com/news/2025/11/13/gaza-woman-blinded-in-israeli-strike-opens-bakery-to-subsist-and-hope,2025-12-01T05:14:24Z,2026-02-19T09:34:09+00:00,c4faeabf8bd6,aj_xml_sitemap,https://www.aljazeera.com/sitemaps/article-archive/2025/11.xml
Al Jazeera,aljazeera.com,https://www.aljazeera.com/news/2025/11/13/israeli-president-condemns-shocking-settler-attacks-in-occupied-west-bank,2025-11-13T07:33:21Z,2026-02-19T09:34:09+00:00,62ed784e893b,aj_xml_sitemap,https://www.aljazeera.com/sitemaps/article-archive/2025/11.xml
Al Jazeera,aljazeera.com,https://www.aljazeera.com/news/2025/11/13/us-knew-israeli-officials-discussed-use-of-human-shields-in-gaza-report,2025-11-13T05:19:52Z,2026-02-19T09:34:09+00:00,e3a474c10419,aj_xml_sitemap,https://www.aljazeera.com/sitemaps/article-archive/2025/11.xml
Al Jazeera,aljazeera.com,https://www.aljazeera.com/news/2025/11/12/trump-formally-asks-israeli-president-to-pardon-netanyahu-after-gaza-truce,2025-11-12T15:25:03Z,2026-02-19T09:34:09+00:00,046f59480c42,aj_xml_sitemap,https://www.aljazeera.com/sitemaps/article-archive/2025/11.xml
Al Jazeera,aljazeera.com,https://www.aljazeera.com/news/2025/11/12/zikim-crossing-in-northern-gaza-opens-for-humanitarian-aid-israel-says,2025-11-12T12:10:15Z,2026-02-19T09:34:09+00:00,47a867cb1144,aj_xml_sitemap,https://www.aljazeera.com/sitemaps/article-archive/2025/11.xml
Al Jazeera,aljazeera.com,https://www.aljazeera.com/news/2025/11/12/dozens-of-athletes-call-on-uefa-to-ban-israel-over-rights-abuses,2025-11-12T00:57:19Z,2026-02-19T09:34:09+00:00,3cc50be1f6cb,aj_xml_sitemap,https://www.aljazeera.com/sitemaps/article-archive/2025/11.xml
Al Jazeera,aljazeera.com,https://www.aljazeera.com/news/2025/11/11/israeli-forces-kill-three-in-gaza-as-settlers-attack-in-the-occupied-west-bank,2025-11-11T22:13:44Z,2026-02-19T09:34:09+00:00,10f482bfc830,aj_xml_sitemap,https://www.aljazeera.com/sitemaps/article-archive/2025/11.xml
Al Jazeera,aljazeera.com,https://www.aljazeera.com/news/2025/11/11/palestinian-journalist-mustafa-ayyash-to-be-extradited-to-austria,2025-11-11T21:01:28Z,2026-02-19T09:34:09+00:00,e2bdcf812b13,aj_xml_sitemap,https://www.aljazeera.com/sitemaps/article-archive/2025/11.xml
Al Jazeera,aljazeera.com,https://www.aljazeera.com/news/2025/11/11/you-can-do-anything-israeli-war-crimes-in-gaza-aired-in-uk-documentary,2025-11-11T16:32:37Z,2026-02-19T09:34:09+00:00,d97b8332dac6,aj_xml_sitemap,https://www.aljazeera.com/sitemaps/article-archive/2025/11.xml
Al Jazeera,aljazeera.com,https://www.aljazeera.com/news/2025/11/11/israeli-parliament-nods-to-bill-to-introduce-death-penalty-for,2025-11-11T20:16:38Z,2026-02-19T09:34:09+00:00,7be6249069a7,aj_xml_sitemap,https://www.aljazeera.com/sitemaps/article-archive/2025/11.xml
Al Jazeera,aljazeera.com,https://www.aljazeera.com/news/2025/11/11/how-many-times-has-israel-violated-the-gaza-ceasefire-here-are-the-numbers,2026-02-18T15:09:28Z,2026-02-19T09:34:09+00:00,c4de797f1e9d,aj_xml_sitemap,https://www.aljazeera.com/sitemaps/article-archive/2025/11.xml
Al Jazeera,aljazeera.com,https://www.aljazeera.com/news/2025/11/10/us-mediator-kushner-meets-netanyahu-for-talks-on-trumps-gaza-plan,2025-11-10T21:24:51Z,2026-02-19T09:34:09+00:00,fa7f8000a3ef,aj_xml_sitemap,https://www.aljazeera.com/sitemaps/article-archive/2025/11.xml
Al Jazeera,aljazeera.com,https://www.aljazeera.com/news/2025/11/10/israeli-drone-strike-kills-two-in-gaza-as-ceasefire-violations-mount,2025-11-11T17:42:18Z,2026-02-19T09:34:09+00:00,cd402cdc6a04,aj_xml_sitemap,https://www.aljazeera.com/sitemaps/article-archive/2025/11.xml
Al Jazeera,aljazeera.com,https://www.aljazeera.com/news/2025/11/10/iran-dismisses-us-accusation-of-plot-to-kill-israeli-ambassador-in-mexico,2025-11-10T12:33:59Z,2026-02-19T09:34:09+00:00,75b391cbd077,aj_xml_sitemap,https://www.aljazeera.com/sitemaps/article-archive/2025/11.xml
Al Jazeera,aljazeera.com,https://www.aljazeera.com/news/2025/11/9/us-highlights-gaza-aid-surge-palestinians-allege-engineered-starvation,2025-11-10T01:00:42Z,2026-02-19T09:34:09+00:00,31309524adf3,aj_xml_sitemap,https://www.aljazeera.com/sitemaps/article-archive/2025/11.xml
Al Jazeera,aljazeera.com,https://www.aljazeera.com/news/2025/11/9/israel-receives-remains-of-soldier-captured-in-gaza-in-2014,2025-11-09T17:21:01Z,2026-02-19T09:34:09+00:00,658bc367ce74,aj_xml_sitemap,https://www.aljazeera.com/sitemaps/article-archive/2025/11.xml
Al Jazeera,aljazeera.com,https://www.aljazeera.com/news/2025/11/9/israel-forces-kill-palestinian-man-during-occupied-west-bank-raid,2025-11-09T11:38:43Z,2026-02-19T09:34:09+00:00,ea5676acb313,aj_xml_sitemap,https://www.aljazeera.com/sitemaps/article-archive/2025/11.xml
Al Jazeera,aljazeera.com,https://www.aljazeera.com/news/2025/11/8/death-toll-in-israels-war-on-gaza-surpasses-69000-as-attacks-continue,2025-11-09T08:14:55Z,2026-02-19T09:34:09+00:00,5062f07ce31b,aj_xml_sitemap,https://www.aljazeera.com/sitemaps/article-archive/2025/11.xml
Al Jazeera,aljazeera.com,https://www.aljazeera.com/news/2025/11/8/israeli-attacks-kill-two-in-lebanon-as-eu-urges-it-to-respect-the-ceasefire,2025-11-08T13:59:29Z,2026-02-19T09:34:09+00:00,13e8f32e20f6,aj_xml_sitemap,https://www.aljazeera.com/sitemaps/article-archive/2025/11.xml
Al Jazeera,aljazeera.com,https://www.aljazeera.com/news/2025/11/8/gazas-water-turns-deadly-as-israels-genocide-leaves-toxic-aftermath,2025-11-08T10:32:03Z,2026-02-19T09:34:09+00:00,0870e298c514,aj_xml_sitemap,https://www.aljazeera.com/sitemaps/article-archive/2025/11.xml
Al Jazeera,aljazeera.com,https://www.aljazeera.com/news/2025/11/7/un-warns-gaza-aid-still-too-slow-as-israel-restricts-supplies-despite-truce,2025-11-07T23:02:02Z,2026-02-19T09:34:09+00:00,0dfa3a77b59e,aj_xml_sitemap,https://www.aljazeera.com/sitemaps/article-archive/2025/11.xml
Al Jazeera,aljazeera.com,https://www.aljazeera.com/news/2025/11/7/turkiye-issues-arrest-warrant-for-israels-netanyahu-over-gaza-genocide,2025-11-08T05:52:27Z,2026-02-19T09:34:09+00:00,b1d382043655,aj_xml_sitemap,https://www.aljazeera.com/sitemaps/article-archive/2025/11.xml
Al Jazeera,aljazeera.com,https://www.aljazeera.com/news/2025/11/7/gaza-reduced-dust-world-commits-doha-eradicate-poverty,2025-11-07T16:42:24Z,2026-02-19T09:34:09+00:00,cc2efb2c9dd8,aj_xml_sitemap,https://www.aljazeera.com/sitemaps/article-archive/2025/11.xml
Al Jazeera,aljazeera.com,https://www.aljazeera.com/news/2025/11/7/gazas-unrwa-schools-are-classrooms-by-day-displacement-shelters-at-night,2025-12-03T21:56:09Z,2026-02-19T09:34:09+00:00,6a99db4c6e5c,aj_xml_sitemap,https://www.aljazeera.com/sitemaps/article-archive/2025/11.xml
Al Jazeera,aljazeera.com,https://www.aljazeera.com/news/2025/11/7/trump-expects-intl-stabilisation-force-to-be-on-ground-in-gaza-very-soon,2025-11-07T08:28:28Z,2026-02-19T09:34:09+00:00,ecbfa340fe9f,aj_xml_sitemap,https://www.aljazeera.com/sitemaps/article-archive/2025/11.xml
Al Jazeera,aljazeera.com,https://www.aljazeera.com/news/2025/11/6/kazakhstan-which-already-recognises-israel-to-join-abraham-accords,2025-11-06T23:05:09Z,2026-02-19T09:34:09+00:00,e02b72cb1b4c,aj_xml_sitemap,https://www.aljazeera.com/sitemaps/article-archive/2025/11.xml
Al Jazeera,aljazeera.com,https://www.aljazeera.com/news/2025/11/6/trump-says-he-was-very-much-in-charge-of-israels-june-13-attack-on-iran,2025-11-06T22:04:18Z,2026-02-19T09:34:09+00:00,7cafe12f52e6,aj_xml_sitemap,https://www.aljazeera.com/sitemaps/article-archive/2025/11.xml
Al Jazeera,aljazeera.com,https://www.aljazeera.com/news/2025/11/6/dutch-court-rejects-bid-to-halt-arms-exports-to-israel-over-gaza-war,2025-11-06T20:56:55Z,2026-02-19T09:34:09+00:00,15229947337c,aj_xml_sitemap,https://www.aljazeera.com/sitemaps/article-archive/2025/11.xml
Al Jazeera,aljazeera.com,https://www.aljazeera.com/news/2025/11/6/rsf-says-it-agrees-to-mediators-ceasefire-proposal-in-sudan-war,2025-11-06T18:49:37Z,2026-02-19T09:34:09+00:00,09c6fc8074c8,aj_xml_sitemap,https://www.aljazeera.com/sitemaps/article-archive/2025/11.xml
Al Jazeera,aljazeera.com,https://www.aljazeera.com/news/2025/11/6/israel-ramps-up-lebanon-strikes-as-hezbollah-vows-to-defend-itself,2025-11-06T23:23:11Z,2026-02-19T09:34:09+00:00,702db85d9bdd,aj_xml_sitemap,https://www.aljazeera.com/sitemaps/article-archive/2025/11.xml
Al Jazeera,aljazeera.com,https://www.aljazeera.com/news/2025/11/6/for-gazas-fishermen-the-sea-is-their-last-lifeline-after-israels-war,2025-11-06T08:16:46Z,2026-02-19T09:34:09+00:00,16520a4d2561,aj_xml_sitemap,https://www.aljazeera.com/sitemaps/article-archive/2025/11.xml
Al Jazeera,aljazeera.com,https://www.aljazeera.com/news/2025/11/5/hamas-returns-another-israeli-captives-body-as-gaza-suffers-aid-shortages,2025-11-05T23:35:08Z,2026-02-19T09:34:09+00:00,ffc762f7acf4,aj_xml_sitemap,https://www.aljazeera.com/sitemaps/article-archive/2025/11.xml
Al Jazeera,aljazeera.com,https://www.aljazeera.com/news/2025/11/5/israels-focus-on-political-drama-rather-than-palestinian-rape-victim,2025-11-05T20:21:41Z,2026-02-19T09:34:09+00:00,849339bd26f5,aj_xml_sitemap,https://www.aljazeera.com/sitemaps/article-archive/2025/11.xml
Al Jazeera,aljazeera.com,https://www.aljazeera.com/news/2025/11/5/israel-kills-one-in-south-lebanon-as-bekaa-valley-still-reels-from-war,2025-11-05T16:46:43Z,2026-02-19T09:34:09+00:00,a57d42416c8d,aj_xml_sitemap,https://www.aljazeera.com/sitemaps/article-archive/2025/11.xml
Al Jazeera,aljazeera.com,https://www.aljazeera.com/news/2025/11/5/israel-sets-up-checkpoint-in-syrias-quneitra-in-new-breach-of-sovereignty,2025-11-05T13:20:06Z,2026-02-19T09:34:09+00:00,e7c88d1ca01b,aj_xml_sitemap,https://www.aljazeera.com/sitemaps/article-archive/2025/11.xml
Al Jazeera,aljazeera.com,https://www.aljazeera.com/news/2025/11/5/gaza-youth-artist-finds-outlet-for-her-trauma-and-grief-from-israels-war,2025-11-05T10:11:55Z,2026-02-19T09:34:09+00:00,1f181b3fb6df,aj_xml_sitemap,https://www.aljazeera.com/sitemaps/article-archive/2025/11.xml
Al Jazeera,aljazeera.com,https://www.aljazeera.com/news/2025/11/5/un-chief-warns-gaza-stabilisation-force-must-have-international-legitimacy,2025-11-05T09:53:01Z,2026-02-19T09:34:09+00:00,5fe3e5dd0881,aj_xml_sitemap,https://www.aljazeera.com/sitemaps/article-archive/2025/11.xml
Al Jazeera,aljazeera.com,https://www.aljazeera.com/news/2025/11/5/israeli-army-settlers-struck-2350-times-in-west-bank-last-month-report,2025-11-05T08:38:49Z,2026-02-19T09:34:09+00:00,23469970be98,aj_xml_sitemap,https://www.aljazeera.com/sitemaps/article-archive/2025/11.xml
Al Jazeera,aljazeera.com,https://www.aljazeera.com/news/2025/11/4/race-against-time-palestinians-suffer-from-hunger-in-gaza-despite-truce,2025-11-04T22:14:13Z,2026-02-19T09:34:09+00:00,994db55a693d,aj_xml_sitemap,https://www.aljazeera.com/sitemaps/article-archive/2025/11.xml
Al Jazeera,aljazeera.com,https://www.aljazeera.com/news/2025/11/4/why-did-wikipedia-cofounder-block-edits-to-the-gaza-genocide-page,2025-11-04T21:18:20Z,2026-02-19T09:34:09+00:00,034443582424,aj_xml_sitemap,https://www.aljazeera.com/sitemaps/article-archive/2025/11.xml
Al Jazeera,aljazeera.com,https://www.aljazeera.com/news/2025/11/3/israel-strikes-southern-lebanon-killing-two-and-wounding-seven,2025-11-03T22:11:40Z,2026-02-19T09:34:09+00:00,3db9c7cdc101,aj_xml_sitemap,https://www.aljazeera.com/sitemaps/article-archive/2025/11.xml
Al Jazeera,aljazeera.com,https://www.aljazeera.com/news/2025/11/3/israel-releases-five-palestinian-prisoners-as-killings-continue-in-gaza,2025-11-03T20:14:29Z,2026-02-19T09:34:09+00:00,bab26cc9b3f0,aj_xml_sitemap,https://www.aljazeera.com/sitemaps/article-archive/2025/11.xml
Al Jazeera,aljazeera.com,https://www.aljazeera.com/news/2025/11/3/turkiye-hosts-summit-on-gaza-says-israel-must-stop-ceasefire-violations,2025-11-03T20:07:47Z,2026-02-19T09:34:09+00:00,e4028f1097a8,aj_xml_sitemap,https://www.aljazeera.com/sitemaps/article-archive/2025/11.xml
Al Jazeera,aljazeera.com,https://www.aljazeera.com/news/2025/11/3/are-we-closer-to-a-gaza-international-peace-force-after-istanbul-meeting,2025-11-03T19:17:47Z,2026-02-19T09:34:09+00:00,a8eb353fa776,aj_xml_sitemap,https://www.aljazeera.com/sitemaps/article-archive/2025/11.xml
Al Jazeera,aljazeera.com,https://www.aljazeera.com/news/2025/11/3/israel-arrests-ex-army-lawyer-over-leaked-video-showing-palestinians-abuse,2025-11-03T17:51:24Z,2026-02-19T09:34:09+00:00,1757f497fc6e,aj_xml_sitemap,https://www.aljazeera.com/sitemaps/article-archive/2025/11.xml
Al Jazeera,aljazeera.com,https://www.aljazeera.com/news/2025/11/2/palestinians-face-hunger-cold-and-loss-amid-ongoing-israeli-siege-on-gaza,2025-11-03T02:35:40Z,2026-02-19T09:34:09+00:00,f94e87ea9e66,aj_xml_sitemap,https://www.aljazeera.com/sitemaps/article-archive/2025/11.xml
Al Jazeera,aljazeera.com,https://www.aljazeera.com/news/2025/11/2/hamas-rejects-us-accusation-it-looted-aid-trucks-in-gaza,2025-11-02T15:02:35Z,2026-02-19T09:34:09+00:00,35fe494a3948,aj_xml_sitemap,https://www.aljazeera.com/sitemaps/article-archive/2025/11.xml
Al Jazeera,aljazeera.com,https://www.aljazeera.com/news/2025/11/2/israeli-air-strike-kills-four-in-lebanon-straining-fragile-ceasefire,2025-11-02T11:30:59Z,2026-02-19T09:34:09+00:00,ef9b4bf66e68,aj_xml_sitemap,https://www.aljazeera.com/sitemaps/article-archive/2025/11.xml
Al Jazeera,aljazeera.com,https://www.aljazeera.com/news/2025/11/1/israel-still-blocking-most-gaza-aid-as-military-carries-out-more-attacks,2025-11-02T01:56:54Z,2026-02-19T09:34:09+00:00,945cad2c2ac1,aj_xml_sitemap,https://www.aljazeera.com/sitemaps/article-archive/2025/11.xml
Al Jazeera,aljazeera.com,https://www.aljazeera.com/news/2025/11/1/israeli-attacks-on-olive-harvest-threaten-palestinian-way-of-life-un,2025-11-01T16:27:17Z,2026-02-19T09:34:09+00:00,b105282abeff,aj_xml_sitemap,https://www.aljazeera.com/sitemaps/article-archive/2025/11.xml
Al Jazeera,aljazeera.com,https://www.aljazeera.com/news/2025/11/1/why-has-the-israeli-armys-top-lawyer-resigned-after-leaking-rape-evidence,2025-11-01T17:14:34Z,2026-02-19T09:34:09+00:00,38193cb71d51,aj_xml_sitemap,https://www.aljazeera.com/sitemaps/article-archive/2025/11.xml
Al Jazeera,aljazeera.com,https://www.aljazeera.com/news/2025/11/1/iran-grapples-over-social-freedoms-after-war-with-israel,2025-11-01T11:39:45Z,2026-02-19T09:34:09+00:00,d10f5c90143e,aj_xml_sitemap,https://www.aljazeera.com/sitemaps/article-archive/2025/11.xml
Al Jazeera,aljazeera.com,https://www.aljazeera.com/news/2025/10/31/houthis-say-arrested-un-staff-will-be-tried-over-israeli-strike,2025-10-31T21:54:00Z,2026-02-19T09:34:09+00:00,4e1e2fd22e50,aj_xml_sitemap,https://www.aljazeera.com/sitemaps/article-archive/2025/10.xml
Al Jazeera,aljazeera.com,https://www.aljazeera.com/news/2025/10/31/israel-returns-30-bodies-of-slain-palestinians-as-new-strikes-hit-gaza,2025-10-31T22:19:41Z,2026-02-19T09:34:09+00:00,5174107a7709,aj_xml_sitemap,https://www.aljazeera.com/sitemaps/article-archive/2025/10.xml
Al Jazeera,aljazeera.com,https://www.aljazeera.com/news/2025/10/31/lebanon-slams-israel-for-intensifying-attacks-despite-calls-to-negotiate,2025-10-31T15:59:38Z,2026-02-19T09:34:09+00:00,46a68ec5eda3,aj_xml_sitemap,https://www.aljazeera.com/sitemaps/article-archive/2025/10.xml
Al Jazeera,aljazeera.com,https://www.aljazeera.com/news/2025/10/31/israeli-army-settlers-target-palestinian-olive-harvesters-in-west,2025-10-31T18:20:11Z,2026-02-19T09:34:09+00:00,c392d19ce3ce,aj_xml_sitemap,https://www.aljazeera.com/sitemaps/article-archive/2025/10.xml
Al Jazeera,aljazeera.com,https://www.aljazeera.com/news/2025/10/31/spinning-genocide-why-is-israel-trying-to-reframe-its-war-on-gaza,2025-10-31T14:07:46Z,2026-02-19T09:34:09+00:00,e7f6fa1f65a3,aj_xml_sitemap,https://www.aljazeera.com/sitemaps/article-archive/2025/10.xml
Al Jazeera,aljazeera.com,https://www.aljazeera.com/news/2025/10/31/acute-trauma-the-ever-present-wounds-of-gazas-children-from-israels-war,2025-10-31T13:47:06Z,2026-02-19T09:34:09+00:00,3d601b611551,aj_xml_sitemap,https://www.aljazeera.com/sitemaps/article-archive/2025/10.xml
Al Jazeera,aljazeera.com,https://www.aljazeera.com/news/2025/10/30/hamas-hands-over-two-bodies-after-israel-resumes-attacks-on-gaza,2025-10-31T03:36:45Z,2026-02-19T09:34:09+00:00,206a6ec66c63,aj_xml_sitemap,https://www.aljazeera.com/sitemaps/article-archive/2025/10.xml
Al Jazeera,aljazeera.com,https://www.aljazeera.com/news/2025/10/30/spinning-genocide-how-israel-is-using-us-pr-firms-to-frame-its-gaza-war,2025-10-31T14:12:34Z,2026-02-19T09:34:09+00:00,f83e97809a4c,aj_xml_sitemap,https://www.aljazeera.com/sitemaps/article-archive/2025/10.xml
Al Jazeera,aljazeera.com,https://www.aljazeera.com/news/2025/10/30/thousands-of-ultra-orthodox-rally-in-jerusalem-against-military-service,2025-10-30T17:30:06Z,2026-02-19T09:34:09+00:00,531b7b35abb1,aj_xml_sitemap,https://www.aljazeera.com/sitemaps/article-archive/2025/10.xml
Al Jazeera,aljazeera.com,https://www.aljazeera.com/news/2025/10/30/turkiyes-erdogan-urges-germany-to-help-end-israels-genocide-in-gaza,2025-10-30T15:36:21Z,2026-02-19T09:34:09+00:00,48d86bc17fcf,aj_xml_sitemap,https://www.aljazeera.com/sitemaps/article-archive/2025/10.xml
Al Jazeera,aljazeera.com,https://www.aljazeera.com/news/2025/10/30/lebanons-aoun-says-army-to-confront-israeli-forces-after-deadly-incursion,2025-10-30T12:05:49Z,2026-02-19T09:34:09+00:00,fc9a50d28433,aj_xml_sitemap,https://www.aljazeera.com/sitemaps/article-archive/2025/10.xml
Al Jazeera,aljazeera.com,https://www.aljazeera.com/news/2025/10/30/gaza-residents-fear-more-israeli-attacks-unable-to-rebuild-their-lives,2025-10-30T09:12:29Z,2026-02-19T09:34:09+00:00,8c79a7eb62a9,aj_xml_sitemap,https://www.aljazeera.com/sitemaps/article-archive/2025/10.xml
Al Jazeera,aljazeera.com,https://www.aljazeera.com/news/2025/10/29/israeli-military-kills-two-in-new-gaza-attack-despite-resuming,2025-10-29T23:23:28Z,2026-02-19T09:34:09+00:00,bf7da0f151dd,aj_xml_sitemap,https://www.aljazeera.com/sitemaps/article-archive/2025/10.xml
Al Jazeera,aljazeera.com,https://www.aljazeera.com/news/2025/10/29/why-did-israel-launch-air-strikes-on-gaza-then-resume-truce,2025-10-29T12:08:37Z,2026-02-19T09:34:09+00:00,73fb936f1d5f,aj_xml_sitemap,https://www.aljazeera.com/sitemaps/article-archive/2025/10.xml
Al Jazeera,aljazeera.com,https://www.aljazeera.com/news/2025/10/29/israel-kills-over-100-palestinians-in-gaza-as-trump-insists-truce-holds,2025-10-29T14:59:59Z,2026-02-19T09:34:09+00:00,b1c610700b3a,aj_xml_sitemap,https://www.aljazeera.com/sitemaps/article-archive/2025/10.xml
Al Jazeera,aljazeera.com,https://www.aljazeera.com/news/2025/10/28/uns-albanese-presents-blistering-report-on-complicity-in-gaza-genocide,2025-10-28T17:39:22Z,2026-02-19T09:34:09+00:00,15d07c3709f1,aj_xml_sitemap,https://www.aljazeera.com/sitemaps/article-archive/2025/10.xml
Al Jazeera,aljazeera.com,https://www.aljazeera.com/news/2025/10/28/lebanons-aoun-calls-for-end-to-israeli-attacks-in-meeting-with-us-envoy,2025-10-28T16:42:58Z,2026-02-19T09:34:09+00:00,974c516d84fb,aj_xml_sitemap,https://www.aljazeera.com/sitemaps/article-archive/2025/10.xml
Al Jazeera,aljazeera.com,https://www.aljazeera.com/news/2025/10/28/palestinian-grandparents-care-for-36-children-orphaned-by-israel-in-gaza,2025-10-28T14:55:56Z,2026-02-19T09:34:09+00:00,cca0d082e3ee,aj_xml_sitemap,https://www.aljazeera.com/sitemaps/article-archive/2025/10.xml
Al Jazeera,aljazeera.com,https://www.aljazeera.com/news/2025/10/28/israel-says-return-of-misidentified-body-breaches-gaza-deal-mulls-response,2025-10-29T02:57:57Z,2026-02-19T09:34:09+00:00,c9f03f68a7bf,aj_xml_sitemap,https://www.aljazeera.com/sitemaps/article-archive/2025/10.xml
Al Jazeera,aljazeera.com,https://www.aljazeera.com/news/2025/10/28/the-rise-of-global-boycotts-against-israels-genocide-in-gaza,2025-10-28T09:22:54Z,2026-02-19T09:34:09+00:00,ff0120dfd58b,aj_xml_sitemap,https://www.aljazeera.com/sitemaps/article-archive/2025/10.xml
Al Jazeera,aljazeera.com,https://www.aljazeera.com/news/2025/10/27/hamas-hands-over-remains-of-captive-as-israeli-drone-strike-kills-two,2025-10-27T23:01:10Z,2026-02-19T09:34:09+00:00,1a8e61b7c7d6,aj_xml_sitemap,https://www.aljazeera.com/sitemaps/article-archive/2025/10.xml
Al Jazeera,aljazeera.com,https://www.aljazeera.com/news/2025/10/27/israel-rebuked-for-attack-on-un-in-lebanon-as-two-slain-in-latest-bombing,2025-10-27T22:50:21Z,2026-02-19T09:34:09+00:00,590ee635c7dc,aj_xml_sitemap,https://www.aljazeera.com/sitemaps/article-archive/2025/10.xml
Al Jazeera,aljazeera.com,https://www.aljazeera.com/news/2025/10/27/despite-ceasefires-israel-continues-attacks-around-the-region,2025-10-27T15:24:30Z,2026-02-19T09:34:09+00:00,888bf2484365,aj_xml_sitemap,https://www.aljazeera.com/sitemaps/article-archive/2025/10.xml
Al Jazeera,aljazeera.com,https://www.aljazeera.com/news/2025/10/26/uk-journalist-sami-hamdi-detained-in-us-amid-pro-israel-lobby-pressure,2025-10-26T23:20:23Z,2026-02-19T09:34:09+00:00,6df072638055,aj_xml_sitemap,https://www.aljazeera.com/sitemaps/article-archive/2025/10.xml
Al Jazeera,aljazeera.com,https://www.aljazeera.com/news/2025/10/26/unexploded-israeli-bombs-threaten-lives-as-gaza-clears-debris-finds-bodies,2025-10-26T21:44:37Z,2026-02-19T09:34:09+00:00,3fbd5e448b33,aj_xml_sitemap,https://www.aljazeera.com/sitemaps/article-archive/2025/10.xml
Al Jazeera,aljazeera.com,https://www.aljazeera.com/news/2025/10/26/israeli-strikes-kill-three-in-lebanon-before-army-targets-un-patrol,2025-10-26T21:30:00Z,2026-02-19T09:34:09+00:00,4db71e8ce600,aj_xml_sitemap,https://www.aljazeera.com/sitemaps/article-archive/2025/10.xml
Al Jazeera,aljazeera.com,https://www.aljazeera.com/news/2025/10/26/gaza-tribunal-calls-for-israeli-perpetrators-and-enablers-to-face-justice,2025-10-26T20:31:35Z,2026-02-19T09:34:09+00:00,807260d8c869,aj_xml_sitemap,https://www.aljazeera.com/sitemaps/article-archive/2025/10.xml
Al Jazeera,aljazeera.com,https://www.aljazeera.com/news/2025/10/26/award-winning-palestinian-author-on-israeli-prison-exile-and-homeland,2025-10-26T11:00:29Z,2026-02-19T09:34:09+00:00,e7f280ddcd88,aj_xml_sitemap,https://www.aljazeera.com/sitemaps/article-archive/2025/10.xml
Al Jazeera,aljazeera.com,https://www.aljazeera.com/news/2025/10/26/trumps-visit-to-malaysia-met-with-protests-over-war-in-gaza,2025-10-26T10:26:23Z,2026-02-19T09:34:09+00:00,4492f6583734,aj_xml_sitemap,https://www.aljazeera.com/sitemaps/article-archive/2025/10.xml
Al Jazeera,aljazeera.com,https://www.aljazeera.com/news/2025/10/26/women-in-gaza-struggling-to-overcome-damage-inflicted-by-israels-war,2025-10-26T10:15:49Z,2026-02-19T09:34:09+00:00,9bb0b70b5f32,aj_xml_sitemap,https://www.aljazeera.com/sitemaps/article-archive/2025/10.xml
Al Jazeera,aljazeera.com,https://www.aljazeera.com/news/2025/10/26/trump-jointly-signs-thailand-cambodia-ceasefire-agreement-at-asean-summit,2025-10-26T10:22:23Z,2026-02-19T09:34:09+00:00,fe0a16b6647d,aj_xml_sitemap,https://www.aljazeera.com/sitemaps/article-archive/2025/10.xml
Al Jazeera,aljazeera.com,https://www.aljazeera.com/news/2025/10/25/trump-thanks-qatar-for-mediation-efforts-as-talks-on-gaza-plan-continue,2025-10-26T05:13:36Z,2026-02-19T09:34:09+00:00,469984703624,aj_xml_sitemap,https://www.aljazeera.com/sitemaps/article-archive/2025/10.xml
Al Jazeera,aljazeera.com,https://www.aljazeera.com/news/2025/10/25/israeli-settlers-attack-more-palestinians-as-olive-harvest-violence-surges,2025-10-25T17:57:46Z,2026-02-19T09:34:09+00:00,b3b670be376c,aj_xml_sitemap,https://www.aljazeera.com/sitemaps/article-archive/2025/10.xml
Al Jazeera,aljazeera.com,https://www.aljazeera.com/news/2025/10/25/gaza-returnee-places-family-tent-over-unexploded-israeli-bomb,2025-10-25T23:28:03Z,2026-02-19T09:34:09+00:00,91cb5db526e3,aj_xml_sitemap,https://www.aljazeera.com/sitemaps/article-archive/2025/10.xml
Al Jazeera,aljazeera.com,https://www.aljazeera.com/news/2025/10/24/us-rejects-hamas-unrwa-roles-in-gaza-as-israeli-aid-blockade-persists,2025-10-25T02:29:22Z,2026-02-19T09:34:09+00:00,290e850c31c4,aj_xml_sitemap,https://www.aljazeera.com/sitemaps/article-archive/2025/10.xml
Al Jazeera,aljazeera.com,https://www.aljazeera.com/news/2025/10/24/can-israel-annex-the-west-bank-if-the-us-says-no,2025-10-24T13:12:31Z,2026-02-19T09:34:09+00:00,275f7186aa56,aj_xml_sitemap,https://www.aljazeera.com/sitemaps/article-archive/2025/10.xml
Al Jazeera,aljazeera.com,https://www.aljazeera.com/news/2025/10/24/israeli-strikes-in-southern-lebanon-kill-two-in-latest-truce-violation,2025-10-24T14:00:20Z,2026-02-19T09:34:09+00:00,d2866e1ced59,aj_xml_sitemap,https://www.aljazeera.com/sitemaps/article-archive/2025/10.xml
Al Jazeera,aljazeera.com,https://www.aljazeera.com/news/2025/10/24/palestinian-child-killed-in-israeli-raid-on-west-bank-as-settlers-rampage,2025-10-25T12:13:48Z,2026-02-19T09:34:09+00:00,309c8939ac06,aj_xml_sitemap,https://www.aljazeera.com/sitemaps/article-archive/2025/10.xml
Al Jazeera,aljazeera.com,https://www.aljazeera.com/news/2025/10/23/israeli-strikes-kill-four-in-new-lebanon-ceasefire-breach,2025-10-23T22:08:56Z,2026-02-19T09:34:09+00:00,0470ce2618df,aj_xml_sitemap,https://www.aljazeera.com/sitemaps/article-archive/2025/10.xml
Al Jazeera,aljazeera.com,https://www.aljazeera.com/news/2025/10/23/analysis-americas-51st-state-us-pressure-comes-to-bear-on-israel,2025-10-23T18:26:34Z,2026-02-19T09:34:09+00:00,4146e09a0ab1,aj_xml_sitemap,https://www.aljazeera.com/sitemaps/article-archive/2025/10.xml
Al Jazeera,aljazeera.com,https://www.aljazeera.com/news/2025/10/23/vance-criticises-israeli-parliament-vote-on-west-bank-annexation,2025-10-23T20:49:16Z,2026-02-19T09:34:09+00:00,6a24471d4ef2,aj_xml_sitemap,https://www.aljazeera.com/sitemaps/article-archive/2025/10.xml
Al Jazeera,aljazeera.com,https://www.aljazeera.com/news/2025/10/23/hunger-crisis-in-gaza-is-catastrophic-despite-ceasefire-who-chief-says,2025-10-23T16:37:29Z,2026-02-19T09:34:09+00:00,a0d5ce50495b,aj_xml_sitemap,https://www.aljazeera.com/sitemaps/article-archive/2025/10.xml
Al Jazeera,aljazeera.com,https://www.aljazeera.com/news/2025/10/23/graveyards-are-now-last-option-shelters-in-gaza-for-palestinians-amid-ruins,2025-10-23T08:43:33Z,2026-02-19T09:34:09+00:00,54cd0b3f0c0e,aj_xml_sitemap,https://www.aljazeera.com/sitemaps/article-archive/2025/10.xml
Al Jazeera,aljazeera.com,https://www.aljazeera.com/news/2025/10/23/map-of-gaza-shows-where-israeli-forces-are-positioned-under-ceasefire-deal,2025-10-23T08:13:08Z,2026-02-19T09:34:09+00:00,4a643669085b,aj_xml_sitemap,https://www.aljazeera.com/sitemaps/article-archive/2025/10.xml
Al Jazeera,aljazeera.com,https://www.aljazeera.com/news/2025/10/22/us-lawmakers-urge-trump-admin-to-secure-release-of-american-teen-in-israel,2025-10-22T21:25:57Z,2026-02-19T09:34:09+00:00,8b83697c3ae5,aj_xml_sitemap,https://www.aljazeera.com/sitemaps/article-archive/2025/10.xml
Al Jazeera,aljazeera.com,https://www.aljazeera.com/news/2025/10/22/after-icj-ruling-can-un-relief-agency-unrwa-resume-full-gaza-operations,2025-10-22T18:41:33Z,2026-02-19T09:34:09+00:00,ae9df6715557,aj_xml_sitemap,https://www.aljazeera.com/sitemaps/article-archive/2025/10.xml
Al Jazeera,aljazeera.com,https://www.aljazeera.com/news/2025/10/22/israels-parliament-advances-bill-to-annex-occupied-west-bank,2025-10-23T13:14:06Z,2026-02-19T09:34:09+00:00,b82e737f6933,aj_xml_sitemap,https://www.aljazeera.com/sitemaps/article-archive/2025/10.xml
Al Jazeera,aljazeera.com,https://www.aljazeera.com/news/2025/10/22/icj-says-israel-must-allow-aid-into-blockaded-gaza-provide-basic-needs,2025-10-22T16:18:43Z,2026-02-19T09:34:09+00:00,c8f69458ece5,aj_xml_sitemap,https://www.aljazeera.com/sitemaps/article-archive/2025/10.xml
Al Jazeera,aljazeera.com,https://www.aljazeera.com/news/2025/10/22/israel-deports-32-activists-aiding-palestinian-olive-farmers-amid-attacks,2025-10-22T13:49:43Z,2026-02-19T09:34:09+00:00,a26929413e08,aj_xml_sitemap,https://www.aljazeera.com/sitemaps/article-archive/2025/10.xml
Al Jazeera,aljazeera.com,https://www.aljazeera.com/news/2025/10/22/who-are-the-95-palestinian-healthcare-workers-held-captive-by-israel,2025-10-22T22:36:26Z,2026-02-19T09:34:09+00:00,09813c460ef2,aj_xml_sitemap,https://www.aljazeera.com/sitemaps/article-archive/2025/10.xml
Al Jazeera,aljazeera.com,https://www.aljazeera.com/news/2025/10/22/israel-hamas-return-more-bodies-of-captives-under-gaza-ceasefire-deal,2025-10-22T02:38:28Z,2026-02-19T09:34:09+00:00,3ff9c0a12355,aj_xml_sitemap,https://www.aljazeera.com/sitemaps/article-archive/2025/10.xml
Al Jazeera,aljazeera.com,https://www.aljazeera.com/news/2025/10/21/cold-cells-meagre-meals-palestinian-american-boy-suffers-in-israeli-jail,2025-10-21T23:25:55Z,2026-02-19T09:34:09+00:00,00c85feabe93,aj_xml_sitemap,https://www.aljazeera.com/sitemaps/article-archive/2025/10.xml
Al Jazeera,aljazeera.com,https://www.aljazeera.com/news/2025/10/21/israels-netanyahu-fires-national-security-chief-tzachi-hanegbi,2025-10-21T19:33:54Z,2026-02-19T09:34:09+00:00,75553bc804ab,aj_xml_sitemap,https://www.aljazeera.com/sitemaps/article-archive/2025/10.xml
Al Jazeera,aljazeera.com,https://www.aljazeera.com/news/2025/10/21/trump-claims-middle-east-countries-offered-to-fight-hamas-in-gaza,2025-10-21T16:16:44Z,2026-02-19T09:34:09+00:00,6a7e25ad03f6,aj_xml_sitemap,https://www.aljazeera.com/sitemaps/article-archive/2025/10.xml
Al Jazeera,aljazeera.com,https://www.aljazeera.com/news/2025/10/21/wfp-says-food-supplies-to-gaza-below-targets-urges-more-crossings-to-open,2025-10-21T14:31:10Z,2026-02-19T09:34:09+00:00,6aacc2b9f2e2,aj_xml_sitemap,https://www.aljazeera.com/sitemaps/article-archive/2025/10.xml
Al Jazeera,aljazeera.com,https://www.aljazeera.com/news/2025/10/20/israel-continues-deadly-breaches-of-gaza-truce-as-us-seeks-to-salvage-deal,2025-10-20T23:13:07Z,2026-02-19T09:34:09+00:00,162d6054138f,aj_xml_sitemap,https://www.aljazeera.com/sitemaps/article-archive/2025/10.xml
Al Jazeera,aljazeera.com,https://www.aljazeera.com/news/2025/10/20/pakistan-says-ceasefire-hinges-on-afghanistan-curbing-armed-groups,2025-10-20T21:32:50Z,2026-02-19T09:34:09+00:00,57c0eaad1b37,aj_xml_sitemap,https://www.aljazeera.com/sitemaps/article-archive/2025/10.xml
Al Jazeera,aljazeera.com,https://www.aljazeera.com/news/2025/10/20/has-the-gaza-ceasefire-been-broken,2025-10-20T12:27:56Z,2026-02-19T09:34:09+00:00,f26ce70e4f14,aj_xml_sitemap,https://www.aljazeera.com/sitemaps/article-archive/2025/10.xml
Al Jazeera,aljazeera.com,https://www.aljazeera.com/news/2025/10/19/what-we-know-about-pakistan-afghanistan-ceasefire-will-it-hold,2025-10-20T10:32:53Z,2026-02-19T09:34:09+00:00,4c7f82f68add,aj_xml_sitemap,https://www.aljazeera.com/sitemaps/article-archive/2025/10.xml
Al Jazeera,aljazeera.com,https://www.aljazeera.com/news/2025/10/19/israeli-strikes-kill-15-in-gaza-as-both-sides-say-the-other-breached-truce,2025-10-20T06:45:39Z,2026-02-19T09:34:09+00:00,08914169552f,aj_xml_sitemap,https://www.aljazeera.com/sitemaps/article-archive/2025/10.xml
Al Jazeera,aljazeera.com,https://www.aljazeera.com/news/2025/10/19/us-claims-gaza-ceasefire-in-jeopardy-as-hamas-plans-attack,2025-10-19T08:10:47Z,2026-02-19T09:34:09+00:00,9f5ed19d2cee,aj_xml_sitemap,https://www.aljazeera.com/sitemaps/article-archive/2025/10.xml
Al Jazeera,aljazeera.com,https://www.aljazeera.com/news/2025/10/19/afghanistan-pakistan-agree-to-immediate-ceasefire-after-talks-in-doha,2025-10-19T07:55:48Z,2026-02-19T09:34:09+00:00,a41c93a10ae9,aj_xml_sitemap,https://www.aljazeera.com/sitemaps/article-archive/2025/10.xml
Al Jazeera,aljazeera.com,https://www.aljazeera.com/news/2025/10/19/hamas-returns-bodies-of-two-more-captives-says-israel-violating-ceasefire,2025-10-19T04:28:05Z,2026-02-19T09:34:09+00:00,dd6c1193d079,aj_xml_sitemap,https://www.aljazeera.com/sitemaps/article-archive/2025/10.xml
Al Jazeera,aljazeera.com,https://www.aljazeera.com/news/2025/10/18/zaporizhzhia-nuclear-plant-repairs-begin-in-ukraine-as-ceasefire-zones-set,2025-10-18T12:05:19Z,2026-02-19T09:34:09+00:00,0e25b02fb575,aj_xml_sitemap,https://www.aljazeera.com/sitemaps/article-archive/2025/10.xml
Al Jazeera,aljazeera.com,https://www.aljazeera.com/news/2025/10/18/palestinian-detainee-relays-how-torture-in-israeli-prison-made-him-blind,2025-10-18T09:06:56Z,2026-02-19T09:34:09+00:00,4a6a25c50642,aj_xml_sitemap,https://www.aljazeera.com/sitemaps/article-archive/2025/10.xml
Al Jazeera,aljazeera.com,https://www.aljazeera.com/news/2025/10/18/israel-kills-11-palestinian-family-members-in-gazas-deadliest-truce-breach,2025-10-18T22:39:28Z,2026-02-19T09:34:09+00:00,4b15f613be89,aj_xml_sitemap,https://www.aljazeera.com/sitemaps/article-archive/2025/10.xml
Al Jazeera,aljazeera.com,https://www.aljazeera.com/news/2025/10/18/us-court-bars-israeli-spyware-firm-from-targeting-whatsapp-users,2025-10-18T06:57:48Z,2026-02-19T09:34:09+00:00,20aa43c80f08,aj_xml_sitemap,https://www.aljazeera.com/sitemaps/article-archive/2025/10.xml
Al Jazeera,aljazeera.com,https://www.aljazeera.com/news/2025/10/18/what-we-know-about-the-torture-abuse-of-palestinian-prisoners-by-israel,2025-10-18T05:53:38Z,2026-02-19T09:34:09+00:00,2f0fc5d1bc85,aj_xml_sitemap,https://www.aljazeera.com/sitemaps/article-archive/2025/10.xml
Al Jazeera,aljazeera.com,https://www.aljazeera.com/news/2025/10/17/hamas-hands-over-remains-of-one-more-israeli-captive-vows-to-return-rest,2025-10-17T22:11:40Z,2026-02-19T09:34:09+00:00,b2784178c385,aj_xml_sitemap,https://www.aljazeera.com/sitemaps/article-archive/2025/10.xml
Al Jazeera,aljazeera.com,https://www.aljazeera.com/news/2025/10/17/gaza-aid-deliveries-still-facing-israeli-roadblocks-a-week-into-ceasefire,2025-10-17T21:48:51Z,2026-02-19T09:34:09+00:00,957e6bc176cb,aj_xml_sitemap,https://www.aljazeera.com/sitemaps/article-archive/2025/10.xml
Al Jazeera,aljazeera.com,https://www.aljazeera.com/news/2025/10/17/what-are-the-six-main-problems-a-ceasefire-has-brought-benjamin-netanyahu,2025-10-17T18:16:03Z,2026-02-19T09:34:09+00:00,cb9443f79385,aj_xml_sitemap,https://www.aljazeera.com/sitemaps/article-archive/2025/10.xml
Al Jazeera,aljazeera.com,https://www.aljazeera.com/news/2025/10/17/uks-palestine-action-group-wins-legal-bid-to-challenge-ban,2025-10-17T17:02:26Z,2026-02-19T09:34:09+00:00,cddfbb38308d,aj_xml_sitemap,https://www.aljazeera.com/sitemaps/article-archive/2025/10.xml
Al Jazeera,aljazeera.com,https://www.aljazeera.com/news/2025/10/17/will-gaza-ceasefire-change-south-africas-icj-genocide-case-against-israel,2025-10-17T10:50:27Z,2026-02-19T09:34:09+00:00,57464c63f847,aj_xml_sitemap,https://www.aljazeera.com/sitemaps/article-archive/2025/10.xml
Al Jazeera,aljazeera.com,https://www.aljazeera.com/news/2025/10/17/iran-condemns-ongoing-israeli-strikes-in-lebanon-as-ceasefire-violation,2025-10-17T17:52:51Z,2026-02-19T09:34:09+00:00,39e9bbe3f27b,aj_xml_sitemap,https://www.aljazeera.com/sitemaps/article-archive/2025/10.xml
Al Jazeera,aljazeera.com,https://www.aljazeera.com/news/2025/10/16/marwan-barghoutis-son-says-family-fears-for-his-life-in-israeli-prison-2,2025-10-16T21:30:39Z,2026-02-19T09:34:09+00:00,8d88e36d2688,aj_xml_sitemap,https://www.aljazeera.com/sitemaps/article-archive/2025/10.xml
Al Jazeera,aljazeera.com,https://www.aljazeera.com/news/2025/10/16/israel-delays-rafah-crossing-reopening-as-gaza-awaits-much-needed-aid-surge,2025-10-16T22:17:18Z,2026-02-19T09:34:09+00:00,d937fcf76d59,aj_xml_sitemap,https://www.aljazeera.com/sitemaps/article-archive/2025/10.xml
Al Jazeera,aljazeera.com,https://www.aljazeera.com/news/2025/10/16/trump-threatens-to-go-in-and-kill-hamas-in-gaza-over-internal-clashes,2025-10-17T06:03:24Z,2026-02-19T09:34:09+00:00,7d86750442ff,aj_xml_sitemap,https://www.aljazeera.com/sitemaps/article-archive/2025/10.xml
Al Jazeera,aljazeera.com,https://www.aljazeera.com/news/2025/10/16/yemens-houthis-say-military-chief-killed-as-israel-claims-responsibility,2025-10-16T18:32:03Z,2026-02-19T09:34:09+00:00,7eff62369d5e,aj_xml_sitemap,https://www.aljazeera.com/sitemaps/article-archive/2025/10.xml
Al Jazeera,aljazeera.com,https://www.aljazeera.com/news/2025/10/16/un-urges-lasting-ceasefire-after-pakistan-afghanistan-clashes-kill-dozens,2025-10-16T13:35:23Z,2026-02-19T09:34:09+00:00,976679088735,aj_xml_sitemap,https://www.aljazeera.com/sitemaps/article-archive/2025/10.xml
Al Jazeera,aljazeera.com,https://www.aljazeera.com/news/2025/10/16/on-world-food-day-israel-continues-to-restrict-aid-into-gaza,2025-10-16T14:14:38Z,2026-02-19T09:34:09+00:00,9711e7fd62a7,aj_xml_sitemap,https://www.aljazeera.com/sitemaps/article-archive/2025/10.xml
Al Jazeera,aljazeera.com,https://www.aljazeera.com/news/2025/10/16/gazas-ailing-children-desperately-waiting-for-help-despite-ceasefire,2025-10-16T08:56:53Z,2026-02-19T09:34:09+00:00,1f504ca64f73,aj_xml_sitemap,https://www.aljazeera.com/sitemaps/article-archive/2025/10.xml
Al Jazeera,aljazeera.com,https://www.aljazeera.com/news/2025/10/15/gaza-medics-find-signs-of-torture-on-palestinian-bodies-returned-by-israel,2025-10-15T22:21:59Z,2026-02-19T09:34:09+00:00,66ecc0fb1a91,aj_xml_sitemap,https://www.aljazeera.com/sitemaps/article-archive/2025/10.xml
Al Jazeera,aljazeera.com,https://www.aljazeera.com/news/2025/10/15/un-calls-for-israel-to-open-more-gaza-crossings-for-surge-in-aid-deliveries,2025-10-15T21:57:16Z,2026-02-19T09:34:09+00:00,31ee85ff5715,aj_xml_sitemap,https://www.aljazeera.com/sitemaps/article-archive/2025/10.xml
Al Jazeera,aljazeera.com,https://www.aljazeera.com/news/2025/10/15/denial-and-amnesia-is-the-global-community-ready-to-welcome-israel-back,2025-10-15T17:34:15Z,2026-02-19T09:34:09+00:00,7f2603103c19,aj_xml_sitemap,https://www.aljazeera.com/sitemaps/article-archive/2025/10.xml
Al Jazeera,aljazeera.com,https://www.aljazeera.com/news/2025/10/14/south-africa-says-icj-genocide-case-will-continue-despite-gaza-ceasefire,2025-10-14T22:57:32Z,2026-02-19T09:34:09+00:00,77ac7d6515a1,aj_xml_sitemap,https://www.aljazeera.com/sitemaps/article-archive/2025/10.xml
Al Jazeera,aljazeera.com,https://www.aljazeera.com/news/2025/10/14/israel-imposes-new-gaza-aid-restrictions-keeps-rafah-crossing-closed,2025-10-14T23:37:41Z,2026-02-19T09:34:09+00:00,8fd9d8c17f31,aj_xml_sitemap,https://www.aljazeera.com/sitemaps/article-archive/2025/10.xml
Al Jazeera,aljazeera.com,https://www.aljazeera.com/news/2025/10/14/mapping-the-rise-in-israeli-settler-attacks-across-the-occupied-west-bank,2025-10-14T14:46:50Z,2026-02-19T09:34:09+00:00,0641e933b32a,aj_xml_sitemap,https://www.aljazeera.com/sitemaps/article-archive/2025/10.xml
Al Jazeera,aljazeera.com,https://www.aljazeera.com/news/2025/10/14/gaza-ceasefire-tested-as-israeli-forces-kill-five-palestinians,2025-10-14T14:39:51Z,2026-02-19T09:34:09+00:00,3ca087c6dd95,aj_xml_sitemap,https://www.aljazeera.com/sitemaps/article-archive/2025/10.xml
Al Jazeera,aljazeera.com,https://www.aljazeera.com/news/2025/10/14/fact-checking-donald-trumps-speech-in-israeli-parliament,2025-10-14T16:53:53Z,2026-02-19T09:34:09+00:00,86b1c11efecf,aj_xml_sitemap,https://www.aljazeera.com/sitemaps/article-archive/2025/10.xml
Al Jazeera,aljazeera.com,https://www.aljazeera.com/news/2025/10/14/ngos-welcome-lebanons-push-for-justice-over-israeli-attack-on-journalists,2025-10-14T10:05:58Z,2026-02-19T09:34:09+00:00,6a6c32eabe6b,aj_xml_sitemap,https://www.aljazeera.com/sitemaps/article-archive/2025/10.xml
Al Jazeera,aljazeera.com,https://www.aljazeera.com/news/2025/10/13/joint-egypt-qatar-turkiye-us-statement-on-gaza-the-full-text,2025-10-13T23:10:48Z,2026-02-19T09:34:09+00:00,f2f8e3da529e,aj_xml_sitemap,https://www.aljazeera.com/sitemaps/article-archive/2025/10.xml
Al Jazeera,aljazeera.com,https://www.aljazeera.com/news/2025/10/13/calls-grow-for-release-of-gazas-dr-hussam-abu-safia-after-ceasefire-deal,2025-10-13T22:14:21Z,2026-02-19T09:34:09+00:00,405eb26009c0,aj_xml_sitemap,https://www.aljazeera.com/sitemaps/article-archive/2025/10.xml
Al Jazeera,aljazeera.com,https://www.aljazeera.com/news/2025/10/13/five-key-takeaways-from-donald-trumps-gaza-remarks-in-middle-east,2025-10-14T09:00:12Z,2026-02-19T09:34:09+00:00,2219b0d7549d,aj_xml_sitemap,https://www.aljazeera.com/sitemaps/article-archive/2025/10.xml
Al Jazeera,aljazeera.com,https://www.aljazeera.com/news/2025/10/13/world-leaders-gather-in-egypt-for-signing-of-gaza-ceasefire-deal,2025-10-13T23:00:12Z,2026-02-19T09:34:09+00:00,1044a8378072,aj_xml_sitemap,https://www.aljazeera.com/sitemaps/article-archive/2025/10.xml
Al Jazeera,aljazeera.com,https://www.aljazeera.com/news/2025/10/13/two-palestinian-prisoners-one-went-home-the-other-was-exiled-by-israel,2025-10-13T18:39:24Z,2026-02-19T09:34:09+00:00,df0b051c55bc,aj_xml_sitemap,https://www.aljazeera.com/sitemaps/article-archive/2025/10.xml
Al Jazeera,aljazeera.com,https://www.aljazeera.com/news/2025/10/13/who-is-miriam-adelson-the-pro-israel-donor-trump-lauded-at-the-knesset,2025-10-13T17:18:16Z,2026-02-19T09:34:09+00:00,c7c8615cdb3c,aj_xml_sitemap,https://www.aljazeera.com/sitemaps/article-archive/2025/10.xml
Al Jazeera,aljazeera.com,https://www.aljazeera.com/news/2025/10/13/after-israels-war-halted-who-is-clashing-with-hamas-in-gaza,2025-10-13T16:12:51Z,2026-02-19T09:34:09+00:00,ea9ff1221b3e,aj_xml_sitemap,https://www.aljazeera.com/sitemaps/article-archive/2025/10.xml
Al Jazeera,aljazeera.com,https://www.aljazeera.com/news/2025/10/13/inhumane-154-freed-palestinian-prisoners-forced-into-exile-by-israel,2025-10-13T12:03:56Z,2026-02-19T09:34:09+00:00,8015bc6df372,aj_xml_sitemap,https://www.aljazeera.com/sitemaps/article-archive/2025/10.xml
Al Jazeera,aljazeera.com,https://www.aljazeera.com/news/2025/10/13/hamas-and-israel-begin-prisoner-exchange-before-gaza-summit,2025-10-13T15:24:13Z,2026-02-19T09:34:09+00:00,4a3229da4153,aj_xml_sitemap,https://www.aljazeera.com/sitemaps/article-archive/2025/10.xml
Al Jazeera,aljazeera.com,https://www.aljazeera.com/news/2025/10/12/palestinian-journalist-saleh-aljafarawi-shot-dead-in-gaza-city-clashes,2025-10-12T21:00:24Z,2026-02-19T09:34:09+00:00,b51f727f5fc0,aj_xml_sitemap,https://www.aljazeera.com/sitemaps/article-archive/2025/10.xml
Al Jazeera,aljazeera.com,https://www.aljazeera.com/news/2025/10/12/israel-expects-to-receive-all-living-captives-from-gaza-on-monday,2025-10-13T07:49:24Z,2026-02-19T09:34:09+00:00,cdf1d8ab42af,aj_xml_sitemap,https://www.aljazeera.com/sitemaps/article-archive/2025/10.xml
Al Jazeera,aljazeera.com,https://www.aljazeera.com/news/2025/10/11/el-sisi-and-trump-to-chair-gaza-summit-in-egypt-on-monday,2025-10-12T08:23:41Z,2026-02-19T09:34:09+00:00,23e97001b7ce,aj_xml_sitemap,https://www.aljazeera.com/sitemaps/article-archive/2025/10.xml
Al Jazeera,aljazeera.com,https://www.aljazeera.com/news/2025/10/11/zelenskyy-urges-trump-to-broker-end-to-ukraine-war-after-gaza-deal-agreed,2025-10-12T07:06:46Z,2026-02-19T09:34:09+00:00,f203c72fa55c,aj_xml_sitemap,https://www.aljazeera.com/sitemaps/article-archive/2025/10.xml
Al Jazeera,aljazeera.com,https://www.aljazeera.com/news/2025/10/11/another-nakba-un-expert-says-gaza-recovery-will-take-generations,2025-10-11T17:57:22Z,2026-02-19T09:34:09+00:00,2b7b1932a226,aj_xml_sitemap,https://www.aljazeera.com/sitemaps/article-archive/2025/10.xml
Al Jazeera,aljazeera.com,https://www.aljazeera.com/news/2025/10/11/relief-scepticism-over-gaza-ceasefire-at-pro-palestine-rally-in-london,2025-10-11T17:43:24Z,2026-02-19T09:34:09+00:00,770e4bebe973,aj_xml_sitemap,https://www.aljazeera.com/sitemaps/article-archive/2025/10.xml
Al Jazeera,aljazeera.com,https://www.aljazeera.com/news/2025/10/11/intensive-israeli-air-strikes-kill-one-injure-seven-in-southern-lebanon,2025-10-11T11:57:33Z,2026-02-19T09:34:09+00:00,06501cf00baa,aj_xml_sitemap,https://www.aljazeera.com/sitemaps/article-archive/2025/10.xml
Al Jazeera,aljazeera.com,https://www.aljazeera.com/news/2025/10/11/palestinians-search-gaza-rubble-for-loved-ones-in-ceasefire-return-home,2025-10-11T10:52:33Z,2026-02-19T09:34:09+00:00,157405b3e460,aj_xml_sitemap,https://www.aljazeera.com/sitemaps/article-archive/2025/10.xml
Al Jazeera,aljazeera.com,https://www.aljazeera.com/news/2025/10/11/us-president-trump-says-israeli-captives-to-be-released-from-gaza-on-monday,2025-10-11T02:24:45Z,2026-02-19T09:34:09+00:00,be960e5735bd,aj_xml_sitemap,https://www.aljazeera.com/sitemaps/article-archive/2025/10.xml
Al Jazeera,aljazeera.com,https://www.aljazeera.com/news/2025/10/10/palestine-factions-refuse-foreign-guardianship-on-gaza-as-truce-takes-hold,2025-10-10T22:43:56Z,2026-02-19T09:34:09+00:00,dadbc829ae0e,aj_xml_sitemap,https://www.aljazeera.com/sitemaps/article-archive/2025/10.xml
Al Jazeera,aljazeera.com,https://www.aljazeera.com/news/2025/10/10/attacks-by-israeli-army-illegal-settlers-injure-36-in-occupied-west-bank,2025-10-10T21:18:05Z,2026-02-19T09:34:09+00:00,56709db2cb3f,aj_xml_sitemap,https://www.aljazeera.com/sitemaps/article-archive/2025/10.xml
Al Jazeera,aljazeera.com,https://www.aljazeera.com/news/2025/10/10/gaza-local-authorities-demand-independent-genocide-probe-as-truce-starts,2025-10-10T19:42:24Z,2026-02-19T09:34:09+00:00,291a559454ce,aj_xml_sitemap,https://www.aljazeera.com/sitemaps/article-archive/2025/10.xml
Al Jazeera,aljazeera.com,https://www.aljazeera.com/news/2025/10/10/lebanon-says-it-foiled-israeli-network-plotting-bomb-attacks,2025-10-10T17:33:10Z,2026-02-19T09:34:09+00:00,cec86ae4fed6,aj_xml_sitemap,https://www.aljazeera.com/sitemaps/article-archive/2025/10.xml
Al Jazeera,aljazeera.com,https://www.aljazeera.com/news/2025/10/10/snubbed-by-nobel-trump-to-head-to-middle-east-to-celebrate-gaza-peace,2025-10-10T16:16:07Z,2026-02-19T09:34:09+00:00,d6fb987abf7b,aj_xml_sitemap,https://www.aljazeera.com/sitemaps/article-archive/2025/10.xml
Al Jazeera,aljazeera.com,https://www.aljazeera.com/news/2025/10/10/gaza-city-residents-set-to-return-as-israel-bombs-before-ceasefire-starts,2025-10-10T13:08:20Z,2026-02-19T09:34:09+00:00,f6376cc8edfa,aj_xml_sitemap,https://www.aljazeera.com/sitemaps/article-archive/2025/10.xml
Al Jazeera,aljazeera.com,https://www.aljazeera.com/news/2025/10/9/trump-pressure-key-for-gaza-deal-to-be-more-than-another-one-phase-truce,2025-10-09T23:51:42Z,2026-02-19T09:34:09+00:00,8f3fd1819dd7,aj_xml_sitemap,https://www.aljazeera.com/sitemaps/article-archive/2025/10.xml
Al Jazeera,aljazeera.com,https://www.aljazeera.com/news/2025/10/9/relief-and-disbelief-greet-ceasefire-announcement-in-israel,2025-10-09T16:39:52Z,2026-02-19T09:34:09+00:00,6d789ab7915d,aj_xml_sitemap,https://www.aljazeera.com/sitemaps/article-archive/2025/10.xml
Al Jazeera,aljazeera.com,https://www.aljazeera.com/news/2025/10/9/palestinians-in-gaza-worry-and-wait-for-israel-to-implement-ceasefire,2025-10-09T15:20:20Z,2026-02-19T09:34:09+00:00,8c946e478446,aj_xml_sitemap,https://www.aljazeera.com/sitemaps/article-archive/2025/10.xml
Al Jazeera,aljazeera.com,https://www.aljazeera.com/news/2025/10/9/map-of-gaza-shows-how-israeli-forces-will-withdraw-under-ceasefire-deal,2025-10-09T14:03:56Z,2026-02-19T09:34:09+00:00,3039e0e82ad9,aj_xml_sitemap,https://www.aljazeera.com/sitemaps/article-archive/2025/10.xml
Al Jazeera,aljazeera.com,https://www.aljazeera.com/news/2025/10/9/israel-confirms-signing-phase-one-of-gaza-ceasefire-deal-with-hamas,2025-10-10T15:36:34Z,2026-02-19T09:34:09+00:00,4b6f96be67c8,aj_xml_sitemap,https://www.aljazeera.com/sitemaps/article-archive/2025/10.xml
Al Jazeera,aljazeera.com,https://www.aljazeera.com/news/2025/10/9/key-moments-that-led-to-trumps-gaza-ceasefire-deal-announcement,2025-10-09T11:41:18Z,2026-02-19T09:34:09+00:00,4d253474e2e0,aj_xml_sitemap,https://www.aljazeera.com/sitemaps/article-archive/2025/10.xml
Al Jazeera,aljazeera.com,https://www.aljazeera.com/news/2025/10/9/palestinians-in-war-ravaged-gaza-celebrate-ceasefire-news-joy-in-tel-aviv,2025-10-09T10:06:55Z,2026-02-19T09:34:09+00:00,5cb66f92e3b2,aj_xml_sitemap,https://www.aljazeera.com/sitemaps/article-archive/2025/10.xml
Al Jazeera,aljazeera.com,https://www.aljazeera.com/news/2025/10/9/world-reacts-to-gaza-ceasefire-deal-announced-by-trump,2025-10-09T14:27:13Z,2026-02-19T09:34:09+00:00,e1edc440e7ae,aj_xml_sitemap,https://www.aljazeera.com/sitemaps/article-archive/2025/10.xml
Al Jazeera,aljazeera.com,https://www.aljazeera.com/news/2025/10/9/trump-announces-gaza-ceasefire-deal-what-we-know-and-whats-next,2025-10-09T22:47:07Z,2026-02-19T09:34:09+00:00,e60fbbd5d663,aj_xml_sitemap,https://www.aljazeera.com/sitemaps/article-archive/2025/10.xml
Al Jazeera,aljazeera.com,https://www.aljazeera.com/news/2025/10/8/trump-says-he-may-travel-to-middle-east-as-gaza-deal-very-close,2025-10-09T05:32:28Z,2026-02-19T09:34:09+00:00,4e0f3f3e455b,aj_xml_sitemap,https://www.aljazeera.com/sitemaps/article-archive/2025/10.xml
Al Jazeera,aljazeera.com,https://www.aljazeera.com/news/2025/10/8/legal-scholars-genocide-label-crucial-in-addressing-atrocities-in-gaza,2025-10-08T22:56:00Z,2026-02-19T09:34:09+00:00,fc7d91af4514,aj_xml_sitemap,https://www.aljazeera.com/sitemaps/article-archive/2025/10.xml
Al Jazeera,aljazeera.com,https://www.aljazeera.com/news/2025/10/8/spains-parliament-formally-approves-israel-arms-embargo,2025-10-08T20:10:59Z,2026-02-19T09:34:09+00:00,2b3be645954d,aj_xml_sitemap,https://www.aljazeera.com/sitemaps/article-archive/2025/10.xml
Al Jazeera,aljazeera.com,https://www.aljazeera.com/news/2025/10/8/injure-orphaned-by-israel-two-child-amputees-found-each-other-in-lebanon,2025-10-08T12:49:36Z,2026-02-19T09:34:09+00:00,00136dd4f6a5,aj_xml_sitemap,https://www.aljazeera.com/sitemaps/article-archive/2025/10.xml
Al Jazeera,aljazeera.com,https://www.aljazeera.com/news/2025/10/8/horrific-trauma-patients-who-details-harrowing-scenes-from-gaza,2025-10-08T11:44:36Z,2026-02-19T09:34:09+00:00,41ae74d3191a,aj_xml_sitemap,https://www.aljazeera.com/sitemaps/article-archive/2025/10.xml
Al Jazeera,aljazeera.com,https://www.aljazeera.com/news/2025/10/8/israeli-military-intercepts-gaza-freedom-flotilla-vessels-report,2025-10-08T11:39:07Z,2026-02-19T09:34:09+00:00,c68542a03cc5,aj_xml_sitemap,https://www.aljazeera.com/sitemaps/article-archive/2025/10.xml
Al Jazeera,aljazeera.com,https://www.aljazeera.com/news/2025/10/8/italys-meloni-says-icc-complaint-accuses-her-of-gaza-genocide-complicity,2025-10-08T12:14:07Z,2026-02-19T09:34:09+00:00,7ea2f07f2deb,aj_xml_sitemap,https://www.aljazeera.com/sitemaps/article-archive/2025/10.xml
Al Jazeera,aljazeera.com,https://www.aljazeera.com/news/2025/10/7/not-a-punchline-15-dehumanising-quotes-on-gaza-atrocities-by-us-figures,2025-10-07T22:42:28Z,2026-02-19T09:34:09+00:00,520ce8b65d5c,aj_xml_sitemap,https://www.aljazeera.com/sitemaps/article-archive/2025/10.xml
Al Jazeera,aljazeera.com,https://www.aljazeera.com/news/2025/10/7/hamas-lays-down-conditions-for-peace-deal-as-israel-continues-bombing-gaza,2025-10-08T10:07:31Z,2026-02-19T09:34:09+00:00,83c3f7617a39,aj_xml_sitemap,https://www.aljazeera.com/sitemaps/article-archive/2025/10.xml
Al Jazeera,aljazeera.com,https://www.aljazeera.com/news/2025/10/7/us-activist-from-gaza-flotilla-alleges-psychological-torture-by-israel,2025-10-07T18:49:40Z,2026-02-19T09:34:09+00:00,0e36e9987836,aj_xml_sitemap,https://www.aljazeera.com/sitemaps/article-archive/2025/10.xml
Al Jazeera,aljazeera.com,https://www.aljazeera.com/news/2025/10/7/ceasefire-declared-between-syrian-forces-kurdish-fighters-after-one-killed,2025-10-07T16:06:00Z,2026-02-19T09:34:09+00:00,73101e065cd7,aj_xml_sitemap,https://www.aljazeera.com/sitemaps/article-archive/2025/10.xml
Al Jazeera,aljazeera.com,https://www.aljazeera.com/news/2025/10/7/italy-israel-world-cup-tie-faces-security-a-concern-amid-protests,2025-10-07T15:49:13Z,2026-02-19T09:34:09+00:00,53d8ec4e9fd9,aj_xml_sitemap,https://www.aljazeera.com/sitemaps/article-archive/2025/10.xml
Al Jazeera,aljazeera.com,https://www.aljazeera.com/news/2025/10/7/two-years-into-its-war-on-gaza-israel-is-fractured-isolated-analysts,2025-10-07T14:47:03Z,2026-02-19T09:34:09+00:00,1c0b37c535ae,aj_xml_sitemap,https://www.aljazeera.com/sitemaps/article-archive/2025/10.xml
Al Jazeera,aljazeera.com,https://www.aljazeera.com/news/2025/10/7/two-years-of-israels-genocide-in-gaza-by-the-numbers,2025-10-07T07:31:32Z,2026-02-19T09:34:09+00:00,6e59456c1b40,aj_xml_sitemap,https://www.aljazeera.com/sitemaps/article-archive/2025/10.xml
Al Jazeera,aljazeera.com,https://www.aljazeera.com/news/2025/10/7/day-one-of-gaza-peace-talks-ends-on-positive-note-in-egypt,2025-10-07T05:07:24Z,2026-02-19T09:34:09+00:00,000bf208fb9d,aj_xml_sitemap,https://www.aljazeera.com/sitemaps/article-archive/2025/10.xml
Al Jazeera,aljazeera.com,https://www.aljazeera.com/news/2025/10/6/cycling-team-to-drop-israel-name-after-mass-pro-palestinian-vuelta-protests,2025-10-07T05:37:25Z,2026-02-19T09:34:09+00:00,b530bcc8472a,aj_xml_sitemap,https://www.aljazeera.com/sitemaps/article-archive/2025/10.xml
Al Jazeera,aljazeera.com,https://www.aljazeera.com/news/2025/10/6/greta-thunberg-and-other-activists-deported-from-israel-arrive-in-greece,2025-10-06T20:05:46Z,2026-02-19T09:34:09+00:00,86541e0523cf,aj_xml_sitemap,https://www.aljazeera.com/sitemaps/article-archive/2025/10.xml
Al Jazeera,aljazeera.com,https://www.aljazeera.com/news/2025/10/6/ceasefire-or-empty-promises-gazas-displaced-speak-out-on-trumps-plan,2025-10-06T15:21:07Z,2026-02-19T09:34:09+00:00,1e00d27669d1,aj_xml_sitemap,https://www.aljazeera.com/sitemaps/article-archive/2025/10.xml
Al Jazeera,aljazeera.com,https://www.aljazeera.com/news/2025/10/6/potential-hurdles-litter-road-as-israel-and-hamas-head-to-gaza-peace-talks,2025-10-07T05:59:46Z,2026-02-19T09:34:09+00:00,308789f1a918,aj_xml_sitemap,https://www.aljazeera.com/sitemaps/article-archive/2025/10.xml
Al Jazeera,aljazeera.com,https://www.aljazeera.com/news/2025/10/5/israel-strikes-gaza-killing-24-before-egypt-talks-on-trump-ceasefire-plan,2025-10-05T22:58:37Z,2026-02-19T09:34:09+00:00,a8e8c9929263,aj_xml_sitemap,https://www.aljazeera.com/sitemaps/article-archive/2025/10.xml
Al Jazeera,aljazeera.com,https://www.aljazeera.com/news/2025/10/5/mass-protests-from-amsterdam-to-istanbul-denounce-israels-gaza-genocide,2025-10-06T06:03:09Z,2026-02-19T09:34:09+00:00,b0ff6d7add93,aj_xml_sitemap,https://www.aljazeera.com/sitemaps/article-archive/2025/10.xml
Al Jazeera,aljazeera.com,https://www.aljazeera.com/news/2025/10/5/more-gaza-flotilla-activists-allege-mistreatment-in-israeli-detention,2025-10-07T11:24:54Z,2026-02-19T09:34:09+00:00,600114648743,aj_xml_sitemap,https://www.aljazeera.com/sitemaps/article-archive/2025/10.xml
Al Jazeera,aljazeera.com,https://www.aljazeera.com/news/2025/10/4/israel-pounds-gaza-killing-61-despite-trumps-call-for-it-to-halt-bombing,2025-10-07T13:41:58Z,2026-02-19T09:34:09+00:00,4a4ac650fd03,aj_xml_sitemap,https://www.aljazeera.com/sitemaps/article-archive/2025/10.xml
Al Jazeera,aljazeera.com,https://www.aljazeera.com/news/2025/10/4/greta-thunberg-mistreated-by-israeli-forces-in-detention-activists-say,2025-10-04T20:38:56Z,2026-02-19T09:34:09+00:00,b4a5afee8c8c,aj_xml_sitemap,https://www.aljazeera.com/sitemaps/article-archive/2025/10.xml
Al Jazeera,aljazeera.com,https://www.aljazeera.com/news/2025/10/4/gaza-protests-under-way-in-europe-as-arrests-made-in-london,2025-10-05T07:18:39Z,2026-02-19T09:34:09+00:00,86c137bdb07a,aj_xml_sitemap,https://www.aljazeera.com/sitemaps/article-archive/2025/10.xml
Al Jazeera,aljazeera.com,https://www.aljazeera.com/news/2025/10/4/israel-says-gaza-city-still-a-combat-zone-after-trump-says-stop-bombing,2025-11-03T12:51:18Z,2026-02-19T09:34:09+00:00,1617a3d8e3a0,aj_xml_sitemap,https://www.aljazeera.com/sitemaps/article-archive/2025/10.xml
Al Jazeera,aljazeera.com,https://www.aljazeera.com/news/2025/10/4/iran-executes-six-fighters-accused-of-ties-to-israel-state-media,2025-10-16T13:01:13Z,2026-02-19T09:34:09+00:00,31fa66aeb392,aj_xml_sitemap,https://www.aljazeera.com/sitemaps/article-archive/2025/10.xml
Al Jazeera,aljazeera.com,https://www.aljazeera.com/news/2025/10/4/world-leaders-weigh-in-on-hamass-positive-response-to-trumps-gaza-plan,2025-10-04T12:46:55Z,2026-02-19T09:34:09+00:00,b78f2d4964cb,aj_xml_sitemap,https://www.aljazeera.com/sitemaps/article-archive/2025/10.xml
Al Jazeera,aljazeera.com,https://www.aljazeera.com/news/2025/10/3/is-an-end-to-israels-war-on-gaza-finally-in-sight,2025-10-03T23:17:12Z,2026-02-19T09:34:09+00:00,47053168dece,aj_xml_sitemap,https://www.aljazeera.com/sitemaps/article-archive/2025/10.xml
Al Jazeera,aljazeera.com,https://www.aljazeera.com/news/2025/10/3/hamas-says-it-agrees-to-parts-of-trumps-gaza-plan-but-more-talks-needed,2025-10-04T05:56:23Z,2026-02-19T09:34:09+00:00,de80a37f2d67,aj_xml_sitemap,https://www.aljazeera.com/sitemaps/article-archive/2025/10.xml
Al Jazeera,aljazeera.com,https://www.aljazeera.com/news/2025/10/3/pressure-mounts-on-italian-govt-over-gaza-after-strike-paralyses-nation,2025-10-04T07:52:22Z,2026-02-19T09:34:09+00:00,e7799ef8b581,aj_xml_sitemap,https://www.aljazeera.com/sitemaps/article-archive/2025/10.xml
Al Jazeera,aljazeera.com,https://www.aljazeera.com/news/2025/10/3/trump-issues-sunday-deadline-for-hamas-to-accept-gaza-peace-proposal,2025-10-07T13:06:13Z,2026-02-19T09:34:09+00:00,2c2e7cd8f617,aj_xml_sitemap,https://www.aljazeera.com/sitemaps/article-archive/2025/10.xml
Al Jazeera,aljazeera.com,https://www.aljazeera.com/news/2025/10/3/what-israeli-settler-encroachment-intimidation-look-like-in-the-west-bank,2025-10-05T09:42:06Z,2026-02-19T09:34:09+00:00,152547699197,aj_xml_sitemap,https://www.aljazeera.com/sitemaps/article-archive/2025/10.xml
Al Jazeera,aljazeera.com,https://www.aljazeera.com/news/2025/10/3/pakistan-fm-says-trumps-plan-to-end-israels-gaza-war-was-altered,2025-10-03T12:37:11Z,2026-02-19T09:34:09+00:00,d29cdd73eedf,aj_xml_sitemap,https://www.aljazeera.com/sitemaps/article-archive/2025/10.xml
Al Jazeera,aljazeera.com,https://www.aljazeera.com/news/2025/10/3/uk-police-urge-cancellation-of-palestine-protest-after-manchester-attack,2025-10-03T17:05:15Z,2026-02-19T09:34:09+00:00,be55a3ae6bf7,aj_xml_sitemap,https://www.aljazeera.com/sitemaps/article-archive/2025/10.xml
Al Jazeera,aljazeera.com,https://www.aljazeera.com/news/2025/10/3/march-for-1968-mexican-student-massacre-eclipsed-by-support-for-gaza,2025-10-03T11:20:18Z,2026-02-19T09:34:09+00:00,838a75540eed,aj_xml_sitemap,https://www.aljazeera.com/sitemaps/article-archive/2025/10.xml
Al Jazeera,aljazeera.com,https://www.aljazeera.com/news/2025/10/3/israel-dismantles-gaza-humanitarian-flotilla-but-one-boat-sails,2025-10-03T11:54:28Z,2026-02-19T09:34:09+00:00,c3af1ea4f3c4,aj_xml_sitemap,https://www.aljazeera.com/sitemaps/article-archive/2025/10.xml
Al Jazeera,aljazeera.com,https://www.aljazeera.com/news/2025/10/3/ban-israeli-football-scholars-urge-uefa-to-bar-israel-over-gaza-horrors,2025-10-03T01:21:02Z,2026-02-19T09:34:09+00:00,43f734b2054a,aj_xml_sitemap,https://www.aljazeera.com/sitemaps/article-archive/2025/10.xml
Al Jazeera,aljazeera.com,https://www.aljazeera.com/news/2025/10/2/egypt-says-it-is-seeking-hamas-approval-for-trump-plan-to-end-gaza-war,2025-10-02T22:29:57Z,2026-02-19T09:34:09+00:00,0e5d70599609,aj_xml_sitemap,https://www.aljazeera.com/sitemaps/article-archive/2025/10.xml
Al Jazeera,aljazeera.com,https://www.aljazeera.com/news/2025/10/2/israel-threatens-all-staying-in-gaza-city-kills-at-least-13-in-enclave,2025-10-02T22:42:13Z,2026-02-19T09:34:09+00:00,40db869baca2,aj_xml_sitemap,https://www.aljazeera.com/sitemaps/article-archive/2025/10.xml
Al Jazeera,aljazeera.com,https://www.aljazeera.com/news/2025/10/2/how-the-world-is-responding-to-israels-interception-of-the-gaza-flotilla,2025-10-02T14:01:07Z,2026-02-19T09:34:09+00:00,aeb800eb3b89,aj_xml_sitemap,https://www.aljazeera.com/sitemaps/article-archive/2025/10.xml
Al Jazeera,aljazeera.com,https://www.aljazeera.com/news/2025/10/1/israel-intercepts-gaza-sumud-flotilla-vessels-what-we-know-so-far,2025-10-03T09:06:25Z,2026-02-19T09:34:09+00:00,047ab433ba4c,aj_xml_sitemap,https://www.aljazeera.com/sitemaps/article-archive/2025/10.xml
Al Jazeera,aljazeera.com,https://www.aljazeera.com/news/2025/10/1/israeli-forces-board-gaza-flotilla-detain-greta-thunberg-other-activists,2025-10-01T23:35:07Z,2026-02-19T09:34:09+00:00,f8d9be1a5f7d,aj_xml_sitemap,https://www.aljazeera.com/sitemaps/article-archive/2025/10.xml
Al Jazeera,aljazeera.com,https://www.aljazeera.com/news/2025/10/1/new-trump-executive-order-guarantees-qatar-security-after-israeli-attack,2025-10-01T15:17:45Z,2026-02-19T09:34:09+00:00,441f9d8899d5,aj_xml_sitemap,https://www.aljazeera.com/sitemaps/article-archive/2025/10.xml
Al Jazeera,aljazeera.com,https://www.aljazeera.com/news/2025/10/1/israeli-settlers-burn-palestinian-home-fell-olive-trees-in-west-bank,2025-10-01T09:17:33Z,2026-02-19T09:34:09+00:00,c335eed21f85,aj_xml_sitemap,https://www.aljazeera.com/sitemaps/article-archive/2025/10.xml
Al Jazeera,aljazeera.com,https://www.aljazeera.com/news/2025/10/1/qatari-pm-hopes-momentum-now-to-end-israels-gaza-war-hamas-deliberates,2025-10-01T07:51:18Z,2026-02-19T09:34:09+00:00,36171713b2d8,aj_xml_sitemap,https://www.aljazeera.com/sitemaps/article-archive/2025/10.xml
Al Jazeera,aljazeera.com,https://www.aljazeera.com/news/2025/10/1/israel-attacks-kill-at-least-17-in-gaza-as-ceasefire-plan-hangs-in-balance,2025-10-02T03:12:50Z,2026-02-19T09:34:09+00:00,03c1d682233a,aj_xml_sitemap,https://www.aljazeera.com/sitemaps/article-archive/2025/10.xml
Al Jazeera,aljazeera.com,https://www.aljazeera.com/news/2025/10/1/gaza-sumud-flotilla-how-israel-breaks-international-maritime-law,2025-10-01T04:30:01Z,2026-02-19T09:34:09+00:00,8eda0e36f191,aj_xml_sitemap,https://www.aljazeera.com/sitemaps/article-archive/2025/10.xml
Al Jazeera,aljazeera.com,https://www.aljazeera.com/news/longform/2025/10/29/no-stability-no-safety-life-inside-gazas-crowded-tents,2025-10-29T14:22:55Z,2026-02-19T09:34:09+00:00,a9e7c449b01a,aj_xml_sitemap,https://www.aljazeera.com/sitemaps/article-archive/2025/10.xml
Al Jazeera,aljazeera.com,https://www.aljazeera.com/news/2025/9/30/analysis-how-happy-is-israels-netanyahu-with-trumps-gaza-plan,2025-09-30T18:56:22Z,2026-02-19T09:34:10+00:00,2da187a8671d,aj_xml_sitemap,https://www.aljazeera.com/sitemaps/article-archive/2025/09.xml
Al Jazeera,aljazeera.com,https://www.aljazeera.com/news/2025/9/30/us-deportation-drive-against-pro-palestine-students-is-illegal-judge-rules,2025-09-30T21:58:15Z,2026-02-19T09:34:10+00:00,e5661d7976ee,aj_xml_sitemap,https://www.aljazeera.com/sitemaps/article-archive/2025/09.xml
Al Jazeera,aljazeera.com,https://www.aljazeera.com/news/2025/9/30/trump-says-hamas-has-three-or-four-days-to-respond-to-gaza-proposal,2025-09-30T23:37:59Z,2026-02-19T09:34:10+00:00,b839073424f0,aj_xml_sitemap,https://www.aljazeera.com/sitemaps/article-archive/2025/09.xml
Al Jazeera,aljazeera.com,https://www.aljazeera.com/news/2025/9/30/turkiye-to-join-gaza-mediation-talks-in-doha-qatars-foreign-ministry-says,2025-09-30T12:28:30Z,2026-02-19T09:34:10+00:00,e2176762afe7,aj_xml_sitemap,https://www.aljazeera.com/sitemaps/article-archive/2025/09.xml
Al Jazeera,aljazeera.com,https://www.aljazeera.com/news/2025/9/30/what-is-israels-endgame-in-africa,2025-09-30T08:42:07Z,2026-02-19T09:34:10+00:00,f5ce93737282,aj_xml_sitemap,https://www.aljazeera.com/sitemaps/article-archive/2025/09.xml
Al Jazeera,aljazeera.com,https://www.aljazeera.com/news/2025/9/30/un-general-assembly-what-did-world-leaders-say-about-israels-war-on-gaza-4,2025-09-30T07:58:44Z,2026-02-19T09:34:10+00:00,b3a2881ee24e,aj_xml_sitemap,https://www.aljazeera.com/sitemaps/article-archive/2025/09.xml
Al Jazeera,aljazeera.com,https://www.aljazeera.com/news/2025/9/30/have-trump-and-netanyahu-really-agreed-on-a-gaza-peace-plan-key-takeaways,2025-09-30T07:33:04Z,2026-02-19T09:34:10+00:00,8052c05d4179,aj_xml_sitemap,https://www.aljazeera.com/sitemaps/article-archive/2025/09.xml
Al Jazeera,aljazeera.com,https://www.aljazeera.com/news/2025/9/29/trumps-gaza-peace-plan-welcomed-by-arab-and-islamic-countries-the-west,2025-09-30T10:27:36Z,2026-02-19T09:34:10+00:00,04c2e187430f,aj_xml_sitemap,https://www.aljazeera.com/sitemaps/article-archive/2025/09.xml
Al Jazeera,aljazeera.com,https://www.aljazeera.com/news/2025/9/29/five-unanswered-questions-about-trumps-gaza-plan,2025-09-30T16:57:20Z,2026-02-19T09:34:10+00:00,7445c95fe738,aj_xml_sitemap,https://www.aljazeera.com/sitemaps/article-archive/2025/09.xml
Al Jazeera,aljazeera.com,https://www.aljazeera.com/news/2025/9/29/uk-labour-party-members-vote-to-recognise-gaza-genocide-at-conference,2025-09-29T23:04:29Z,2026-02-19T09:34:10+00:00,0bf71ffd50bb,aj_xml_sitemap,https://www.aljazeera.com/sitemaps/article-archive/2025/09.xml
Al Jazeera,aljazeera.com,https://www.aljazeera.com/news/2025/9/29/heres-the-full-text-of-trumps-20-point-plan-to-end-israels-war-on-gaza,2025-09-30T06:29:25Z,2026-02-19T09:34:10+00:00,e09604148831,aj_xml_sitemap,https://www.aljazeera.com/sitemaps/article-archive/2025/09.xml
Al Jazeera,aljazeera.com,https://www.aljazeera.com/news/2025/9/29/israel-carries-out-drone-strike-in-southern-lebanon-killing-one-person,2025-09-29T20:03:01Z,2026-02-19T09:34:10+00:00,9a949cb4c1d8,aj_xml_sitemap,https://www.aljazeera.com/sitemaps/article-archive/2025/09.xml
Al Jazeera,aljazeera.com,https://www.aljazeera.com/news/2025/9/29/israeli-pm-netanyahu-apologises-to-qatar-over-doha-attack,2025-09-29T19:43:46Z,2026-02-19T09:34:10+00:00,b0d774c7d9d0,aj_xml_sitemap,https://www.aljazeera.com/sitemaps/article-archive/2025/09.xml
Al Jazeera,aljazeera.com,https://www.aljazeera.com/news/2025/9/29/trump-and-netanyahu-discussed-proposal-for-ending-war-in-gaza,2025-09-30T03:06:59Z,2026-02-19T09:34:10+00:00,a6f4d9f1e832,aj_xml_sitemap,https://www.aljazeera.com/sitemaps/article-archive/2025/09.xml
Al Jazeera,aljazeera.com,https://www.aljazeera.com/news/2025/9/29/what-is-the-trump-plan-for-gaza-and-will-it-work,2025-09-30T05:29:06Z,2026-02-19T09:34:10+00:00,eb31cb37e9be,aj_xml_sitemap,https://www.aljazeera.com/sitemaps/article-archive/2025/09.xml
Al Jazeera,aljazeera.com,https://www.aljazeera.com/news/2025/9/29/pro-palestine-activist-interrupts-uk-minister-speech-at-labour-conference,2025-09-29T13:37:21Z,2026-02-19T09:34:10+00:00,4224a8388726,aj_xml_sitemap,https://www.aljazeera.com/sitemaps/article-archive/2025/09.xml
Al Jazeera,aljazeera.com,https://www.aljazeera.com/news/2025/9/29/trump-to-meet-netanyahu-as-ending-israels-gaza-war-reaches-pressure-point,2025-09-29T17:13:52Z,2026-02-19T09:34:10+00:00,6ed602a05bd4,aj_xml_sitemap,https://www.aljazeera.com/sitemaps/article-archive/2025/09.xml
Al Jazeera,aljazeera.com,https://www.aljazeera.com/news/2025/9/29/iran-hangs-one-of-the-most-important-spies-for-israel-in-latest-execution,2025-09-29T07:09:39Z,2026-02-19T09:34:10+00:00,81f4cff9b188,aj_xml_sitemap,https://www.aljazeera.com/sitemaps/article-archive/2025/09.xml
Al Jazeera,aljazeera.com,https://www.aljazeera.com/news/2025/9/29/gaza-and-palestine-were-dominant-themes-at-un-will-it-make-a-difference,2025-09-29T22:49:33Z,2026-02-19T09:34:10+00:00,3a2bf24b4261,aj_xml_sitemap,https://www.aljazeera.com/sitemaps/article-archive/2025/09.xml
Al Jazeera,aljazeera.com,https://www.aljazeera.com/news/2025/9/28/horrific-israel-bombs-hospitals-residential-towers-amid-gaza-onslaught,2025-09-28T23:28:17Z,2026-02-19T09:34:10+00:00,4b7613493af0,aj_xml_sitemap,https://www.aljazeera.com/sitemaps/article-archive/2025/09.xml
Al Jazeera,aljazeera.com,https://www.aljazeera.com/news/2025/9/28/hamas-tells-israel-to-cease-gaza-city-attacks-as-captives-lives-in-danger,2025-09-28T14:46:57Z,2026-02-19T09:34:10+00:00,b8532e695c0d,aj_xml_sitemap,https://www.aljazeera.com/sitemaps/article-archive/2025/09.xml
Al Jazeera,aljazeera.com,https://www.aljazeera.com/news/2025/9/28/why-is-the-divisive-tony-blair-now-touted-for-post-gaza-war-interim-role,2025-09-28T13:07:18Z,2026-02-19T09:34:10+00:00,e2731f5b7ced,aj_xml_sitemap,https://www.aljazeera.com/sitemaps/article-archive/2025/09.xml
Al Jazeera,aljazeera.com,https://www.aljazeera.com/news/2025/9/28/for-autistic-children-israels-war-on-gaza-brings-acute-suffering,2025-09-28T11:36:48Z,2026-02-19T09:34:10+00:00,2aeaffa0d7f5,aj_xml_sitemap,https://www.aljazeera.com/sitemaps/article-archive/2025/09.xml
Al Jazeera,aljazeera.com,https://www.aljazeera.com/news/2025/9/28/israeli-team-out-of-top-italian-cycling-race-over-gaza-war-protest-concerns,2025-09-28T07:14:14Z,2026-02-19T09:34:10+00:00,4e7da208f3c2,aj_xml_sitemap,https://www.aljazeera.com/sitemaps/article-archive/2025/09.xml
Al Jazeera,aljazeera.com,https://www.aljazeera.com/news/2025/9/28/malaysias-mahathir-at-100-israels-genocide-in-gaza-will-not-be-forgotten,2025-09-28T02:28:40Z,2026-02-19T09:34:10+00:00,21e5cb764e35,aj_xml_sitemap,https://www.aljazeera.com/sitemaps/article-archive/2025/09.xml
Al Jazeera,aljazeera.com,https://www.aljazeera.com/news/2025/9/27/nearly-half-of-gaza-war-deaths-reported-in-areas-israel-called-safe,2025-09-28T00:06:13Z,2026-02-19T09:34:10+00:00,b7312e62c33e,aj_xml_sitemap,https://www.aljazeera.com/sitemaps/article-archive/2025/09.xml
Al Jazeera,aljazeera.com,https://www.aljazeera.com/news/2025/9/27/fact-check-israeli-prime-minister-netanyahus-speech-at-unga,2025-09-28T07:29:10Z,2026-02-19T09:34:10+00:00,f0fa03291c16,aj_xml_sitemap,https://www.aljazeera.com/sitemaps/article-archive/2025/09.xml
Al Jazeera,aljazeera.com,https://www.aljazeera.com/news/2025/9/27/israels-justification-for-gaza-hospital-attack-false-reuters-probe-finds,2025-09-27T15:17:05Z,2026-02-19T09:34:10+00:00,387d777a695a,aj_xml_sitemap,https://www.aljazeera.com/sitemaps/article-archive/2025/09.xml
Al Jazeera,aljazeera.com,https://www.aljazeera.com/news/2025/9/26/at-least-60-palestinians-killed-in-gaza-as-netanyahu-vows-to-finish-job,2025-09-26T23:24:13Z,2026-02-19T09:34:10+00:00,6f5ea63120d4,aj_xml_sitemap,https://www.aljazeera.com/sitemaps/article-archive/2025/09.xml
Al Jazeera,aljazeera.com,https://www.aljazeera.com/news/2025/9/26/protests-calls-for-sanctions-greet-netanyahu-at-un-amid-gaza-horrors,2025-09-27T13:09:40Z,2026-02-19T09:34:10+00:00,e3e885019cd4,aj_xml_sitemap,https://www.aljazeera.com/sitemaps/article-archive/2025/09.xml
Al Jazeera,aljazeera.com,https://www.aljazeera.com/news/2025/9/26/un-lists-150-firms-tied-to-illegal-israeli-settlements,2025-09-26T22:38:15Z,2026-02-19T09:34:10+00:00,a59556202601,aj_xml_sitemap,https://www.aljazeera.com/sitemaps/article-archive/2025/09.xml
Al Jazeera,aljazeera.com,https://www.aljazeera.com/news/2025/9/26/netanyahu-tells-un-that-israel-must-finish-job-in-gaza,2025-09-26T19:14:24Z,2026-02-19T09:34:10+00:00,a5c77448919c,aj_xml_sitemap,https://www.aljazeera.com/sitemaps/article-archive/2025/09.xml
Al Jazeera,aljazeera.com,https://www.aljazeera.com/news/2025/9/26/why-has-microsoft-cut-israel-off-from-some-of-its-services,2025-09-26T13:36:41Z,2026-02-19T09:34:10+00:00,49109457d094,aj_xml_sitemap,https://www.aljazeera.com/sitemaps/article-archive/2025/09.xml
Al Jazeera,aljazeera.com,https://www.aljazeera.com/news/2025/9/26/eurovision-to-vote-on-israeli-participation-in-november,2025-09-26T11:45:12Z,2026-02-19T09:34:10+00:00,06874dcef368,aj_xml_sitemap,https://www.aljazeera.com/sitemaps/article-archive/2025/09.xml
Al Jazeera,aljazeera.com,https://www.aljazeera.com/news/2025/9/26/does-international-recognition-mean-palestine-is-going-to-be-a-state,2025-09-26T07:47:43Z,2026-02-19T09:34:10+00:00,90c084d6c4f6,aj_xml_sitemap,https://www.aljazeera.com/sitemaps/article-archive/2025/09.xml
Al Jazeera,aljazeera.com,https://www.aljazeera.com/news/2025/9/26/us-to-fight-efforts-to-ban-israels-football-team-from-world-cup-2026,2025-09-26T09:57:17Z,2026-02-19T09:34:10+00:00,d540115783e1,aj_xml_sitemap,https://www.aljazeera.com/sitemaps/article-archive/2025/09.xml
Al Jazeera,aljazeera.com,https://www.aljazeera.com/news/2025/9/26/microsoft-cuts-israeli-militarys-access-to-some-cloud-computing-ai,2025-09-26T04:37:31Z,2026-02-19T09:34:10+00:00,d5d0848d9173,aj_xml_sitemap,https://www.aljazeera.com/sitemaps/article-archive/2025/09.xml
Al Jazeera,aljazeera.com,https://www.aljazeera.com/news/2025/9/26/trump-says-he-will-not-allow-israel-to-annex-occupied-west-bank,2025-09-26T07:44:10Z,2026-02-19T09:34:10+00:00,8c1fbe09bb71,aj_xml_sitemap,https://www.aljazeera.com/sitemaps/article-archive/2025/09.xml
Al Jazeera,aljazeera.com,https://www.aljazeera.com/news/2025/9/26/un-chief-top-diplomats-plead-for-support-for-unrwa-amid-gaza-crisis,2025-09-26T01:20:15Z,2026-02-19T09:34:10+00:00,3d475343ac4a,aj_xml_sitemap,https://www.aljazeera.com/sitemaps/article-archive/2025/09.xml
Al Jazeera,aljazeera.com,https://www.aljazeera.com/news/2025/9/25/why-have-spain-and-italy-sent-ships-to-assist-the-gaza-sumud-flotilla,2025-09-25T17:59:34Z,2026-02-19T09:34:10+00:00,7ad93bdbe8e9,aj_xml_sitemap,https://www.aljazeera.com/sitemaps/article-archive/2025/09.xml
Al Jazeera,aljazeera.com,https://www.aljazeera.com/news/2025/9/25/amid-drone-attacks-activists-confront-fear-and-hope-on-gaza-flotilla,2025-09-25T17:14:21Z,2026-02-19T09:34:10+00:00,f2349504d232,aj_xml_sitemap,https://www.aljazeera.com/sitemaps/article-archive/2025/09.xml
Al Jazeera,aljazeera.com,https://www.aljazeera.com/news/2025/9/25/israeli-strikes-pound-yemens-capital-as-houthi-leader-decries-gaza-war,2025-09-25T15:47:52Z,2026-02-19T09:34:10+00:00,74fdba853704,aj_xml_sitemap,https://www.aljazeera.com/sitemaps/article-archive/2025/09.xml
Al Jazeera,aljazeera.com,https://www.aljazeera.com/news/2025/9/25/israel-is-guilty-of-war-crimes-palestines-abbas-tells-unga,2025-09-25T18:06:42Z,2026-02-19T09:34:10+00:00,49b077a2056e,aj_xml_sitemap,https://www.aljazeera.com/sitemaps/article-archive/2025/09.xml
Al Jazeera,aljazeera.com,https://www.aljazeera.com/news/2025/9/25/italy-spain-send-navy-ships-to-protect-gaza-flotilla-after-drone-attacks,2025-09-25T08:55:49Z,2026-02-19T09:34:10+00:00,7136ca27187d,aj_xml_sitemap,https://www.aljazeera.com/sitemaps/article-archive/2025/09.xml
Al Jazeera,aljazeera.com,https://www.aljazeera.com/news/2025/9/24/israel-kills-85-people-in-gaza-despite-calls-for-truce-from-world-leaders,2025-09-25T01:03:45Z,2026-02-19T09:34:10+00:00,4e92c5b41fbc,aj_xml_sitemap,https://www.aljazeera.com/sitemaps/article-archive/2025/09.xml
Al Jazeera,aljazeera.com,https://www.aljazeera.com/news/2025/9/24/war-has-rules-un-event-urges-action-to-protect-palestinian-children,2025-09-24T20:56:24Z,2026-02-19T09:34:10+00:00,499ed96a420f,aj_xml_sitemap,https://www.aljazeera.com/sitemaps/article-archive/2025/09.xml
Al Jazeera,aljazeera.com,https://www.aljazeera.com/news/2025/9/24/israeli-army-says-drone-from-yemen-strikes-eilat-20-people-wounded,2025-09-25T07:55:35Z,2026-02-19T09:34:10+00:00,ad1e5c2ff63d,aj_xml_sitemap,https://www.aljazeera.com/sitemaps/article-archive/2025/09.xml
Al Jazeera,aljazeera.com,https://www.aljazeera.com/news/2025/9/24/israel-kills-teen-in-jenin-raid-as-it-pushes-west-bank-annexation-plan,2025-09-24T13:12:54Z,2026-02-19T09:34:10+00:00,cd5cdea6580b,aj_xml_sitemap,https://www.aljazeera.com/sitemaps/article-archive/2025/09.xml
Al Jazeera,aljazeera.com,https://www.aljazeera.com/news/2025/9/24/australias-abc-to-pay-further-penalty-to-reporter-fired-over-gaza-post,2025-09-24T09:32:45Z,2026-02-19T09:34:10+00:00,af75e98e1d3c,aj_xml_sitemap,https://www.aljazeera.com/sitemaps/article-archive/2025/09.xml
Al Jazeera,aljazeera.com,https://www.aljazeera.com/news/2025/9/24/syria-israel-edge-closer-to-deescalation-pact-us-envoy,2025-09-24T10:11:36Z,2026-02-19T09:34:10+00:00,b024df11a339,aj_xml_sitemap,https://www.aljazeera.com/sitemaps/article-archive/2025/09.xml
Al Jazeera,aljazeera.com,https://www.aljazeera.com/news/2025/9/24/erdogan-says-trump-meeting-with-arab-muslim-leaders-on-gaza-was-fruitful,2025-09-24T07:57:27Z,2026-02-19T09:34:10+00:00,d3aed0a59ee1,aj_xml_sitemap,https://www.aljazeera.com/sitemaps/article-archive/2025/09.xml
Al Jazeera,aljazeera.com,https://www.aljazeera.com/news/2025/9/24/gaza-aid-flotilla-hit-by-drone-attacks-and-explosions-activists-say,2025-09-24T04:56:53Z,2026-02-19T09:34:10+00:00,529f25b9bf03,aj_xml_sitemap,https://www.aljazeera.com/sitemaps/article-archive/2025/09.xml
Al Jazeera,aljazeera.com,https://www.aljazeera.com/news/2025/9/23/israel-escalates-bombardment-as-tanks-push-deep-into-gaza-city,2025-09-24T13:15:04Z,2026-02-19T09:34:10+00:00,557cd2bcd7ec,aj_xml_sitemap,https://www.aljazeera.com/sitemaps/article-archive/2025/09.xml
Al Jazeera,aljazeera.com,https://www.aljazeera.com/news/2025/9/23/israel-seeks-permanent-gaza-control-jewish-majority-in-west-bank-un,2025-09-23T19:39:16Z,2026-02-19T09:34:10+00:00,c27f2b199194,aj_xml_sitemap,https://www.aljazeera.com/sitemaps/article-archive/2025/09.xml
Al Jazeera,aljazeera.com,https://www.aljazeera.com/news/2025/9/23/qatars-emir-accuses-israel-of-trying-to-derail-gaza-truce-talks,2025-09-23T19:36:41Z,2026-02-19T09:34:10+00:00,306cdaf33e08,aj_xml_sitemap,https://www.aljazeera.com/sitemaps/article-archive/2025/09.xml
Al Jazeera,aljazeera.com,https://www.aljazeera.com/news/2025/9/23/trump-calls-for-gaza-war-to-stop-immediately-in-unga-speech,2025-09-24T05:44:42Z,2026-02-19T09:34:10+00:00,5778f0a90eff,aj_xml_sitemap,https://www.aljazeera.com/sitemaps/article-archive/2025/09.xml
Al Jazeera,aljazeera.com,https://www.aljazeera.com/news/2025/9/23/israel-shuts-crossing-that-connects-occupied-west-bank-to-jordan,2025-09-23T18:28:38Z,2026-02-19T09:34:10+00:00,d35588d4cafe,aj_xml_sitemap,https://www.aljazeera.com/sitemaps/article-archive/2025/09.xml
Al Jazeera,aljazeera.com,https://www.aljazeera.com/news/2025/9/23/which-are-the-150-countries-that-have-recognised-palestine-as-of-2025,2025-09-23T12:22:31Z,2026-02-19T09:34:10+00:00,a159368238c8,aj_xml_sitemap,https://www.aljazeera.com/sitemaps/article-archive/2025/09.xml
Al Jazeera,aljazeera.com,https://www.aljazeera.com/news/2025/9/23/lebanon-pushes-for-us-support-as-family-killed-by-israel-attack-are-buried,2025-09-23T10:46:00Z,2026-02-19T09:34:10+00:00,7151d1ab2fe8,aj_xml_sitemap,https://www.aljazeera.com/sitemaps/article-archive/2025/09.xml
Al Jazeera,aljazeera.com,https://www.aljazeera.com/news/2025/9/23/trump-to-present-plan-on-ending-israels-gaza-war-to-arab-muslim-leaders,2025-09-23T08:11:27Z,2026-02-19T09:34:10+00:00,15d93d324a4b,aj_xml_sitemap,https://www.aljazeera.com/sitemaps/article-archive/2025/09.xml
Al Jazeera,aljazeera.com,https://www.aljazeera.com/news/2025/9/22/it-is-a-bloodbath-australian-medic-describes-situation-at-gaza-hospital,2025-09-22T21:11:36Z,2026-02-19T09:34:10+00:00,81e8f4cc9891,aj_xml_sitemap,https://www.aljazeera.com/sitemaps/article-archive/2025/09.xml
Al Jazeera,aljazeera.com,https://www.aljazeera.com/news/2025/9/22/joy-to-worry-palestinians-react-to-the-recognition-of-their-statehood,2025-09-22T20:32:49Z,2026-02-19T09:34:10+00:00,64555cedcadd,aj_xml_sitemap,https://www.aljazeera.com/sitemaps/article-archive/2025/09.xml
Al Jazeera,aljazeera.com,https://www.aljazeera.com/news/2025/9/22/france-recognises-palestinian-state-ahead-of-the-unga-meeting,2025-09-23T01:32:11Z,2026-02-19T09:34:10+00:00,9b9f1ef45c93,aj_xml_sitemap,https://www.aljazeera.com/sitemaps/article-archive/2025/09.xml
Al Jazeera,aljazeera.com,https://www.aljazeera.com/news/2025/9/22/french-towns-fly-palestinian-flag-despite-govt-ban-before-recognition,2025-09-22T13:13:19Z,2026-02-19T09:34:10+00:00,34d5467b04dc,aj_xml_sitemap,https://www.aljazeera.com/sitemaps/article-archive/2025/09.xml
Al Jazeera,aljazeera.com,https://www.aljazeera.com/news/2025/9/22/palestinian-flag-raised-outside-embassy-in-london-after-uk-recognition,2025-09-22T15:16:09Z,2026-02-19T09:34:10+00:00,5a9db3217385,aj_xml_sitemap,https://www.aljazeera.com/sitemaps/article-archive/2025/09.xml
Al Jazeera,aljazeera.com,https://www.aljazeera.com/news/2025/9/22/dua-lipa-fires-agent-over-his-purported-support-for-israels-war-in-gaza,2025-09-23T06:52:42Z,2026-02-19T09:34:10+00:00,10f170717445,aj_xml_sitemap,https://www.aljazeera.com/sitemaps/article-archive/2025/09.xml
Al Jazeera,aljazeera.com,https://www.aljazeera.com/news/2025/9/22/israel-palestine-two-state-solution-summit-to-be-held-as-recognitions-surge,2025-09-22T14:59:12Z,2026-02-19T09:34:10+00:00,27a3638be30b,aj_xml_sitemap,https://www.aljazeera.com/sitemaps/article-archive/2025/09.xml
Al Jazeera,aljazeera.com,https://www.aljazeera.com/news/2025/9/21/us-children-among-five-killed-in-israeli-drone-strike-on-southern-lebanon,2025-09-22T05:31:42Z,2026-02-19T09:34:10+00:00,c7e166a12c01,aj_xml_sitemap,https://www.aljazeera.com/sitemaps/article-archive/2025/09.xml
Al Jazeera,aljazeera.com,https://www.aljazeera.com/news/2025/9/21/israeli-attack-kills-at-least-25-from-the-same-family-in-gaza-city-homes,2025-09-21T21:53:22Z,2026-02-19T09:34:10+00:00,7c7f53d2efad,aj_xml_sitemap,https://www.aljazeera.com/sitemaps/article-archive/2025/09.xml
Al Jazeera,aljazeera.com,https://www.aljazeera.com/news/2025/9/21/canada-australia-join-uk-in-recognising-palestinian-statehood,2025-09-21T19:57:19Z,2026-02-19T09:34:10+00:00,68fecd888bbe,aj_xml_sitemap,https://www.aljazeera.com/sitemaps/article-archive/2025/09.xml
Al Jazeera,aljazeera.com,https://www.aljazeera.com/news/2025/9/21/dispatch-from-the-sumud-flotilla-sailing-into-yellow-zone-en-route-to-gaza,2025-09-23T12:09:50Z,2026-02-19T09:34:10+00:00,f0b6d1fb2fb0,aj_xml_sitemap,https://www.aljazeera.com/sitemaps/article-archive/2025/09.xml
Al Jazeera,aljazeera.com,https://www.aljazeera.com/news/2025/9/21/doctors-wont-abandon-patients-at-al-shifa-as-israel-destroys-gaza-city,2025-09-21T10:05:06Z,2026-02-19T09:34:10+00:00,90ac6d49da9d,aj_xml_sitemap,https://www.aljazeera.com/sitemaps/article-archive/2025/09.xml
Al Jazeera,aljazeera.com,https://www.aljazeera.com/news/2025/9/21/uk-pm-starmer-to-recognise-palestinian-statehood-before-unga-meeting,2025-09-21T19:50:42Z,2026-02-19T09:34:10+00:00,7ef196b37331,aj_xml_sitemap,https://www.aljazeera.com/sitemaps/article-archive/2025/09.xml
Al Jazeera,aljazeera.com,https://www.aljazeera.com/news/2025/9/20/israeli-bombing-kills-over-90-palestinians-as-gaza-city-faces-destruction,2025-09-21T03:27:59Z,2026-02-19T09:34:10+00:00,7127d18c447b,aj_xml_sitemap,https://www.aljazeera.com/sitemaps/article-archive/2025/09.xml
Al Jazeera,aljazeera.com,https://www.aljazeera.com/news/2025/9/20/brazil-joins-south-africas-genocide-case-against-israel-at-icj,2025-09-20T16:10:33Z,2026-02-19T09:34:10+00:00,4b47410fbdec,aj_xml_sitemap,https://www.aljazeera.com/sitemaps/article-archive/2025/09.xml
Al Jazeera,aljazeera.com,https://www.aljazeera.com/news/2025/9/20/hamas-posts-farewell-picture-of-48-captives-as-israel-destroys-gaza-city,2025-09-20T12:51:05Z,2026-02-19T09:34:10+00:00,3c38ab35a726,aj_xml_sitemap,https://www.aljazeera.com/sitemaps/article-archive/2025/09.xml
Al Jazeera,aljazeera.com,https://www.aljazeera.com/news/2025/9/20/portugal-to-recognise-a-palestinian-state,2025-09-20T02:26:21Z,2026-02-19T09:34:10+00:00,3c7b3767947f,aj_xml_sitemap,https://www.aljazeera.com/sitemaps/article-archive/2025/09.xml
Al Jazeera,aljazeera.com,https://www.aljazeera.com/news/2025/9/19/palestinians-flee-as-israel-strikes-with-unprecedented-force-in-gaza-city,2025-09-20T03:35:54Z,2026-02-19T09:34:10+00:00,a09842463f52,aj_xml_sitemap,https://www.aljazeera.com/sitemaps/article-archive/2025/09.xml
Al Jazeera,aljazeera.com,https://www.aljazeera.com/news/2025/9/19/pa-arrests-palestinian-suspect-decades-after-paris-restaurant-attack,2025-09-19T19:41:21Z,2026-02-19T09:34:10+00:00,3eca291ee025,aj_xml_sitemap,https://www.aljazeera.com/sitemaps/article-archive/2025/09.xml
Al Jazeera,aljazeera.com,https://www.aljazeera.com/news/2025/9/19/hezbollah-chief-urges-saudi-arabia-to-unite-against-israeli-aggression,2025-09-19T21:03:53Z,2026-02-19T09:34:10+00:00,cea406e25b23,aj_xml_sitemap,https://www.aljazeera.com/sitemaps/article-archive/2025/09.xml
Al Jazeera,aljazeera.com,https://www.aljazeera.com/news/2025/9/19/un-approves-video-address-by-palestines-abbas-after-us-visa-refusal,2025-09-19T16:38:36Z,2026-02-19T09:34:10+00:00,85e2cf54a83f,aj_xml_sitemap,https://www.aljazeera.com/sitemaps/article-archive/2025/09.xml
Al Jazeera,aljazeera.com,https://www.aljazeera.com/news/2025/9/18/panic-in-gaza-city-as-israel-advances-on-centre-sandwiching-population,2025-09-19T01:08:14Z,2026-02-19T09:34:10+00:00,5ac684bd76ac,aj_xml_sitemap,https://www.aljazeera.com/sitemaps/article-archive/2025/09.xml
Al Jazeera,aljazeera.com,https://www.aljazeera.com/news/2025/9/18/us-vetoes-un-security-council-demand-for-gaza-ceasefire-for-sixth-time,2025-09-18T22:36:25Z,2026-02-19T09:34:10+00:00,6bb09984419a,aj_xml_sitemap,https://www.aljazeera.com/sitemaps/article-archive/2025/09.xml
Al Jazeera,aljazeera.com,https://www.aljazeera.com/news/2025/9/18/lebanon-pm-salam-slams-israel-after-fresh-attacks-on-southern-lebanon,2025-09-18T18:29:17Z,2026-02-19T09:34:10+00:00,ede335ad8f97,aj_xml_sitemap,https://www.aljazeera.com/sitemaps/article-archive/2025/09.xml
Al Jazeera,aljazeera.com,https://www.aljazeera.com/news/2025/9/18/suspected-houthi-drone-attack-strikes-israeli-city-of-eilat,2025-09-18T18:15:03Z,2026-02-19T09:34:10+00:00,50726c41d7f5,aj_xml_sitemap,https://www.aljazeera.com/sitemaps/article-archive/2025/09.xml
Al Jazeera,aljazeera.com,https://www.aljazeera.com/news/2025/9/18/attack-at-jordan-west-bank-crossing-kills-two,2025-09-18T18:20:56Z,2026-02-19T09:34:10+00:00,ef94076f1621,aj_xml_sitemap,https://www.aljazeera.com/sitemaps/article-archive/2025/09.xml
Al Jazeera,aljazeera.com,https://www.aljazeera.com/news/2025/9/18/who-warns-hospitals-on-the-brink-as-israel-pushes-gaza-city-assault,2025-09-18T12:17:56Z,2026-02-19T09:34:10+00:00,1aad8f6e4c01,aj_xml_sitemap,https://www.aljazeera.com/sitemaps/article-archive/2025/09.xml
Al Jazeera,aljazeera.com,https://www.aljazeera.com/news/2025/9/17/israel-strikes-kill-palestinians-near-gazas-last-functioning-hospitals,2025-09-18T00:07:03Z,2026-02-19T09:34:10+00:00,00b855e19de8,aj_xml_sitemap,https://www.aljazeera.com/sitemaps/article-archive/2025/09.xml
Al Jazeera,aljazeera.com,https://www.aljazeera.com/news/2025/9/17/leading-hamas-official-makes-first-comments-since-israeli-attack-in-qatar,2025-09-17T22:44:31Z,2026-02-19T09:34:10+00:00,8786242f340c,aj_xml_sitemap,https://www.aljazeera.com/sitemaps/article-archive/2025/09.xml
Al Jazeera,aljazeera.com,https://www.aljazeera.com/news/2025/9/17/talks-with-israel-could-lead-to-result-in-days-says-syrias-al-sharaa,2025-09-17T21:45:31Z,2026-02-19T09:34:10+00:00,cdd58c072ca9,aj_xml_sitemap,https://www.aljazeera.com/sitemaps/article-archive/2025/09.xml
Al Jazeera,aljazeera.com,https://www.aljazeera.com/news/2025/9/17/israel-is-committing-genocide-in-gaza-bernie-sanders,2025-09-17T22:52:42Z,2026-02-19T09:34:10+00:00,ce271dd30467,aj_xml_sitemap,https://www.aljazeera.com/sitemaps/article-archive/2025/09.xml
Al Jazeera,aljazeera.com,https://www.aljazeera.com/news/2025/9/17/will-a-boycott-over-israel-divide-the-eurovision-song-contest,2025-09-17T13:57:27Z,2026-02-19T09:34:10+00:00,526f2d8949a2,aj_xml_sitemap,https://www.aljazeera.com/sitemaps/article-archive/2025/09.xml
Al Jazeera,aljazeera.com,https://www.aljazeera.com/news/2025/9/17/as-israel-struck-qatar-south-africans-saw-echo-of-last-decade-of-apartheid,2025-09-17T15:28:06Z,2026-02-19T09:34:10+00:00,117b770d0c07,aj_xml_sitemap,https://www.aljazeera.com/sitemaps/article-archive/2025/09.xml
Al Jazeera,aljazeera.com,https://www.aljazeera.com/news/2025/9/17/eu-proposes-suspension-of-trade-concessions-with-israel-over-gaza-war,2025-09-17T16:21:31Z,2026-02-19T09:34:10+00:00,1f957de158ab,aj_xml_sitemap,https://www.aljazeera.com/sitemaps/article-archive/2025/09.xml
Al Jazeera,aljazeera.com,https://www.aljazeera.com/news/2025/9/17/qatars-emir-visits-jordan-to-set-military-cooperation-after-israel-attack,2025-09-17T10:09:34Z,2026-02-19T09:34:10+00:00,81b7d71295c0,aj_xml_sitemap,https://www.aljazeera.com/sitemaps/article-archive/2025/09.xml
Al Jazeera,aljazeera.com,https://www.aljazeera.com/news/2025/9/17/few-lebanese-families-return-to-villages-in-south-destroyed-by-israel-war,2025-09-17T09:24:50Z,2026-02-19T09:34:10+00:00,c9a4ccff62b3,aj_xml_sitemap,https://www.aljazeera.com/sitemaps/article-archive/2025/09.xml
Al Jazeera,aljazeera.com,https://www.aljazeera.com/news/2025/9/17/ben-jerrys-cofounder-leaves-firm-amid-dispute-with-unilever-over-gaza,2025-09-17T16:41:24Z,2026-02-19T09:34:10+00:00,513507d4da1c,aj_xml_sitemap,https://www.aljazeera.com/sitemaps/article-archive/2025/09.xml
Al Jazeera,aljazeera.com,https://www.aljazeera.com/news/2025/9/17/iran-executes-man-it-says-spied-for-israel-activists-say-false-confession,2025-10-06T11:12:02Z,2026-02-19T09:34:10+00:00,87da13bdbd86,aj_xml_sitemap,https://www.aljazeera.com/sitemaps/article-archive/2025/09.xml
Al Jazeera,aljazeera.com,https://www.aljazeera.com/news/2025/9/17/dehumanisation-how-israel-is-able-to-commit-its-genocide-in-gaza,2025-09-17T04:01:27Z,2026-02-19T09:34:10+00:00,b55a928d2def,aj_xml_sitemap,https://www.aljazeera.com/sitemaps/article-archive/2025/09.xml
Al Jazeera,aljazeera.com,https://www.aljazeera.com/news/2025/9/17/top-aid-groups-call-on-world-leaders-to-stop-israels-genocide-in-gaza,2025-09-17T03:39:19Z,2026-02-19T09:34:10+00:00,aa01cab1c369,aj_xml_sitemap,https://www.aljazeera.com/sitemaps/article-archive/2025/09.xml
Al Jazeera,aljazeera.com,https://www.aljazeera.com/news/2025/9/16/thousands-of-palestinians-flee-as-israeli-bombs-rain-down-on-gaza-city,2025-09-16T23:57:45Z,2026-02-19T09:34:10+00:00,5b16e35b402e,aj_xml_sitemap,https://www.aljazeera.com/sitemaps/article-archive/2025/09.xml
Al Jazeera,aljazeera.com,https://www.aljazeera.com/news/2025/9/16/gaza-city-under-relentless-bombardment-as-israel-launches-ground-invasion,2025-09-16T23:26:50Z,2026-02-19T09:34:10+00:00,4f9c2c2b3813,aj_xml_sitemap,https://www.aljazeera.com/sitemaps/article-archive/2025/09.xml
Al Jazeera,aljazeera.com,https://www.aljazeera.com/news/2025/9/16/israeli-military-attacks-yemens-red-sea-port-hodeidah-houthi-linked-tv,2025-09-17T02:45:45Z,2026-02-19T09:34:10+00:00,036996cc6f07,aj_xml_sitemap,https://www.aljazeera.com/sitemaps/article-archive/2025/09.xml
Al Jazeera,aljazeera.com,https://www.aljazeera.com/news/2025/9/16/mapping-the-21-illegal-settlements-israel-had-in-gaza-20-years-ago,2025-09-16T13:02:41Z,2026-02-19T09:34:10+00:00,2fe6664c85aa,aj_xml_sitemap,https://www.aljazeera.com/sitemaps/article-archive/2025/09.xml
Al Jazeera,aljazeera.com,https://www.aljazeera.com/news/2025/9/16/captured-state-israel-20-years-after-disengaging-from-gaza,2025-09-16T13:07:09Z,2026-02-19T09:34:10+00:00,3e9444ccc562,aj_xml_sitemap,https://www.aljazeera.com/sitemaps/article-archive/2025/09.xml
Al Jazeera,aljazeera.com,https://www.aljazeera.com/news/2025/9/16/first-head-of-united-nations-body-declares-israels-gaza-war-a-genocide,2025-09-16T13:30:51Z,2026-02-19T09:34:10+00:00,ad2df73fb3bc,aj_xml_sitemap,https://www.aljazeera.com/sitemaps/article-archive/2025/09.xml
Al Jazeera,aljazeera.com,https://www.aljazeera.com/news/2025/9/16/rubio-en-route-to-qatar-warns-of-short-window-to-secure-gaza-ceasefire,2025-09-16T12:33:25Z,2026-02-19T09:34:10+00:00,3bdaa50b09d8,aj_xml_sitemap,https://www.aljazeera.com/sitemaps/article-archive/2025/09.xml
Al Jazeera,aljazeera.com,https://www.aljazeera.com/news/2025/9/16/gaza-city-residents-forced-to-flee-as-israel-carries-out-intense-strikes,2025-09-16T00:40:55Z,2026-02-19T09:34:10+00:00,95fbea8237d3,aj_xml_sitemap,https://www.aljazeera.com/sitemaps/article-archive/2025/09.xml
Al Jazeera,aljazeera.com,https://www.aljazeera.com/news/2025/9/15/trump-warns-hamas-against-using-israeli-captives-in-gaza-as-human-shields,2025-09-15T22:38:04Z,2026-02-19T09:34:10+00:00,3c3234f2d67e,aj_xml_sitemap,https://www.aljazeera.com/sitemaps/article-archive/2025/09.xml
Al Jazeera,aljazeera.com,https://www.aljazeera.com/news/2025/9/15/spanish-pm-calls-for-israels-ban-from-sporting-events-over-gaza-genocide,2025-09-15T21:42:32Z,2026-02-19T09:34:10+00:00,618f9355e3a4,aj_xml_sitemap,https://www.aljazeera.com/sitemaps/article-archive/2025/09.xml
Al Jazeera,aljazeera.com,https://www.aljazeera.com/news/2025/9/15/arab-islamic-summit-qatars-emir-vows-to-confront-israeli-aggression,2025-09-16T01:19:51Z,2026-02-19T09:34:10+00:00,c852f1264d6f,aj_xml_sitemap,https://www.aljazeera.com/sitemaps/article-archive/2025/09.xml
Al Jazeera,aljazeera.com,https://www.aljazeera.com/news/2025/9/15/israels-financial-stranglehold-on-palestinian-land-must-end-un-experts,2025-09-15T14:34:19Z,2026-02-19T09:34:10+00:00,0a44814da543,aj_xml_sitemap,https://www.aljazeera.com/sitemaps/article-archive/2025/09.xml
Al Jazeera,aljazeera.com,https://www.aljazeera.com/news/2025/9/15/netanyahu-and-rubio-stick-to-established-israeli-us-narrative-on-gaza-war,2025-09-15T12:34:47Z,2026-02-19T09:34:10+00:00,1d9acb796e30,aj_xml_sitemap,https://www.aljazeera.com/sitemaps/article-archive/2025/09.xml
Al Jazeera,aljazeera.com,https://www.aljazeera.com/news/2025/9/15/arab-islamic-summit-expected-to-yield-concrete-measures-against-israel,2025-09-15T14:00:00Z,2026-02-19T09:34:10+00:00,742ef901e9f8,aj_xml_sitemap,https://www.aljazeera.com/sitemaps/article-archive/2025/09.xml
Al Jazeera,aljazeera.com,https://www.aljazeera.com/news/2025/9/15/the-pitt-wins-best-tv-drama-emmy-as-war-on-gaza-echoes-at-ceremony,2025-09-15T06:11:49Z,2026-02-19T09:34:10+00:00,e8bb0513ab27,aj_xml_sitemap,https://www.aljazeera.com/sitemaps/article-archive/2025/09.xml
Al Jazeera,aljazeera.com,https://www.aljazeera.com/news/2025/9/14/israel-flattens-more-gaza-towers-as-strikes-kill-fifty-three-and-famine-toll-rises,2025-09-15T01:02:55Z,2026-02-19T09:34:10+00:00,b680b8912e77,aj_xml_sitemap,https://www.aljazeera.com/sitemaps/article-archive/2025/09.xml
Al Jazeera,aljazeera.com,https://www.aljazeera.com/news/2025/9/14/global-sumud-flotilla-sets-sail-from-tunisia-to-break-gaza-blockade,2025-09-14T20:31:30Z,2026-02-19T09:34:10+00:00,e22ffc3de5d5,aj_xml_sitemap,https://www.aljazeera.com/sitemaps/article-archive/2025/09.xml
Al Jazeera,aljazeera.com,https://www.aljazeera.com/news/2025/9/14/spains-vuelta-cycling-finale-abandoned-after-pro-palestine-protests,2025-09-14T20:21:50Z,2026-02-19T09:34:10+00:00,bd933c859281,aj_xml_sitemap,https://www.aljazeera.com/sitemaps/article-archive/2025/09.xml
Al Jazeera,aljazeera.com,https://www.aljazeera.com/news/2025/9/14/foreign-doctors-say-israel-systematically-targeting-gazas-children-report,2025-09-14T18:56:34Z,2026-02-19T09:34:10+00:00,c16645b4600c,aj_xml_sitemap,https://www.aljazeera.com/sitemaps/article-archive/2025/09.xml
Al Jazeera,aljazeera.com,https://www.aljazeera.com/news/2025/9/14/doha-secures-arab-islamic-support-after-barbaric-israel-attack-qatar-pm,2025-09-15T02:18:04Z,2026-02-19T09:34:10+00:00,44d1882203f6,aj_xml_sitemap,https://www.aljazeera.com/sitemaps/article-archive/2025/09.xml
Al Jazeera,aljazeera.com,https://www.aljazeera.com/news/2025/9/14/attacking-qatar-only-shows-israel-doesnt-want-a-gaza-ceasefire,2025-09-14T15:46:25Z,2026-02-19T09:34:10+00:00,c67f5ea5a57b,aj_xml_sitemap,https://www.aljazeera.com/sitemaps/article-archive/2025/09.xml
Al Jazeera,aljazeera.com,https://www.aljazeera.com/news/2025/9/14/leaders-gather-for-arab-islamic-summit-in-qatar-after-israeli-attack,2025-09-14T10:36:19Z,2026-02-19T09:34:10+00:00,86fd37456d76,aj_xml_sitemap,https://www.aljazeera.com/sitemaps/article-archive/2025/09.xml
Al Jazeera,aljazeera.com,https://www.aljazeera.com/news/2025/9/14/israeli-army-carries-out-its-latest-ground-incursion-in-southern-syria,2025-09-14T10:02:53Z,2026-02-19T09:34:10+00:00,e2aed5cda392,aj_xml_sitemap,https://www.aljazeera.com/sitemaps/article-archive/2025/09.xml
Al Jazeera,aljazeera.com,https://www.aljazeera.com/news/2025/9/14/palestinians-flee-israeli-bombing-of-gaza-city-to-unknown-in-al-mawasi,2025-09-14T12:19:42Z,2026-02-19T09:34:10+00:00,3aeef4aebba7,aj_xml_sitemap,https://www.aljazeera.com/sitemaps/article-archive/2025/09.xml
Al Jazeera,aljazeera.com,https://www.aljazeera.com/news/2025/9/14/rubio-due-in-israel-to-discuss-gaza-war-after-attack-on-qatar,2025-09-14T14:52:05Z,2026-02-19T09:34:10+00:00,b1707ef0b399,aj_xml_sitemap,https://www.aljazeera.com/sitemaps/article-archive/2025/09.xml
Al Jazeera,aljazeera.com,https://www.aljazeera.com/news/2025/9/13/israel-attempts-to-oust-gaza-city-residents-through-continuous-bombing,2025-09-14T04:00:46Z,2026-02-19T09:34:10+00:00,8297d7184e31,aj_xml_sitemap,https://www.aljazeera.com/sitemaps/article-archive/2025/09.xml
Al Jazeera,aljazeera.com,https://www.aljazeera.com/news/2025/9/13/global-sumud-flotilla-sets-sail-from-tunisia-to-break-israels-gaza-siege,2025-09-14T15:59:15Z,2026-02-19T09:34:10+00:00,63b759fbb11e,aj_xml_sitemap,https://www.aljazeera.com/sitemaps/article-archive/2025/09.xml
Al Jazeera,aljazeera.com,https://www.aljazeera.com/news/2025/9/13/iran-considers-nuclear-inspection-access-urges-action-against-israel,2025-09-13T14:11:40Z,2026-02-19T09:34:10+00:00,e01b2111c47c,aj_xml_sitemap,https://www.aljazeera.com/sitemaps/article-archive/2025/09.xml
Al Jazeera,aljazeera.com,https://www.aljazeera.com/news/2025/9/12/qatar-pm-meeting-trump-after-israels-deadly-strike-on-doha,2025-09-13T11:19:44Z,2026-02-19T09:34:10+00:00,6d9d10b306c2,aj_xml_sitemap,https://www.aljazeera.com/sitemaps/article-archive/2025/09.xml
Al Jazeera,aljazeera.com,https://www.aljazeera.com/news/2025/9/12/netherlands-threatens-to-boycott-eurovision-2026-if-israel-participates,2025-09-12T19:28:57Z,2026-02-19T09:34:10+00:00,bb3ee8d622ab,aj_xml_sitemap,https://www.aljazeera.com/sitemaps/article-archive/2025/09.xml
Al Jazeera,aljazeera.com,https://www.aljazeera.com/news/2025/9/12/un-general-assembly-backs-two-state-solution-for-israel-and-palestine,2025-09-15T11:10:25Z,2026-02-19T09:34:10+00:00,a84b38cc878d,aj_xml_sitemap,https://www.aljazeera.com/sitemaps/article-archive/2025/09.xml
Al Jazeera,aljazeera.com,https://www.aljazeera.com/news/2025/9/12/israeli-attacks-on-gaza-kill-59-including-14-members-of-the-same-family,2025-09-12T23:17:26Z,2026-02-19T09:34:10+00:00,6bc2f741598f,aj_xml_sitemap,https://www.aljazeera.com/sitemaps/article-archive/2025/09.xml
Al Jazeera,aljazeera.com,https://www.aljazeera.com/news/2025/9/12/islamophobic-incidents-in-australia-skyrocketed-since-israels-gaza-war,2025-09-12T11:18:04Z,2026-02-19T09:34:10+00:00,057fc29f55c1,aj_xml_sitemap,https://www.aljazeera.com/sitemaps/article-archive/2025/09.xml
Al Jazeera,aljazeera.com,https://www.aljazeera.com/news/2025/9/12/show-of-humiliation-as-israeli-army-lays-siege-to-west-banks-tulkarem,2025-09-12T11:57:16Z,2026-02-19T09:34:10+00:00,5f4e7e523bbe,aj_xml_sitemap,https://www.aljazeera.com/sitemaps/article-archive/2025/09.xml
Al Jazeera,aljazeera.com,https://www.aljazeera.com/news/2025/9/11/un-security-council-members-slam-israel-over-strike-on-qatar,2025-09-11T23:34:42Z,2026-02-19T09:34:10+00:00,b95755978213,aj_xml_sitemap,https://www.aljazeera.com/sitemaps/article-archive/2025/09.xml
Al Jazeera,aljazeera.com,https://www.aljazeera.com/news/2025/9/11/israeli-forces-arrest-over-100-palestinians-impose-curfew-in-west-bank,2025-09-11T23:39:50Z,2026-02-19T09:34:10+00:00,e08a0b1d4e6b,aj_xml_sitemap,https://www.aljazeera.com/sitemaps/article-archive/2025/09.xml
Al Jazeera,aljazeera.com,https://www.aljazeera.com/news/2025/9/11/israels-netanyahu-says-there-will-be-no-palestinian-state,2025-09-12T03:35:53Z,2026-02-19T09:34:10+00:00,dec1efb2d50f,aj_xml_sitemap,https://www.aljazeera.com/sitemaps/article-archive/2025/09.xml
Al Jazeera,aljazeera.com,https://www.aljazeera.com/news/2025/9/11/israeli-leaders-heap-praise-on-charlie-kirk-as-a-staunch-ally-of-israel,2025-09-11T21:02:39Z,2026-02-19T09:34:10+00:00,6ad32d53e901,aj_xml_sitemap,https://www.aljazeera.com/sitemaps/article-archive/2025/09.xml
Al Jazeera,aljazeera.com,https://www.aljazeera.com/news/2025/9/11/ireland-wont-participate-in-eurovision-2026-if-israel-does-broadcaster,2025-09-11T19:00:22Z,2026-02-19T09:34:10+00:00,7f625166b8a2,aj_xml_sitemap,https://www.aljazeera.com/sitemaps/article-archive/2025/09.xml
Al Jazeera,aljazeera.com,https://www.aljazeera.com/news/2025/9/11/global-sumud-flotilla-determined-to-continue-to-gaza-after-tunisia-attacks,2025-09-12T08:47:03Z,2026-02-19T09:34:10+00:00,a75f8e6667d2,aj_xml_sitemap,https://www.aljazeera.com/sitemaps/article-archive/2025/09.xml
Al Jazeera,aljazeera.com,https://www.aljazeera.com/news/2025/9/11/qatar-holds-funeral-for-victims-of-israeli-attack-amid-regional-solidarity,2025-09-11T18:13:05Z,2026-02-19T09:34:10+00:00,c5da99db4df1,aj_xml_sitemap,https://www.aljazeera.com/sitemaps/article-archive/2025/09.xml
Al Jazeera,aljazeera.com,https://www.aljazeera.com/news/2025/9/11/hamas-promises-to-keep-fighting-after-israeli-attack-on-qatar,2025-09-11T15:50:52Z,2026-02-19T09:34:10+00:00,e196152f5ce5,aj_xml_sitemap,https://www.aljazeera.com/sitemaps/article-archive/2025/09.xml
Al Jazeera,aljazeera.com,https://www.aljazeera.com/news/2025/9/11/israel-kills-dozens-in-gaza-as-amnesty-warns-of-unlawful-displacement,2025-09-11T14:24:30Z,2026-02-19T09:34:10+00:00,8f292bd0272c,aj_xml_sitemap,https://www.aljazeera.com/sitemaps/article-archive/2025/09.xml
Al Jazeera,aljazeera.com,https://www.aljazeera.com/news/2025/9/11/israeli-russian-captive-in-iraq-tsurkov-was-freed-in-exchange-deal-report,2025-09-11T11:06:35Z,2026-02-19T09:34:10+00:00,6c2fc770327f,aj_xml_sitemap,https://www.aljazeera.com/sitemaps/article-archive/2025/09.xml
Al Jazeera,aljazeera.com,https://www.aljazeera.com/news/2025/9/11/trump-response-to-israels-qatar-attack-undermines-us-credibility-analysts,2025-09-11T11:08:56Z,2026-02-19T09:34:10+00:00,31b320cc1b0c,aj_xml_sitemap,https://www.aljazeera.com/sitemaps/article-archive/2025/09.xml
Al Jazeera,aljazeera.com,https://www.aljazeera.com/news/2025/9/11/music-festival-in-belgium-cancels-concert-over-israeli-conductor,2025-09-11T10:00:06Z,2026-02-19T09:34:10+00:00,224baf8f34d8,aj_xml_sitemap,https://www.aljazeera.com/sitemaps/article-archive/2025/09.xml
Al Jazeera,aljazeera.com,https://www.aljazeera.com/news/2025/9/11/israels-president-herzog-said-argued-out-of-respect-with-british-pm,2025-09-11T03:55:14Z,2026-02-19T09:34:10+00:00,d53582c48aec,aj_xml_sitemap,https://www.aljazeera.com/sitemaps/article-archive/2025/09.xml
Al Jazeera,aljazeera.com,https://www.aljazeera.com/news/2025/9/10/gulf-region-at-risk-qatar-seeks-collective-response-to-israeli-attack,2025-09-11T16:20:43Z,2026-02-19T09:34:10+00:00,18f4ed565e60,aj_xml_sitemap,https://www.aljazeera.com/sitemaps/article-archive/2025/09.xml
Al Jazeera,aljazeera.com,https://www.aljazeera.com/news/2025/9/10/analysis-will-attack-in-qatar-lead-to-international-isolation-of-israel,2025-09-10T20:58:03Z,2026-02-19T09:34:10+00:00,14f3513b1113,aj_xml_sitemap,https://www.aljazeera.com/sitemaps/article-archive/2025/09.xml
Al Jazeera,aljazeera.com,https://www.aljazeera.com/news/2025/9/10/the-price-of-mediation-how-qatar-could-respond-to-israels-attack,2025-09-11T10:31:23Z,2026-02-19T09:34:10+00:00,c9aef1844e54,aj_xml_sitemap,https://www.aljazeera.com/sitemaps/article-archive/2025/09.xml
Al Jazeera,aljazeera.com,https://www.aljazeera.com/news/2025/9/10/canada-is-evaluating-ties-with-israel-after-qatar-attack-foreign-minister,2025-09-10T17:18:13Z,2026-02-19T09:34:10+00:00,cf1c39dab5c6,aj_xml_sitemap,https://www.aljazeera.com/sitemaps/article-archive/2025/09.xml
Al Jazeera,aljazeera.com,https://www.aljazeera.com/news/2025/9/10/maps-israel-has-attacked-six-countries-in-the-past-72-hours,2025-09-10T17:15:30Z,2026-02-19T09:34:10+00:00,bcbe59ff6e52,aj_xml_sitemap,https://www.aljazeera.com/sitemaps/article-archive/2025/09.xml
Al Jazeera,aljazeera.com,https://www.aljazeera.com/news/2025/9/10/how-long-did-it-take-israel-to-plan-attack-in-qatar,2025-09-10T15:56:30Z,2026-02-19T09:34:10+00:00,384583b4f8ac,aj_xml_sitemap,https://www.aljazeera.com/sitemaps/article-archive/2025/09.xml
Al Jazeera,aljazeera.com,https://www.aljazeera.com/news/2025/9/10/after-qatar-attack-israel-ambassador-to-us-says-well-get-them-next-time,2025-09-10T15:06:43Z,2026-02-19T09:34:10+00:00,828b7ac742b7,aj_xml_sitemap,https://www.aljazeera.com/sitemaps/article-archive/2025/09.xml
Al Jazeera,aljazeera.com,https://www.aljazeera.com/news/2025/9/10/israel-attacks-yemen-capital-report,2025-09-10T19:22:16Z,2026-02-19T09:34:10+00:00,ea4e6ad953ae,aj_xml_sitemap,https://www.aljazeera.com/sitemaps/article-archive/2025/09.xml
Al Jazeera,aljazeera.com,https://www.aljazeera.com/news/2025/9/10/german-police-brutality-targets-pro-palestine-movement-injured-protester,2025-09-10T13:36:00Z,2026-02-19T09:34:10+00:00,be87c26ab279,aj_xml_sitemap,https://www.aljazeera.com/sitemaps/article-archive/2025/09.xml
Al Jazeera,aljazeera.com,https://www.aljazeera.com/news/2025/9/10/uk-urged-to-arrest-israeli-president-isaac-herzog-during-london-visit,2025-09-10T16:42:51Z,2026-02-19T09:34:10+00:00,00c3fc4791a9,aj_xml_sitemap,https://www.aljazeera.com/sitemaps/article-archive/2025/09.xml
Al Jazeera,aljazeera.com,https://www.aljazeera.com/news/2025/9/10/israel-and-syria-have-held-peace-talks-why-then-did-israel-attack-syria,2025-09-10T11:33:45Z,2026-02-19T09:34:10+00:00,92ae2f7361b5,aj_xml_sitemap,https://www.aljazeera.com/sitemaps/article-archive/2025/09.xml
Al Jazeera,aljazeera.com,https://www.aljazeera.com/news/2025/9/10/eu-chief-pledges-action-aimed-at-halting-israels-war-on-gaza,2025-09-10T11:30:11Z,2026-02-19T09:34:10+00:00,dcfa78caa1c3,aj_xml_sitemap,https://www.aljazeera.com/sitemaps/article-archive/2025/09.xml
Al Jazeera,aljazeera.com,https://www.aljazeera.com/news/2025/9/10/map-israel-has-attacked-intercepted-all-gaza-bound-flotillas-since-2010,2025-09-10T09:06:05Z,2026-02-19T09:34:10+00:00,49a089b88669,aj_xml_sitemap,https://www.aljazeera.com/sitemaps/article-archive/2025/09.xml
Al Jazeera,aljazeera.com,https://www.aljazeera.com/news/2025/9/10/israel-kills-dozens-in-gaza-qatar-calls-israels-attack-state-terror,2025-09-10T01:33:01Z,2026-02-19T09:34:10+00:00,c855e210d067,aj_xml_sitemap,https://www.aljazeera.com/sitemaps/article-archive/2025/09.xml
Al Jazeera,aljazeera.com,https://www.aljazeera.com/news/2025/9/10/who-is-khalil-al-hayya-who-else-was-targeted-in-israels-attack-on-qatar,2025-09-10T07:43:26Z,2026-02-19T09:34:10+00:00,f8f15eb4c67c,aj_xml_sitemap,https://www.aljazeera.com/sitemaps/article-archive/2025/09.xml
Al Jazeera,aljazeera.com,https://www.aljazeera.com/news/2025/9/9/israeli-russian-researcher-freed-in-iraq-after-two-years-in-captivity,2025-09-09T23:28:09Z,2026-02-19T09:34:10+00:00,6ba4d54cb245,aj_xml_sitemap,https://www.aljazeera.com/sitemaps/article-archive/2025/09.xml
Al Jazeera,aljazeera.com,https://www.aljazeera.com/news/2025/9/9/why-does-qatar-host-hamass-political-office,2025-09-10T03:35:24Z,2026-02-19T09:34:10+00:00,e35f248e98ee,aj_xml_sitemap,https://www.aljazeera.com/sitemaps/article-archive/2025/09.xml
Al Jazeera,aljazeera.com,https://www.aljazeera.com/news/2025/9/9/israel-attacks-hamas-leadership-in-qatar-all-to-know,2025-09-10T13:36:34Z,2026-02-19T09:34:10+00:00,9d53bd68f311,aj_xml_sitemap,https://www.aljazeera.com/sitemaps/article-archive/2025/09.xml
Al Jazeera,aljazeera.com,https://www.aljazeera.com/news/2025/9/9/analysis-israel-leaps-over-red-lines-in-attack-on-qatari-capital-doha,2025-09-09T18:06:54Z,2026-02-19T09:34:10+00:00,c83b90b90e95,aj_xml_sitemap,https://www.aljazeera.com/sitemaps/article-archive/2025/09.xml
Al Jazeera,aljazeera.com,https://www.aljazeera.com/news/2025/9/9/white-house-says-trump-notified-qatar-ahead-of-israeli-strike-on-hamas,2025-09-10T02:14:21Z,2026-02-19T09:34:10+00:00,da86f7d5a8b1,aj_xml_sitemap,https://www.aljazeera.com/sitemaps/article-archive/2025/09.xml
Al Jazeera,aljazeera.com,https://www.aljazeera.com/news/2025/9/9/hamas-leadership-survived-israels-assassination-bid-in-doha-official,2025-09-10T00:18:23Z,2026-02-19T09:34:10+00:00,f03f2b9241ed,aj_xml_sitemap,https://www.aljazeera.com/sitemaps/article-archive/2025/09.xml
Al Jazeera,aljazeera.com,https://www.aljazeera.com/news/2025/9/9/israeli-attack-in-doha-sparks-regional-and-international-condemnation,2025-09-09T22:11:29Z,2026-02-19T09:34:10+00:00,306950c6b48f,aj_xml_sitemap,https://www.aljazeera.com/sitemaps/article-archive/2025/09.xml
Al Jazeera,aljazeera.com,https://www.aljazeera.com/news/2025/9/9/qatar-condemns-cowardly-israeli-attack-in-doha,2025-09-09T22:09:46Z,2026-02-19T09:34:10+00:00,23c4f2ae0b8d,aj_xml_sitemap,https://www.aljazeera.com/sitemaps/article-archive/2025/09.xml
Al Jazeera,aljazeera.com,https://www.aljazeera.com/news/2025/9/9/israeli-military-says-it-has-attacked-hamas-leadership-in-qatars-doha,2025-09-10T05:37:46Z,2026-02-19T09:34:10+00:00,c767e75f7a5d,aj_xml_sitemap,https://www.aljazeera.com/sitemaps/article-archive/2025/09.xml
Al Jazeera,aljazeera.com,https://www.aljazeera.com/news/2025/9/9/palestinians-on-edge-as-israel-ramps-up-raids-in-wake-of-jerusalem-attack,2025-09-09T13:31:48Z,2026-02-19T09:34:10+00:00,16dccf85716c,aj_xml_sitemap,https://www.aljazeera.com/sitemaps/article-archive/2025/09.xml
Al Jazeera,aljazeera.com,https://www.aljazeera.com/news/2025/9/9/global-sumud-flotilla-reports-drone-attack-on-gaza-bound-ship-in-tunisia,2025-09-09T13:46:58Z,2026-02-19T09:34:10+00:00,fcb259a38b96,aj_xml_sitemap,https://www.aljazeera.com/sitemaps/article-archive/2025/09.xml
Al Jazeera,aljazeera.com,https://www.aljazeera.com/news/2025/9/9/syrian-government-blasts-attacks-by-israeli-warplanes-on-two-cities-report,2025-09-09T05:43:31Z,2026-02-19T09:34:10+00:00,150fe8713bd7,aj_xml_sitemap,https://www.aljazeera.com/sitemaps/article-archive/2025/09.xml
Al Jazeera,aljazeera.com,https://www.aljazeera.com/news/2025/9/8/israel-india-sign-investment-deal-as-smotrich-welcomed-in-new-delhi,2025-09-09T08:04:16Z,2026-02-19T09:34:10+00:00,eb35ce3d3e84,aj_xml_sitemap,https://www.aljazeera.com/sitemaps/article-archive/2025/09.xml
Al Jazeera,aljazeera.com,https://www.aljazeera.com/news/2025/9/8/netanyahu-threatens-gaza-residents-as-un-slams-israel-over-mass,2025-09-08T23:04:19Z,2026-02-19T09:34:10+00:00,33910d6fb545,aj_xml_sitemap,https://www.aljazeera.com/sitemaps/article-archive/2025/09.xml
Al Jazeera,aljazeera.com,https://www.aljazeera.com/news/2025/9/8/spain-imposes-total-arms-embargo-on-israel-to-stop-genocide-in,2025-09-08T20:26:32Z,2026-02-19T09:34:10+00:00,bb8cfc4e06ef,aj_xml_sitemap,https://www.aljazeera.com/sitemaps/article-archive/2025/09.xml
Al Jazeera,aljazeera.com,https://www.aljazeera.com/news/2025/9/8/israeli-strikes-kill-five-in-lebanon-in-latest-ceasefire-breach,2025-09-08T19:31:13Z,2026-02-19T09:34:10+00:00,3e5b9dc5a941,aj_xml_sitemap,https://www.aljazeera.com/sitemaps/article-archive/2025/09.xml
Al Jazeera,aljazeera.com,https://www.aljazeera.com/news/2025/9/8/will-trumps-new-gaza-ceasefire-proposal-end-israels-genocide,2025-09-08T19:17:10Z,2026-02-19T09:34:10+00:00,ad279413d9d7,aj_xml_sitemap,https://www.aljazeera.com/sitemaps/article-archive/2025/09.xml
Al Jazeera,aljazeera.com,https://www.aljazeera.com/news/2025/9/8/banksy-mural-shows-judge-beating-protester-amid-palestine-action-crackdown,2025-09-09T07:52:17Z,2026-02-19T09:34:10+00:00,d293a68ed464,aj_xml_sitemap,https://www.aljazeera.com/sitemaps/article-archive/2025/09.xml
Al Jazeera,aljazeera.com,https://www.aljazeera.com/news/2025/9/8/hundreds-of-artists-pledge-boycott-of-israeli-film-institutions-over-gaza,2025-09-08T21:44:17Z,2026-02-19T09:34:10+00:00,672982133b9d,aj_xml_sitemap,https://www.aljazeera.com/sitemaps/article-archive/2025/09.xml
Al Jazeera,aljazeera.com,https://www.aljazeera.com/news/2025/9/8/shooting-in-jerusalem-kills-four-israeli-authorities-say,2025-09-08T13:27:37Z,2026-02-19T09:34:10+00:00,f287334a4e0b,aj_xml_sitemap,https://www.aljazeera.com/sitemaps/article-archive/2025/09.xml
Al Jazeera,aljazeera.com,https://www.aljazeera.com/news/2025/9/8/somaliland-recognition-for-forced-transfer-of-palestinians-not-worth-it,2025-09-08T07:20:47Z,2026-02-19T09:34:10+00:00,4495f2657ce2,aj_xml_sitemap,https://www.aljazeera.com/sitemaps/article-archive/2025/09.xml
Al Jazeera,aljazeera.com,https://www.aljazeera.com/news/2025/9/8/israel-depriving-palestinian-prisoners-of-food-its-supreme-court-rules,2025-09-08T06:57:11Z,2026-02-19T09:34:10+00:00,b2daddaadd5f,aj_xml_sitemap,https://www.aljazeera.com/sitemaps/article-archive/2025/09.xml
Al Jazeera,aljazeera.com,https://www.aljazeera.com/news/2025/9/8/norway-elections-why-investments-in-israel-are-shaping-the-vote,2025-09-08T05:10:17Z,2026-02-19T09:34:10+00:00,70e747c26bca,aj_xml_sitemap,https://www.aljazeera.com/sitemaps/article-archive/2025/09.xml
Al Jazeera,aljazeera.com,https://www.aljazeera.com/news/2025/9/7/israel-intensifies-gaza-city-destruction-bombs-another-high-rise-tower,2025-09-08T00:07:20Z,2026-02-19T09:34:10+00:00,fab7fb64fa88,aj_xml_sitemap,https://www.aljazeera.com/sitemaps/article-archive/2025/09.xml
Al Jazeera,aljazeera.com,https://www.aljazeera.com/news/2025/9/7/trump-suggests-he-put-forward-new-gaza-ceasefire-proposal,2025-09-08T03:20:19Z,2026-02-19T09:34:10+00:00,399de9f64e06,aj_xml_sitemap,https://www.aljazeera.com/sitemaps/article-archive/2025/09.xml
Al Jazeera,aljazeera.com,https://www.aljazeera.com/news/2025/9/7/us-holocaust-museum-removes-anti-genocide-post-amid-gaza-atrocities,2025-09-08T00:51:28Z,2026-02-19T09:34:10+00:00,6789a635dc1f,aj_xml_sitemap,https://www.aljazeera.com/sitemaps/article-archive/2025/09.xml
Al Jazeera,aljazeera.com,https://www.aljazeera.com/news/2025/9/7/uk-police-arrest-almost-900-protesters-at-pro-palestine-action-rally,2025-09-07T20:29:24Z,2026-02-19T09:34:10+00:00,69f34837174e,aj_xml_sitemap,https://www.aljazeera.com/sitemaps/article-archive/2025/09.xml
Al Jazeera,aljazeera.com,https://www.aljazeera.com/news/2025/9/7/ships-log-a-day-on-board-the-global-sumud-flotilla-heading-for-gaza,2025-09-08T08:10:06Z,2026-02-19T09:34:10+00:00,cf6d9f5b327e,aj_xml_sitemap,https://www.aljazeera.com/sitemaps/article-archive/2025/09.xml
Al Jazeera,aljazeera.com,https://www.aljazeera.com/news/2025/9/7/israeli-military-says-drone-launched-from-yemen-hits-airport-arrivals-hall,2025-09-07T17:38:01Z,2026-02-19T09:34:10+00:00,0de9b47d37b4,aj_xml_sitemap,https://www.aljazeera.com/sitemaps/article-archive/2025/09.xml
Al Jazeera,aljazeera.com,https://www.aljazeera.com/news/2025/9/7/settlers-attack-bedouins-ben-gvir-fuels-tensions-in-the-occupied-west-back,2025-09-07T14:40:27Z,2026-02-19T09:34:10+00:00,46b13cf1e6cc,aj_xml_sitemap,https://www.aljazeera.com/sitemaps/article-archive/2025/09.xml
Al Jazeera,aljazeera.com,https://www.aljazeera.com/news/2025/9/7/gaza-war-film-the-voice-of-hind-rajab-wins-2nd-prize-at-venice-festival,2025-09-07T03:29:29Z,2026-02-19T09:34:10+00:00,d705982b5c3a,aj_xml_sitemap,https://www.aljazeera.com/sitemaps/article-archive/2025/09.xml
Al Jazeera,aljazeera.com,https://www.aljazeera.com/news/2025/9/6/police-make-mass-arrests-at-palestine-action-rally-outside-uk-parliament,2025-09-06T20:45:52Z,2026-02-19T09:34:10+00:00,f421d2fbe2c6,aj_xml_sitemap,https://www.aljazeera.com/sitemaps/article-archive/2025/09.xml
Al Jazeera,aljazeera.com,https://www.aljazeera.com/news/2025/9/6/israel-bombs-more-gaza-city-high-rises-after-forced-evacuation-orders,2025-09-06T21:55:25Z,2026-02-19T09:34:10+00:00,39ec34a013b0,aj_xml_sitemap,https://www.aljazeera.com/sitemaps/article-archive/2025/09.xml
Al Jazeera,aljazeera.com,https://www.aljazeera.com/news/2025/9/6/tunisia-flotilla-eager-to-join-global-sumud-mission-to-break-gaza-siege,2025-09-08T22:09:50Z,2026-02-19T09:34:10+00:00,bf6314b3968c,aj_xml_sitemap,https://www.aljazeera.com/sitemaps/article-archive/2025/09.xml
Al Jazeera,aljazeera.com,https://www.aljazeera.com/news/2025/9/6/one-year-on-family-of-us-citizen-killed-by-israel-still-seeking-justice,2025-09-06T16:06:40Z,2026-02-19T09:34:10+00:00,d219f3b36256,aj_xml_sitemap,https://www.aljazeera.com/sitemaps/article-archive/2025/09.xml
Al Jazeera,aljazeera.com,https://www.aljazeera.com/news/2025/9/5/egypt-qatar-condemn-netanyahu-remarks-on-displacing-palestinians-in-gaza,2025-09-05T23:43:15Z,2026-02-19T09:34:10+00:00,367cc6738312,aj_xml_sitemap,https://www.aljazeera.com/sitemaps/article-archive/2025/09.xml
Al Jazeera,aljazeera.com,https://www.aljazeera.com/news/2025/9/5/israeli-forces-kill-a-palestinian-man-in-west-bank-as-violence-surges,2025-09-05T21:47:48Z,2026-02-19T09:34:10+00:00,46b060f80d1e,aj_xml_sitemap,https://www.aljazeera.com/sitemaps/article-archive/2025/09.xml
Al Jazeera,aljazeera.com,https://www.aljazeera.com/news/2025/9/5/un-rights-chief-urges-us-to-withdraw-sanctions-on-palestinian-ngos,2025-09-05T15:26:59Z,2026-02-19T09:34:10+00:00,99aafd15defb,aj_xml_sitemap,https://www.aljazeera.com/sitemaps/article-archive/2025/09.xml
Al Jazeera,aljazeera.com,https://www.aljazeera.com/news/2025/9/5/israel-bombs-high-rise-towers-as-brutal-gaza-city-assault-intensifies,2025-09-05T17:56:01Z,2026-02-19T09:34:10+00:00,57eecb727868,aj_xml_sitemap,https://www.aljazeera.com/sitemaps/article-archive/2025/09.xml
Al Jazeera,aljazeera.com,https://www.aljazeera.com/news/2025/9/5/dissenting-civil-servants-are-silenced-says-uk-diplomat-who-quit-over-gaza,2025-09-05T13:56:28Z,2026-02-19T09:34:10+00:00,170048613b70,aj_xml_sitemap,https://www.aljazeera.com/sitemaps/article-archive/2025/09.xml
Al Jazeera,aljazeera.com,https://www.aljazeera.com/news/2025/9/5/corbyn-led-tribunal-accuses-uk-of-complicity-in-gaza-genocide,2025-09-06T09:58:16Z,2026-02-19T09:34:10+00:00,5f4c129d818c,aj_xml_sitemap,https://www.aljazeera.com/sitemaps/article-archive/2025/09.xml
Al Jazeera,aljazeera.com,https://www.aljazeera.com/news/2025/9/4/city-of-fear-israeli-army-kills-dozens-in-advance-through-gaza-city,2025-09-04T23:05:42Z,2026-02-19T09:34:10+00:00,0603f434948e,aj_xml_sitemap,https://www.aljazeera.com/sitemaps/article-archive/2025/09.xml
Al Jazeera,aljazeera.com,https://www.aljazeera.com/news/2025/9/4/how-many-palestinian-detainees-from-gaza-does-israel-think-are-fighters,2025-09-04T21:51:22Z,2026-02-19T09:34:10+00:00,d584ae68de44,aj_xml_sitemap,https://www.aljazeera.com/sitemaps/article-archive/2025/09.xml
Al Jazeera,aljazeera.com,https://www.aljazeera.com/news/2025/9/4/us-sanctions-palestinian-rights-groups-for-supporting-icc-israel-probe,2025-09-05T13:57:37Z,2026-02-19T09:34:10+00:00,2c501cc049c6,aj_xml_sitemap,https://www.aljazeera.com/sitemaps/article-archive/2025/09.xml
Al Jazeera,aljazeera.com,https://www.aljazeera.com/news/2025/9/4/israel-threatens-to-unleash-biblical-plagues-on-yemens-houthis,2025-09-04T09:46:03Z,2026-02-19T09:34:10+00:00,5ffc07c35c2b,aj_xml_sitemap,https://www.aljazeera.com/sitemaps/article-archive/2025/09.xml
Al Jazeera,aljazeera.com,https://www.aljazeera.com/news/2025/9/4/australia-to-send-hundreds-to-nauru-in-1-6bn-migrant-resettlement-deal,2025-09-04T04:42:18Z,2026-02-19T09:34:10+00:00,4831eef6509c,aj_xml_sitemap,https://www.aljazeera.com/sitemaps/article-archive/2025/09.xml
Al Jazeera,aljazeera.com,https://www.aljazeera.com/news/2025/9/3/hamas-calls-for-un-action-as-israel-escalates-brutal-bombardment-of-gaza,2025-09-04T04:14:10Z,2026-02-19T09:34:10+00:00,ce4a1830ab81,aj_xml_sitemap,https://www.aljazeera.com/sitemaps/article-archive/2025/09.xml
Al Jazeera,aljazeera.com,https://www.aljazeera.com/news/2025/9/3/jeremy-corbyn-to-lead-gaza-tribunal-into-uk-role-in-israels-war,2025-09-03T14:36:50Z,2026-02-19T09:34:10+00:00,39c13b3b8b60,aj_xml_sitemap,https://www.aljazeera.com/sitemaps/article-archive/2025/09.xml
Al Jazeera,aljazeera.com,https://www.aljazeera.com/news/2025/9/3/israeli-attacks-disabled-21000-palestinian-children-in-gaza-war-un-says,2025-09-03T12:31:48Z,2026-02-19T09:34:10+00:00,346e083c638d,aj_xml_sitemap,https://www.aljazeera.com/sitemaps/article-archive/2025/09.xml
Al Jazeera,aljazeera.com,https://www.aljazeera.com/news/2025/9/3/unifil-says-israeli-drones-drop-grenades-close-to-peacekeepers-in-lebanon,2025-09-03T21:47:54Z,2026-02-19T09:34:10+00:00,d19a7ed1cee3,aj_xml_sitemap,https://www.aljazeera.com/sitemaps/article-archive/2025/09.xml
Al Jazeera,aljazeera.com,https://www.aljazeera.com/news/2025/9/3/why-have-leading-experts-declared-israels-war-on-gaza-a-genocide,2025-09-03T06:27:30Z,2026-02-19T09:34:10+00:00,3a9dbfefdd17,aj_xml_sitemap,https://www.aljazeera.com/sitemaps/article-archive/2025/09.xml
Al Jazeera,aljazeera.com,https://www.aljazeera.com/news/2025/9/2/children-journalists-among-105-killed-in-israeli-onslaught-in-gaza,2025-09-03T00:12:02Z,2026-02-19T09:34:10+00:00,85acc3d4d972,aj_xml_sitemap,https://www.aljazeera.com/sitemaps/article-archive/2025/09.xml
Al Jazeera,aljazeera.com,https://www.aljazeera.com/news/2025/9/2/ireland-intervenes-after-gaza-activist-national-beaten-by-german-police,2025-09-10T07:27:52Z,2026-02-19T09:34:10+00:00,40b68ce2de73,aj_xml_sitemap,https://www.aljazeera.com/sitemaps/article-archive/2025/09.xml
Al Jazeera,aljazeera.com,https://www.aljazeera.com/news/2025/9/2/israeli-induced-starvation-in-gaza-kills-185-in-august-13-more-in-24-hours,2025-09-02T13:47:24Z,2026-02-19T09:34:10+00:00,32e9170a38c1,aj_xml_sitemap,https://www.aljazeera.com/sitemaps/article-archive/2025/09.xml
Al Jazeera,aljazeera.com,https://www.aljazeera.com/news/2025/9/2/what-if-the-us-stopped-supporting-israel-tomorrow,2025-09-03T05:24:06Z,2026-02-19T09:34:10+00:00,92e43854a715,aj_xml_sitemap,https://www.aljazeera.com/sitemaps/article-archive/2025/09.xml
Al Jazeera,aljazeera.com,https://www.aljazeera.com/news/2025/9/2/belgium-to-recognise-palestine-at-un-general-assembly-foreign-minister,2025-09-02T22:43:57Z,2026-02-19T09:34:10+00:00,4499bd6fa1e9,aj_xml_sitemap,https://www.aljazeera.com/sitemaps/article-archive/2025/09.xml
Al Jazeera,aljazeera.com,https://www.aljazeera.com/news/2025/9/1/israeli-forces-kill-pregnant-woman-and-unborn-baby-in-gaza-city-assault,2025-09-01T22:31:37Z,2026-02-19T09:34:10+00:00,801b97b8adaf,aj_xml_sitemap,https://www.aljazeera.com/sitemaps/article-archive/2025/09.xml
Al Jazeera,aljazeera.com,https://www.aljazeera.com/news/2025/9/1/sumud-flotilla-for-gaza-forced-to-turn-back-due-to-weather-conditions,2025-09-01T19:02:33Z,2026-02-19T09:34:10+00:00,aaf876c052cc,aj_xml_sitemap,https://www.aljazeera.com/sitemaps/article-archive/2025/09.xml
Al Jazeera,aljazeera.com,https://www.aljazeera.com/news/2025/9/1/israel-committing-genocide-in-gaza-scholars-group-says,2025-09-01T12:28:39Z,2026-02-19T09:34:10+00:00,9fbd27bdbaaa,aj_xml_sitemap,https://www.aljazeera.com/sitemaps/article-archive/2025/09.xml
Al Jazeera,aljazeera.com,https://www.aljazeera.com/news/2025/9/1/more-than-250-media-outlets-protest-over-israel-murdering-gaza-journalists,2025-09-01T11:34:05Z,2026-02-19T09:34:10+00:00,ffaf86e53294,aj_xml_sitemap,https://www.aljazeera.com/sitemaps/article-archive/2025/09.xml
Al Jazeera,aljazeera.com,https://www.aljazeera.com/news/2025/9/1/houthis-fire-missile-at-israeli-owned-tanker-after-prime-minister-killed,2025-09-01T10:16:52Z,2026-02-19T09:34:10+00:00,895c8e371b1f,aj_xml_sitemap,https://www.aljazeera.com/sitemaps/article-archive/2025/09.xml
Al Jazeera,aljazeera.com,https://www.aljazeera.com/news/2025/9/1/the-global-sumud-flotilla-to-gaza-everything-you-need-to-know-2,2025-09-02T09:59:36Z,2026-02-19T09:34:10+00:00,fe639c27b666,aj_xml_sitemap,https://www.aljazeera.com/sitemaps/article-archive/2025/09.xml
Al Jazeera,aljazeera.com,https://www.aljazeera.com/news/longform/2025/9/25/who-are-the-artists-speaking-out-against-israels-war-on-gaza,2025-09-25T17:18:49Z,2026-02-19T09:34:10+00:00,4d99c7f4dc1a,aj_xml_sitemap,https://www.aljazeera.com/sitemaps/article-archive/2025/09.xml
Al Jazeera,aljazeera.com,https://www.aljazeera.com/news/longform/2025/9/12/before-and-after-satellite-images-show-how-israel-has-destroyed-gaza-city,2025-09-12T05:14:52Z,2026-02-19T09:34:10+00:00,c9ba5500a9a2,aj_xml_sitemap,https://www.aljazeera.com/sitemaps/article-archive/2025/09.xml
Al Jazeera,aljazeera.com,https://www.aljazeera.com/news/longform/2025/9/1/israel-murders-journalists,2025-09-01T12:09:24Z,2026-02-19T09:34:10+00:00,b6885bce39db,aj_xml_sitemap,https://www.aljazeera.com/sitemaps/article-archive/2025/09.xml
Al Jazeera,aljazeera.com,https://www.aljazeera.com/news/2025/8/31/israeli-raids-in-major-occupied-west-bank-cities-lead-to-arrests-injuries,2025-08-31T22:00:43Z,2026-02-19T09:34:11+00:00,f76686286bb8,aj_xml_sitemap,https://www.aljazeera.com/sitemaps/article-archive/2025/08.xml
Al Jazeera,aljazeera.com,https://www.aljazeera.com/news/2025/8/31/israel-is-reducing-gaza-city-to-fields-of-rubble-kills-78-across-enclave,2025-08-31T20:56:37Z,2026-02-19T09:34:11+00:00,c321447f4dcb,aj_xml_sitemap,https://www.aljazeera.com/sitemaps/article-archive/2025/08.xml
Al Jazeera,aljazeera.com,https://www.aljazeera.com/news/2025/8/31/yemens-houthi-leader-condemns-israels-record-of-terror-after-killings,2025-08-31T20:43:29Z,2026-02-19T09:34:11+00:00,8beb75b23754,aj_xml_sitemap,https://www.aljazeera.com/sitemaps/article-archive/2025/08.xml
Al Jazeera,aljazeera.com,https://www.aljazeera.com/news/2025/8/31/mothers-newborns-most-at-risk-as-israeli-induced-malnutrition-grips-gaza,2025-08-31T15:57:01Z,2026-02-19T09:34:11+00:00,1df7413d4fc7,aj_xml_sitemap,https://www.aljazeera.com/sitemaps/article-archive/2025/08.xml
Al Jazeera,aljazeera.com,https://www.aljazeera.com/news/2025/8/31/gaza-humanitarian-flotilla-departs-barcelona-to-break-israeli-siege,2025-08-31T14:55:00Z,2026-02-19T09:34:11+00:00,9357911a916e,aj_xml_sitemap,https://www.aljazeera.com/sitemaps/article-archive/2025/08.xml
Al Jazeera,aljazeera.com,https://www.aljazeera.com/news/2025/8/31/sumud-the-largest-flotilla-to-sail-for-gaza-prepares-to-set-out,2025-08-31T11:35:50Z,2026-02-19T09:34:11+00:00,71493d813b82,aj_xml_sitemap,https://www.aljazeera.com/sitemaps/article-archive/2025/08.xml
Al Jazeera,aljazeera.com,https://www.aljazeera.com/news/2025/8/31/the-global-sumud-flotilla-to-gaza-everything-you-need-to-know,2025-09-01T07:30:30Z,2026-02-19T09:34:11+00:00,d8b11f4c9b54,aj_xml_sitemap,https://www.aljazeera.com/sitemaps/article-archive/2025/08.xml
Al Jazeera,aljazeera.com,https://www.aljazeera.com/news/2025/8/30/we-are-on-the-streets-palestinians-flee-israels-assault-on-gaza-city,2025-08-31T03:27:06Z,2026-02-19T09:34:11+00:00,cdc0defb3187,aj_xml_sitemap,https://www.aljazeera.com/sitemaps/article-archive/2025/08.xml
Al Jazeera,aljazeera.com,https://www.aljazeera.com/news/2025/8/30/palestinian-authority-urges-us-to-reinstate-abbass-visa-before-unga,2025-08-30T15:18:19Z,2026-02-19T09:34:11+00:00,9544aec8ff8a,aj_xml_sitemap,https://www.aljazeera.com/sitemaps/article-archive/2025/08.xml
Al Jazeera,aljazeera.com,https://www.aljazeera.com/news/2025/8/30/yemens-houthis-confirm-israeli-airstrike-killed-the-groups-prime-minister,2025-08-31T06:51:42Z,2026-02-19T09:34:11+00:00,8b3971579a12,aj_xml_sitemap,https://www.aljazeera.com/sitemaps/article-archive/2025/08.xml
Al Jazeera,aljazeera.com,https://www.aljazeera.com/news/2025/8/30/iran-arrests-eight-suspected-of-spying-for-israels-mossad-in-12-day-war,2025-08-30T10:31:51Z,2026-02-19T09:34:11+00:00,0e341c8e66a4,aj_xml_sitemap,https://www.aljazeera.com/sitemaps/article-archive/2025/08.xml
Al Jazeera,aljazeera.com,https://www.aljazeera.com/news/2025/8/30/a-music-teacher-uses-gazas-relentless-soundtrack-of-war-to-resist-israel,2025-09-02T06:20:35Z,2026-02-19T09:34:11+00:00,81ac0a8e29b8,aj_xml_sitemap,https://www.aljazeera.com/sitemaps/article-archive/2025/08.xml
Al Jazeera,aljazeera.com,https://www.aljazeera.com/news/2025/8/30/eu-nations-divided-on-sanctioning-israel-for-gaza-war-as-fms-meet,2025-08-31T03:48:01Z,2026-02-19T09:34:11+00:00,da084495924b,aj_xml_sitemap,https://www.aljazeera.com/sitemaps/article-archive/2025/08.xml
Al Jazeera,aljazeera.com,https://www.aljazeera.com/news/2025/8/29/turkiye-closes-airspace-to-israel-entirely-cutting-ties-over-gaza-war,2025-08-29T16:21:48Z,2026-02-19T09:34:11+00:00,47c9f531a590,aj_xml_sitemap,https://www.aljazeera.com/sitemaps/article-archive/2025/08.xml
Al Jazeera,aljazeera.com,https://www.aljazeera.com/news/2025/8/29/us-denies-visas-for-palestinian-officials-ahead-of-un-assembly,2025-08-29T19:01:14Z,2026-02-19T09:34:11+00:00,e170dc78dc35,aj_xml_sitemap,https://www.aljazeera.com/sitemaps/article-archive/2025/08.xml
Al Jazeera,aljazeera.com,https://www.aljazeera.com/news/2025/8/29/israeli-military-says-it-has-begun-initial-stages-of-attack-on-gaza-city,2025-08-29T22:46:34Z,2026-02-19T09:34:11+00:00,9f8a7d5e5973,aj_xml_sitemap,https://www.aljazeera.com/sitemaps/article-archive/2025/08.xml
Al Jazeera,aljazeera.com,https://www.aljazeera.com/news/2025/8/29/uk-bans-israeli-officials-from-major-arms-exhibition,2025-08-29T09:29:29Z,2026-02-19T09:34:11+00:00,da34a8415463,aj_xml_sitemap,https://www.aljazeera.com/sitemaps/article-archive/2025/08.xml
Al Jazeera,aljazeera.com,https://www.aljazeera.com/news/2025/8/29/microsoft-fires-four-workers-over-protests-against-firms-ties-to-israel,2025-08-29T07:41:50Z,2026-02-19T09:34:11+00:00,54dc85dc57fa,aj_xml_sitemap,https://www.aljazeera.com/sitemaps/article-archive/2025/08.xml
Al Jazeera,aljazeera.com,https://www.aljazeera.com/news/2025/8/28/israels-smotrich-calls-for-phased-gaza-annexation-if-hamas-does-not-disarm,2025-08-29T03:26:08Z,2026-02-19T09:34:11+00:00,b7705f7dd97f,aj_xml_sitemap,https://www.aljazeera.com/sitemaps/article-archive/2025/08.xml
Al Jazeera,aljazeera.com,https://www.aljazeera.com/news/2025/8/28/two-lebanese-soldiers-killed-in-israeli-drone-explosion-in-southern-lebanon,2025-08-28T19:25:12Z,2026-02-19T09:34:11+00:00,aa2a25d29c6e,aj_xml_sitemap,https://www.aljazeera.com/sitemaps/article-archive/2025/08.xml
Al Jazeera,aljazeera.com,https://www.aljazeera.com/news/2025/8/28/israel-launches-latest-attacks-against-houthis-in-yemens-sanaa,2025-08-28T17:56:11Z,2026-02-19T09:34:11+00:00,aa838316f51b,aj_xml_sitemap,https://www.aljazeera.com/sitemaps/article-archive/2025/08.xml
Al Jazeera,aljazeera.com,https://www.aljazeera.com/news/2025/8/28/israel-steps-up-bombardment-of-gaza-city-killing-at-least-24-people,2025-08-28T22:47:09Z,2026-02-19T09:34:11+00:00,6d91d09d29a8,aj_xml_sitemap,https://www.aljazeera.com/sitemaps/article-archive/2025/08.xml
Al Jazeera,aljazeera.com,https://www.aljazeera.com/news/2025/8/28/un-staff-urge-rights-chief-volker-turk-to-call-gaza-war-a-genocide,2025-08-28T15:36:59Z,2026-02-19T09:34:11+00:00,e1ffabc183c5,aj_xml_sitemap,https://www.aljazeera.com/sitemaps/article-archive/2025/08.xml
Al Jazeera,aljazeera.com,https://www.aljazeera.com/news/2025/8/28/half-of-us-voters-believe-israel-committing-genocide-in-gaza-poll-says,2025-08-28T09:35:37Z,2026-02-19T09:34:11+00:00,18840bc269ab,aj_xml_sitemap,https://www.aljazeera.com/sitemaps/article-archive/2025/08.xml
Al Jazeera,aljazeera.com,https://www.aljazeera.com/news/2025/8/27/calls-grow-to-release-us-teen-mohammed-ibrahim-detained-by-israel,2025-08-28T00:02:14Z,2026-02-19T09:34:11+00:00,adcc4e2bf780,aj_xml_sitemap,https://www.aljazeera.com/sitemaps/article-archive/2025/08.xml
Al Jazeera,aljazeera.com,https://www.aljazeera.com/news/2025/8/27/israel-launches-new-operations-in-syria-after-strike-kills-soldiers,2025-08-27T22:50:35Z,2026-02-19T09:34:11+00:00,9dc967f569e6,aj_xml_sitemap,https://www.aljazeera.com/sitemaps/article-archive/2025/08.xml
Al Jazeera,aljazeera.com,https://www.aljazeera.com/news/2025/8/27/israeli-official-alexandrovich-skips-us-court-hearing-on-child-sex-charges,2025-08-27T19:08:04Z,2026-02-19T09:34:11+00:00,bbee6a7f89a2,aj_xml_sitemap,https://www.aljazeera.com/sitemaps/article-archive/2025/08.xml
Al Jazeera,aljazeera.com,https://www.aljazeera.com/news/2025/8/27/un-warns-gaza-famine-expanding-as-aid-groups-decry-israeli-siege,2025-08-28T05:14:30Z,2026-02-19T09:34:11+00:00,01f67e98a1e8,aj_xml_sitemap,https://www.aljazeera.com/sitemaps/article-archive/2025/08.xml
Al Jazeera,aljazeera.com,https://www.aljazeera.com/news/2025/8/27/starvation-strategy-how-israel-created-famine-in-gaza,2025-08-27T16:30:00Z,2026-02-19T09:34:11+00:00,65491ea83f4b,aj_xml_sitemap,https://www.aljazeera.com/sitemaps/article-archive/2025/08.xml
Al Jazeera,aljazeera.com,https://www.aljazeera.com/news/2025/8/27/why-icj-judge-sebutinde-faces-calls-to-quit-from-israel-genocide-case,2025-08-27T14:54:02Z,2026-02-19T09:34:11+00:00,be5b20b1c58f,aj_xml_sitemap,https://www.aljazeera.com/sitemaps/article-archive/2025/08.xml
Al Jazeera,aljazeera.com,https://www.aljazeera.com/news/2025/8/27/child-arrested-at-least-80-injured-during-israeli-raid-on-nablus,2025-08-27T15:09:05Z,2026-02-19T09:34:11+00:00,089b6ee7223e,aj_xml_sitemap,https://www.aljazeera.com/sitemaps/article-archive/2025/08.xml
Al Jazeera,aljazeera.com,https://www.aljazeera.com/news/2025/8/27/hamas-challenges-israeli-account-of-gaza-hospital-attack-that-killed-21,2025-08-27T04:28:45Z,2026-02-19T09:34:11+00:00,93ffc36d5cb9,aj_xml_sitemap,https://www.aljazeera.com/sitemaps/article-archive/2025/08.xml
Al Jazeera,aljazeera.com,https://www.aljazeera.com/news/2025/8/27/australia-denies-iran-action-due-to-intervention-by-israels-netanyahu,2025-08-27T03:34:10Z,2026-02-19T09:34:11+00:00,998870fee106,aj_xml_sitemap,https://www.aljazeera.com/sitemaps/article-archive/2025/08.xml
Al Jazeera,aljazeera.com,https://www.aljazeera.com/news/2025/8/26/six-syrian-soldiers-killed-in-israeli-strikes-near-damascus-state-media,2025-08-26T23:05:05Z,2026-02-19T09:34:11+00:00,c7fc4801ba62,aj_xml_sitemap,https://www.aljazeera.com/sitemaps/article-archive/2025/08.xml
Al Jazeera,aljazeera.com,https://www.aljazeera.com/news/2025/8/26/day-of-disruption-families-supporters-of-israeli-gaza-captives-protest,2025-08-26T21:49:11Z,2026-02-19T09:34:11+00:00,09d24aaa716a,aj_xml_sitemap,https://www.aljazeera.com/sitemaps/article-archive/2025/08.xml
Al Jazeera,aljazeera.com,https://www.aljazeera.com/news/2025/8/26/israel-pushes-further-into-gaza-city-killing-and-displacing-palestinians,2025-08-26T22:53:49Z,2026-02-19T09:34:11+00:00,d5cb84ecb1b7,aj_xml_sitemap,https://www.aljazeera.com/sitemaps/article-archive/2025/08.xml
Al Jazeera,aljazeera.com,https://www.aljazeera.com/news/2025/8/26/what-are-double-tap-strikes-that-israel-used-to-hit-a-hospital,2025-08-26T17:08:09Z,2026-02-19T09:34:11+00:00,41f15f3c3b49,aj_xml_sitemap,https://www.aljazeera.com/sitemaps/article-archive/2025/08.xml
Al Jazeera,aljazeera.com,https://www.aljazeera.com/news/2025/8/26/who-were-the-five-journalists-killed-in-israels-gaza-hospital-attack,2025-08-26T17:04:45Z,2026-02-19T09:34:11+00:00,fdc148dfa2f8,aj_xml_sitemap,https://www.aljazeera.com/sitemaps/article-archive/2025/08.xml
Al Jazeera,aljazeera.com,https://www.aljazeera.com/news/2025/8/26/israel-bombs-once-bustling-gaza-city-neighbourhood-zeitoun-to-rubble,2025-08-26T17:05:31Z,2026-02-19T09:34:11+00:00,f94f80d01659,aj_xml_sitemap,https://www.aljazeera.com/sitemaps/article-archive/2025/08.xml
Al Jazeera,aljazeera.com,https://www.aljazeera.com/news/2025/8/26/qatar-says-israel-yet-to-respond-to-gaza-ceasefire-proposal,2025-08-26T15:26:17Z,2026-02-19T09:34:11+00:00,9c297985276f,aj_xml_sitemap,https://www.aljazeera.com/sitemaps/article-archive/2025/08.xml
Al Jazeera,aljazeera.com,https://www.aljazeera.com/news/2025/8/26/24-injured-including-child-and-elderly-man-in-israeli-raid-on-west-bank,2025-08-26T18:30:11Z,2026-02-19T09:34:11+00:00,8d40c60d6c60,aj_xml_sitemap,https://www.aljazeera.com/sitemaps/article-archive/2025/08.xml
Al Jazeera,aljazeera.com,https://www.aljazeera.com/news/2025/8/26/israels-destruction-in-lebanon-should-be-probed-as-war-crimes-amnesty,2025-08-26T06:53:34Z,2026-02-19T09:34:11+00:00,91b1132826c5,aj_xml_sitemap,https://www.aljazeera.com/sitemaps/article-archive/2025/08.xml
Al Jazeera,aljazeera.com,https://www.aljazeera.com/news/2025/8/26/norway-fund-divests-from-us-firm-caterpillar-over-gaza-west-bank-abuses,2025-08-26T05:36:19Z,2026-02-19T09:34:11+00:00,7763709add70,aj_xml_sitemap,https://www.aljazeera.com/sitemaps/article-archive/2025/08.xml
Al Jazeera,aljazeera.com,https://www.aljazeera.com/news/2025/8/25/israel-bombs-hospital-kills-journalists-medics-dozens-more-across-gaza,2025-08-26T00:16:53Z,2026-02-19T09:34:11+00:00,82bdab5db569,aj_xml_sitemap,https://www.aljazeera.com/sitemaps/article-archive/2025/08.xml
Al Jazeera,aljazeera.com,https://www.aljazeera.com/news/2025/8/25/trump-predicts-conclusive-ending-to-gaza-war-within-three-weeks-2,2025-08-25T18:59:13Z,2026-02-19T09:34:11+00:00,65553282d742,aj_xml_sitemap,https://www.aljazeera.com/sitemaps/article-archive/2025/08.xml
Al Jazeera,aljazeera.com,https://www.aljazeera.com/news/2025/8/25/hezbollah-chief-rejects-disarmament-demands-israel-comply-with-ceasefire,2025-08-25T16:35:39Z,2026-02-19T09:34:11+00:00,67c553d16e88,aj_xml_sitemap,https://www.aljazeera.com/sitemaps/article-archive/2025/08.xml
Al Jazeera,aljazeera.com,https://www.aljazeera.com/news/2025/8/25/global-outrage-following-israeli-attack-that-killed-five-gaza-journalists,2025-08-26T01:02:27Z,2026-02-19T09:34:11+00:00,1ec3c7fb1370,aj_xml_sitemap,https://www.aljazeera.com/sitemaps/article-archive/2025/08.xml
Al Jazeera,aljazeera.com,https://www.aljazeera.com/news/2025/8/25/israel-army-chief-says-captive-deal-on-table-israel-must-take-it-report,2025-08-25T15:21:23Z,2026-02-19T09:34:11+00:00,244e4948ae05,aj_xml_sitemap,https://www.aljazeera.com/sitemaps/article-archive/2025/08.xml
Al Jazeera,aljazeera.com,https://www.aljazeera.com/news/2025/8/25/syria-condemns-new-israeli-military-incursion-in-damascus-countryside,2025-08-25T17:25:14Z,2026-02-19T09:34:11+00:00,8416fcc3df8c,aj_xml_sitemap,https://www.aljazeera.com/sitemaps/article-archive/2025/08.xml
Al Jazeera,aljazeera.com,https://www.aljazeera.com/news/2025/8/25/al-jazeera-condemns-israeli-strike-in-gaza-that-killed-its-journalist,2025-08-31T12:27:15Z,2026-02-19T09:34:11+00:00,f9cd6f0d0515,aj_xml_sitemap,https://www.aljazeera.com/sitemaps/article-archive/2025/08.xml
Al Jazeera,aljazeera.com,https://www.aljazeera.com/news/2025/8/25/what-is-gbs-the-rare-paralytic-disease-in-gaza-amid-israeli-blockade,2025-08-25T13:18:58Z,2026-02-19T09:34:11+00:00,08480a78e679,aj_xml_sitemap,https://www.aljazeera.com/sitemaps/article-archive/2025/08.xml
Al Jazeera,aljazeera.com,https://www.aljazeera.com/news/2025/8/25/al-jazeera-journalist-mohammed-salama-among-14-killed-in-israeli-attack,2025-08-25T17:53:24Z,2026-02-19T09:34:11+00:00,29c787c0c125,aj_xml_sitemap,https://www.aljazeera.com/sitemaps/article-archive/2025/08.xml
Al Jazeera,aljazeera.com,https://www.aljazeera.com/news/2025/8/24/israel-has-destroyed-more-than-1000-buildings-in-gaza-city-civil-defence,2025-08-24T23:31:01Z,2026-02-19T09:34:11+00:00,82d5f74173b4,aj_xml_sitemap,https://www.aljazeera.com/sitemaps/article-archive/2025/08.xml
Al Jazeera,aljazeera.com,https://www.aljazeera.com/news/2025/8/24/tens-of-thousands-march-across-world-in-support-of-palestinians-in-gaza,2025-08-24T22:43:23Z,2026-02-19T09:34:11+00:00,6fb3f82bc29a,aj_xml_sitemap,https://www.aljazeera.com/sitemaps/article-archive/2025/08.xml
Al Jazeera,aljazeera.com,https://www.aljazeera.com/news/2025/8/24/amid-gaza-famine-palestinian-girl-struggles-to-survive,2025-08-24T17:44:41Z,2026-02-19T09:34:11+00:00,815c8facd634,aj_xml_sitemap,https://www.aljazeera.com/sitemaps/article-archive/2025/08.xml
Al Jazeera,aljazeera.com,https://www.aljazeera.com/news/2025/8/24/israeli-military-targets-yemens-sanaa-after-houthi-attacks,2025-08-25T15:45:39Z,2026-02-19T09:34:11+00:00,196cc1a0b0a6,aj_xml_sitemap,https://www.aljazeera.com/sitemaps/article-archive/2025/08.xml
Al Jazeera,aljazeera.com,https://www.aljazeera.com/news/2025/8/24/did-israel-know-over-80-percent-of-those-it-killed-in-gaza-were-civilians,2025-08-24T10:21:59Z,2026-02-19T09:34:11+00:00,e8c141be74ae,aj_xml_sitemap,https://www.aljazeera.com/sitemaps/article-archive/2025/08.xml
Al Jazeera,aljazeera.com,https://www.aljazeera.com/news/2025/8/24/turkish-first-lady-urges-melania-trump-to-speak-out-for-gazas-children,2025-08-24T09:42:44Z,2026-02-19T09:34:11+00:00,c8c5251be09c,aj_xml_sitemap,https://www.aljazeera.com/sitemaps/article-archive/2025/08.xml
Al Jazeera,aljazeera.com,https://www.aljazeera.com/news/2025/8/23/tens-of-thousands-of-palestinian-children-starving-in-gaza-tent-camps,2025-08-23T19:10:37Z,2026-02-19T09:34:11+00:00,5376bea4c3d5,aj_xml_sitemap,https://www.aljazeera.com/sitemaps/article-archive/2025/08.xml
Al Jazeera,aljazeera.com,https://www.aljazeera.com/news/2025/8/23/israeli-military-uproots-thousands-of-palestinian-olive-trees-in-west-bank,2025-08-24T12:09:31Z,2026-02-19T09:34:11+00:00,538e3c0ed15e,aj_xml_sitemap,https://www.aljazeera.com/sitemaps/article-archive/2025/08.xml
Al Jazeera,aljazeera.com,https://www.aljazeera.com/news/2025/8/23/israeli-attacks-kill-37-in-gaza-as-more-palestinians-die-from-starvation,2025-08-24T00:35:35Z,2026-02-19T09:34:11+00:00,2bc9b33fd112,aj_xml_sitemap,https://www.aljazeera.com/sitemaps/article-archive/2025/08.xml
Al Jazeera,aljazeera.com,https://www.aljazeera.com/news/2025/8/22/dutch-foreign-minister-resigns-over-israel-sanctions-deadlock,2025-08-22T21:40:00Z,2026-02-19T09:34:11+00:00,0b9ea0bc6add,aj_xml_sitemap,https://www.aljazeera.com/sitemaps/article-archive/2025/08.xml
Al Jazeera,aljazeera.com,https://www.aljazeera.com/news/2025/8/22/world-reacts-as-un-backed-body-declares-famine-in-gaza,2025-08-22T22:34:50Z,2026-02-19T09:34:11+00:00,9724f2b46310,aj_xml_sitemap,https://www.aljazeera.com/sitemaps/article-archive/2025/08.xml
Al Jazeera,aljazeera.com,https://www.aljazeera.com/news/2025/8/22/at-least-52-killed-in-gaza-as-israel-escalates-attacks-on-gaza-city,2025-08-23T03:27:51Z,2026-02-19T09:34:11+00:00,5bc66e41eeea,aj_xml_sitemap,https://www.aljazeera.com/sitemaps/article-archive/2025/08.xml
Al Jazeera,aljazeera.com,https://www.aljazeera.com/news/2025/8/22/what-has-led-to-a-famine-being-confirmed-in-gaza,2025-08-22T12:52:01Z,2026-02-19T09:34:11+00:00,6e7f6a6cb125,aj_xml_sitemap,https://www.aljazeera.com/sitemaps/article-archive/2025/08.xml
Al Jazeera,aljazeera.com,https://www.aljazeera.com/news/2025/8/22/famine-confirmed-in-northern-gaza-global-hunger-monitor-says,2025-08-22T18:01:42Z,2026-02-19T09:34:11+00:00,b9cf4952b6be,aj_xml_sitemap,https://www.aljazeera.com/sitemaps/article-archive/2025/08.xml
Al Jazeera,aljazeera.com,https://www.aljazeera.com/news/2025/8/22/over-20-nations-join-eu-un-in-opposing-israels-illegal-e1-settlement-plan,2025-08-22T04:48:45Z,2026-02-19T09:34:11+00:00,3da806f70cda,aj_xml_sitemap,https://www.aljazeera.com/sitemaps/article-archive/2025/08.xml
Al Jazeera,aljazeera.com,https://www.aljazeera.com/news/2025/8/21/israeli-pm-netanyahu-approves-gaza-city-seizure-despite-ceasefire-talks,2025-08-21T23:25:18Z,2026-02-19T09:34:11+00:00,44b11ec2697b,aj_xml_sitemap,https://www.aljazeera.com/sitemaps/article-archive/2025/08.xml
Al Jazeera,aljazeera.com,https://www.aljazeera.com/news/2025/8/21/israeli-data-shows-83-percent-of-gaza-war-dead-are-civilians-report,2025-08-21T18:58:11Z,2026-02-19T09:34:11+00:00,6ff9888a7531,aj_xml_sitemap,https://www.aljazeera.com/sitemaps/article-archive/2025/08.xml
Al Jazeera,aljazeera.com,https://www.aljazeera.com/news/2025/8/21/lebanon-begins-disarming-palestinian-groups-in-refugee-camps,2025-08-21T17:27:54Z,2026-02-19T09:34:11+00:00,a1eed29493fc,aj_xml_sitemap,https://www.aljazeera.com/sitemaps/article-archive/2025/08.xml
Al Jazeera,aljazeera.com,https://www.aljazeera.com/news/2025/8/21/israel-settlement-plan-threatens-viability-of-future-palestinian-state,2025-08-21T16:38:28Z,2026-02-19T09:34:11+00:00,584b81c04278,aj_xml_sitemap,https://www.aljazeera.com/sitemaps/article-archive/2025/08.xml
Al Jazeera,aljazeera.com,https://www.aljazeera.com/news/2025/8/21/israeli-attacks-kill-40-across-gaza-as-military-escalates-gaza-city-assault,2025-08-21T21:44:52Z,2026-02-19T09:34:11+00:00,0722fdd8b035,aj_xml_sitemap,https://www.aljazeera.com/sitemaps/article-archive/2025/08.xml
Al Jazeera,aljazeera.com,https://www.aljazeera.com/news/2025/8/21/jonathon-porritt-ex-adviser-to-king-charles-uk-complicit-in-gaza-genocide,2025-08-21T14:07:10Z,2026-02-19T09:34:11+00:00,0810cec692cf,aj_xml_sitemap,https://www.aljazeera.com/sitemaps/article-archive/2025/08.xml
Al Jazeera,aljazeera.com,https://www.aljazeera.com/news/2025/8/21/displacement-again-families-divided-in-gaza-over-whether-to-stay-or-leave,2025-08-21T13:07:37Z,2026-02-19T09:34:11+00:00,ad8714e696ee,aj_xml_sitemap,https://www.aljazeera.com/sitemaps/article-archive/2025/08.xml
Al Jazeera,aljazeera.com,https://www.aljazeera.com/news/2025/8/21/us-senators-urge-rubio-to-press-israel-over-journalist-killings,2025-08-21T10:45:38Z,2026-02-19T09:34:11+00:00,01b50d1ce2fd,aj_xml_sitemap,https://www.aljazeera.com/sitemaps/article-archive/2025/08.xml
Al Jazeera,aljazeera.com,https://www.aljazeera.com/news/2025/8/21/israels-netanyahu-escalates-attack-on-australias-albanese-as-ties-plunge,2025-08-21T09:29:57Z,2026-02-19T09:34:11+00:00,fd2cb3ac7831,aj_xml_sitemap,https://www.aljazeera.com/sitemaps/article-archive/2025/08.xml
Al Jazeera,aljazeera.com,https://www.aljazeera.com/news/2025/8/21/moral-imperative-hundreds-of-uk-business-leaders-demand-action-on-israel,2025-08-21T07:56:01Z,2026-02-19T09:34:11+00:00,ee5a8235fea3,aj_xml_sitemap,https://www.aljazeera.com/sitemaps/article-archive/2025/08.xml
Al Jazeera,aljazeera.com,https://www.aljazeera.com/news/2025/8/20/israel-pounds-gaza-killing-81-as-its-begins-assault-to-seize-gaza-city,2025-08-20T22:57:56Z,2026-02-19T09:34:11+00:00,768357ec7933,aj_xml_sitemap,https://www.aljazeera.com/sitemaps/article-archive/2025/08.xml
Al Jazeera,aljazeera.com,https://www.aljazeera.com/news/2025/8/20/most-americans-support-international-recognition-of-palestine-poll,2025-08-20T19:22:12Z,2026-02-19T09:34:11+00:00,b0f6a81cc862,aj_xml_sitemap,https://www.aljazeera.com/sitemaps/article-archive/2025/08.xml
Al Jazeera,aljazeera.com,https://www.aljazeera.com/news/2025/8/20/abdullah-left-gaza-for-treatment-in-turkiye-but-it-was-too-late,2025-08-20T17:35:29Z,2026-02-19T09:34:11+00:00,45411cf7b244,aj_xml_sitemap,https://www.aljazeera.com/sitemaps/article-archive/2025/08.xml
Al Jazeera,aljazeera.com,https://www.aljazeera.com/news/2025/8/20/israel-approves-settlement-plan-which-will-split-occupied-west-bank-in-half,2025-08-20T13:14:07Z,2026-02-19T09:34:11+00:00,547c902d7b3c,aj_xml_sitemap,https://www.aljazeera.com/sitemaps/article-archive/2025/08.xml
Al Jazeera,aljazeera.com,https://www.aljazeera.com/news/2025/8/20/israel-to-call-up-60000-reservists-in-plan-to-expand-war-seize-gaza-city,2025-08-20T10:51:45Z,2026-02-19T09:34:11+00:00,23122ac71fba,aj_xml_sitemap,https://www.aljazeera.com/sitemaps/article-archive/2025/08.xml
Al Jazeera,aljazeera.com,https://www.aljazeera.com/news/2025/8/20/what-is-israels-most-moral-army-in-the-world-doing-in-gaza,2025-08-20T08:00:30Z,2026-02-19T09:34:11+00:00,e4f31ea1ced1,aj_xml_sitemap,https://www.aljazeera.com/sitemaps/article-archive/2025/08.xml
Al Jazeera,aljazeera.com,https://www.aljazeera.com/news/2025/8/20/australia-hits-back-at-netanyahu-amid-escalating-diplomatic-row-over-gaza,2025-08-20T09:50:22Z,2026-02-19T09:34:11+00:00,033b8cf47dee,aj_xml_sitemap,https://www.aljazeera.com/sitemaps/article-archive/2025/08.xml
Al Jazeera,aljazeera.com,https://www.aljazeera.com/news/2025/8/20/israels-netanyahu-lashes-out-at-frances-macron-australian-pm-albanese,2025-08-20T02:57:18Z,2026-02-19T09:34:11+00:00,17d4df813187,aj_xml_sitemap,https://www.aljazeera.com/sitemaps/article-archive/2025/08.xml
Al Jazeera,aljazeera.com,https://www.aljazeera.com/news/2025/8/19/how-was-an-alleged-israeli-child-sex-predator-allowed-to-leave-the-us,2025-08-19T23:27:21Z,2026-02-19T09:34:11+00:00,8f48209c0efb,aj_xml_sitemap,https://www.aljazeera.com/sitemaps/article-archive/2025/08.xml
Al Jazeera,aljazeera.com,https://www.aljazeera.com/news/2025/8/19/israel-has-killed-nearly-19000-children-in-gaza-war-as-strikes-intensify,2025-08-19T22:55:42Z,2026-02-19T09:34:11+00:00,88abd4b2afc6,aj_xml_sitemap,https://www.aljazeera.com/sitemaps/article-archive/2025/08.xml
Al Jazeera,aljazeera.com,https://www.aljazeera.com/news/2025/8/19/record-breaking-383-aid-workers-killed-in-2024-half-in-gaza-says-un,2025-08-19T08:57:21Z,2026-02-19T09:34:11+00:00,9a6fd686ba50,aj_xml_sitemap,https://www.aljazeera.com/sitemaps/article-archive/2025/08.xml
Al Jazeera,aljazeera.com,https://www.aljazeera.com/news/2025/8/18/israeli-attacks-forced-starvation-have-killed-62000-palestinians-in-gaza,2025-08-19T04:05:20Z,2026-02-19T09:34:11+00:00,c1a6bb99f13b,aj_xml_sitemap,https://www.aljazeera.com/sitemaps/article-archive/2025/08.xml
Al Jazeera,aljazeera.com,https://www.aljazeera.com/news/2025/8/18/uk-warns-sally-rooney-after-novelist-pledges-to-fund-palestine-action,2025-08-18T15:49:43Z,2026-02-19T09:34:11+00:00,6f9e80310f78,aj_xml_sitemap,https://www.aljazeera.com/sitemaps/article-archive/2025/08.xml
Al Jazeera,aljazeera.com,https://www.aljazeera.com/news/2025/8/18/qatari-pm-egyptian-president-back-efforts-to-reach-gaza-ceasefire,2025-08-18T21:49:41Z,2026-02-19T09:34:11+00:00,4d3001c9f84f,aj_xml_sitemap,https://www.aljazeera.com/sitemaps/article-archive/2025/08.xml
Al Jazeera,aljazeera.com,https://www.aljazeera.com/news/2025/8/18/need-israel-to-comply-us-envoy-says-as-lebanon-moves-to-disarm-hezbollah,2025-08-18T14:38:39Z,2026-02-19T09:34:11+00:00,6c0fa180887c,aj_xml_sitemap,https://www.aljazeera.com/sitemaps/article-archive/2025/08.xml
Al Jazeera,aljazeera.com,https://www.aljazeera.com/news/2025/8/18/amnesty-slams-israel-for-deliberately-starving-palestinians-in-gaza,2025-08-18T09:34:30Z,2026-02-19T09:34:11+00:00,a94481b782f7,aj_xml_sitemap,https://www.aljazeera.com/sitemaps/article-archive/2025/08.xml
Al Jazeera,aljazeera.com,https://www.aljazeera.com/news/2025/8/18/israel-starving-gaza-hundreds-of-deaths-including-many-children,2025-09-19T15:31:09Z,2026-02-19T09:34:11+00:00,3228655e7236,aj_xml_sitemap,https://www.aljazeera.com/sitemaps/article-archive/2025/08.xml
Al Jazeera,aljazeera.com,https://www.aljazeera.com/news/2025/8/17/israel-intensifies-gaza-city-attacks-forcing-starving-palestinians-to-flee,2025-08-17T15:37:59Z,2026-02-19T09:34:11+00:00,00f666b30baf,aj_xml_sitemap,https://www.aljazeera.com/sitemaps/article-archive/2025/08.xml
Al Jazeera,aljazeera.com,https://www.aljazeera.com/news/2025/8/17/israelis-hold-nationwide-protest-to-end-gaza-war-bring-back-the-hostages,2025-08-17T22:26:10Z,2026-02-19T09:34:11+00:00,f9711fce68e7,aj_xml_sitemap,https://www.aljazeera.com/sitemaps/article-archive/2025/08.xml
Al Jazeera,aljazeera.com,https://www.aljazeera.com/news/2025/8/17/israeli-military-bombs-power-plant-near-yemeni-capital-sanaa,2025-08-17T09:13:10Z,2026-02-19T09:34:11+00:00,d19b1825edec,aj_xml_sitemap,https://www.aljazeera.com/sitemaps/article-archive/2025/08.xml
Al Jazeera,aljazeera.com,https://www.aljazeera.com/news/2025/8/16/israeli-attack-kills-baby-girl-in-gaza-as-more-palestinians-die-of-hunger,2025-08-17T09:17:58Z,2026-02-19T09:34:11+00:00,bc4d59f292f4,aj_xml_sitemap,https://www.aljazeera.com/sitemaps/article-archive/2025/08.xml
Al Jazeera,aljazeera.com,https://www.aljazeera.com/news/2025/8/16/us-suspends-visas-for-gaza-residents-after-right-wing-social-media-storm,2025-08-17T09:40:50Z,2026-02-19T09:34:11+00:00,aa3e0b5973e8,aj_xml_sitemap,https://www.aljazeera.com/sitemaps/article-archive/2025/08.xml
Al Jazeera,aljazeera.com,https://www.aljazeera.com/news/2025/8/16/will-i-make-it-back-alive-gaza-journalists-fear-targeting-by-israel,2025-08-16T15:39:57Z,2026-02-19T09:34:11+00:00,a26af623d604,aj_xml_sitemap,https://www.aljazeera.com/sitemaps/article-archive/2025/08.xml
Al Jazeera,aljazeera.com,https://www.aljazeera.com/news/2025/8/16/arab-islamic-countries-condemn-netanyahus-greater-israel-remark,2025-08-16T13:07:06Z,2026-02-19T09:34:11+00:00,b3c528b22c5d,aj_xml_sitemap,https://www.aljazeera.com/sitemaps/article-archive/2025/08.xml
Al Jazeera,aljazeera.com,https://www.aljazeera.com/news/2025/8/16/trump-putin-end-short-summit-without-ceasefire-deal-in-ukraine,2025-08-16T11:27:26Z,2026-02-19T09:34:11+00:00,13489aae16da,aj_xml_sitemap,https://www.aljazeera.com/sitemaps/article-archive/2025/08.xml
Al Jazeera,aljazeera.com,https://www.aljazeera.com/news/2025/8/15/uk-to-prosecute-60-more-people-for-backing-banned-palestine-action-group,2025-08-15T21:11:21Z,2026-02-19T09:34:11+00:00,17f8c1916919,aj_xml_sitemap,https://www.aljazeera.com/sitemaps/article-archive/2025/08.xml
Al Jazeera,aljazeera.com,https://www.aljazeera.com/news/2025/8/15/israel-targets-emergency-workers-trying-to-help-people-trapped-in-gaza-city,2025-08-15T20:04:08Z,2026-02-19T09:34:11+00:00,7264a3e37740,aj_xml_sitemap,https://www.aljazeera.com/sitemaps/article-archive/2025/08.xml
Al Jazeera,aljazeera.com,https://www.aljazeera.com/news/2025/8/15/how-the-world-is-reacting-to-israels-settlement-plan-in-occupied-west-bank,2025-08-15T13:27:23Z,2026-02-19T09:34:11+00:00,3968586db0bc,aj_xml_sitemap,https://www.aljazeera.com/sitemaps/article-archive/2025/08.xml
Al Jazeera,aljazeera.com,https://www.aljazeera.com/news/2025/8/15/hezbollah-says-lebanon-disarmament-plan-serves-israel-vows-to-keep-weapons,2025-08-15T16:10:02Z,2026-02-19T09:34:11+00:00,0d5df00c4dd2,aj_xml_sitemap,https://www.aljazeera.com/sitemaps/article-archive/2025/08.xml
Al Jazeera,aljazeera.com,https://www.aljazeera.com/news/2025/8/15/palestinians-condemn-israels-ben-gvir-over-marwan-barghouti-threat,2025-08-15T17:46:52Z,2026-02-19T09:34:11+00:00,0beaf57bc2c6,aj_xml_sitemap,https://www.aljazeera.com/sitemaps/article-archive/2025/08.xml
Al Jazeera,aljazeera.com,https://www.aljazeera.com/news/2025/8/14/israel-starves-four-more-people-in-gaza-to-death-kills-at-least-23,2025-08-14T23:26:30Z,2026-02-19T09:34:11+00:00,933bd0bda97b,aj_xml_sitemap,https://www.aljazeera.com/sitemaps/article-archive/2025/08.xml
Al Jazeera,aljazeera.com,https://www.aljazeera.com/news/2025/8/14/does-anyone-in-israel-support-the-plan-to-escalate-its-offensive-in-gaza,2025-08-14T13:40:13Z,2026-02-19T09:34:11+00:00,d23807894722,aj_xml_sitemap,https://www.aljazeera.com/sitemaps/article-archive/2025/08.xml
Al Jazeera,aljazeera.com,https://www.aljazeera.com/news/2025/8/14/smotrich-says-illegal-west-bank-settlement-buries-palestinian-state,2025-08-14T10:49:26Z,2026-02-19T09:34:11+00:00,ffb3f97ff8ca,aj_xml_sitemap,https://www.aljazeera.com/sitemaps/article-archive/2025/08.xml
Al Jazeera,aljazeera.com,https://www.aljazeera.com/news/2025/8/14/more-than-100-groups-blast-israels-weaponisation-of-aid-as-gaza-starves,2025-08-14T02:38:10Z,2026-02-19T09:34:11+00:00,7791a6ff01cf,aj_xml_sitemap,https://www.aljazeera.com/sitemaps/article-archive/2025/08.xml
Al Jazeera,aljazeera.com,https://www.aljazeera.com/news/2025/8/13/protests-vigils-held-around-globe-for-gaza-assassinated-journalists,2025-08-13T20:09:40Z,2026-02-19T09:34:11+00:00,012626cfcd87,aj_xml_sitemap,https://www.aljazeera.com/sitemaps/article-archive/2025/08.xml
Al Jazeera,aljazeera.com,https://www.aljazeera.com/news/2025/8/13/israeli-attacks-kill-123-in-gaza-as-three-more-children-die-of-hunger,2025-08-13T22:56:17Z,2026-02-19T09:34:11+00:00,8f4b24285b1b,aj_xml_sitemap,https://www.aljazeera.com/sitemaps/article-archive/2025/08.xml
Al Jazeera,aljazeera.com,https://www.aljazeera.com/news/2025/8/13/palestinian-man-killed-in-west-bank-by-israeli-soldier-protecting-settlers,2025-08-13T18:48:45Z,2026-02-19T09:34:11+00:00,a2cf365a120d,aj_xml_sitemap,https://www.aljazeera.com/sitemaps/article-archive/2025/08.xml
Al Jazeera,aljazeera.com,https://www.aljazeera.com/news/2025/8/13/turkiye-slams-israel-kurdish-led-sdf-for-destabilising-syria,2025-08-13T14:02:56Z,2026-02-19T09:34:11+00:00,660d91efc2ce,aj_xml_sitemap,https://www.aljazeera.com/sitemaps/article-archive/2025/08.xml
Al Jazeera,aljazeera.com,https://www.aljazeera.com/news/2025/8/13/israel-south-sudan-in-talks-over-forced-transfer-of-palestinians-report,2025-08-13T14:03:18Z,2026-02-19T09:34:11+00:00,c9c50db0fc24,aj_xml_sitemap,https://www.aljazeera.com/sitemaps/article-archive/2025/08.xml
Al Jazeera,aljazeera.com,https://www.aljazeera.com/news/2025/8/13/doctor-in-gaza-describes-daily-patterns-in-israeli-maiming-at-ghf-hubs,2025-08-13T07:35:24Z,2026-02-19T09:34:11+00:00,8f9974154897,aj_xml_sitemap,https://www.aljazeera.com/sitemaps/article-archive/2025/08.xml
Al Jazeera,aljazeera.com,https://www.aljazeera.com/news/2025/8/13/un-chief-warns-israel-russia-over-reports-of-sexual-abuse-by-armed-forces,2025-08-13T02:17:35Z,2026-02-19T09:34:11+00:00,badf1db50552,aj_xml_sitemap,https://www.aljazeera.com/sitemaps/article-archive/2025/08.xml
Al Jazeera,aljazeera.com,https://www.aljazeera.com/news/2025/8/12/us-sanctions-dr-congo-armed-group-over-illicit-mining-ceasefire-tested,2025-08-12T22:18:42Z,2026-02-19T09:34:11+00:00,0af8236f04fb,aj_xml_sitemap,https://www.aljazeera.com/sitemaps/article-archive/2025/08.xml
Al Jazeera,aljazeera.com,https://www.aljazeera.com/news/2025/8/12/argentinas-javier-milei-launches-group-to-boost-israel-latin-america-ties,2025-08-12T19:41:11Z,2026-02-19T09:34:11+00:00,d20d49a02a6b,aj_xml_sitemap,https://www.aljazeera.com/sitemaps/article-archive/2025/08.xml
Al Jazeera,aljazeera.com,https://www.aljazeera.com/news/2025/8/12/assaults-by-israeli-soldiers-become-a-daily-reality-in-west-banks-sebastia,2025-08-12T19:14:32Z,2026-02-19T09:34:11+00:00,ddb36f48357b,aj_xml_sitemap,https://www.aljazeera.com/sitemaps/article-archive/2025/08.xml
Al Jazeera,aljazeera.com,https://www.aljazeera.com/news/2025/8/12/iran-says-it-arrested-21000-suspects-during-12-day-war-with-israel-us,2025-08-12T14:42:13Z,2026-02-19T09:34:11+00:00,ed3239cdb3c4,aj_xml_sitemap,https://www.aljazeera.com/sitemaps/article-archive/2025/08.xml
Al Jazeera,aljazeera.com,https://www.aljazeera.com/news/2025/8/12/gaza-malnutrition-death-toll-rises-as-israeli-attacks-kill-at-least-67,2025-08-13T16:37:41Z,2026-02-19T09:34:11+00:00,08059f2c8d35,aj_xml_sitemap,https://www.aljazeera.com/sitemaps/article-archive/2025/08.xml
Al Jazeera,aljazeera.com,https://www.aljazeera.com/news/2025/8/12/protests-held-worldwide-over-israels-murder-of-al-jazeera-gaza-journalists,2025-08-12T12:10:27Z,2026-02-19T09:34:11+00:00,406a4b463acc,aj_xml_sitemap,https://www.aljazeera.com/sitemaps/article-archive/2025/08.xml
Al Jazeera,aljazeera.com,https://www.aljazeera.com/news/2025/8/12/australia-pm-says-israels-netanyahu-in-denial-over-suffering-in-gaza,2025-08-12T04:26:28Z,2026-02-19T09:34:11+00:00,1a04f14ba5ff,aj_xml_sitemap,https://www.aljazeera.com/sitemaps/article-archive/2025/08.xml
Al Jazeera,aljazeera.com,https://www.aljazeera.com/news/2025/8/12/zelenskyy-says-putin-readying-for-new-offensive-in-ukraine-not-ceasefire,2025-08-12T06:17:47Z,2026-02-19T09:34:11+00:00,136fcd7c21a7,aj_xml_sitemap,https://www.aljazeera.com/sitemaps/article-archive/2025/08.xml
Al Jazeera,aljazeera.com,https://www.aljazeera.com/news/2025/8/11/un-says-families-a-generation-being-wiped-out-by-israels-war-on-gaza,2025-08-12T11:37:46Z,2026-02-19T09:34:11+00:00,39457d16dc27,aj_xml_sitemap,https://www.aljazeera.com/sitemaps/article-archive/2025/08.xml
Al Jazeera,aljazeera.com,https://www.aljazeera.com/news/2025/8/11/norway-wealth-fund-divests-stakes-in-several-israeli-companies,2025-08-11T15:39:58Z,2026-02-19T09:34:11+00:00,05c551502b90,aj_xml_sitemap,https://www.aljazeera.com/sitemaps/article-archive/2025/08.xml
Al Jazeera,aljazeera.com,https://www.aljazeera.com/news/2025/8/11/here-are-the-names-of-the-journalists-israel-killed-in-gaza,2025-08-26T12:05:17Z,2026-02-19T09:34:11+00:00,ad0d3735e5f3,aj_xml_sitemap,https://www.aljazeera.com/sitemaps/article-archive/2025/08.xml
Al Jazeera,aljazeera.com,https://www.aljazeera.com/news/2025/8/11/anas-and-mohammed-journalists-slain-by-israel-remembered-as-role-models,2025-08-12T11:55:33Z,2026-02-19T09:34:11+00:00,4d3c78ad4e18,aj_xml_sitemap,https://www.aljazeera.com/sitemaps/article-archive/2025/08.xml
Al Jazeera,aljazeera.com,https://www.aljazeera.com/news/2025/8/11/funerals-held-for-al-jazeera-journalists-assassinated-by-israel-in-gaza,2025-08-12T18:41:09Z,2026-02-19T09:34:11+00:00,bfaf06a610f6,aj_xml_sitemap,https://www.aljazeera.com/sitemaps/article-archive/2025/08.xml
Al Jazeera,aljazeera.com,https://www.aljazeera.com/news/2025/8/11/tributes-condemnation-pour-in-for-slain-al-jazeera-journalists-in-gaza,2025-08-12T11:33:47Z,2026-02-19T09:34:11+00:00,69dc3a16c7c8,aj_xml_sitemap,https://www.aljazeera.com/sitemaps/article-archive/2025/08.xml
Al Jazeera,aljazeera.com,https://www.aljazeera.com/news/2025/8/11/australia-to-recognise-palestinian-statehood-new-zealand-may-follow,2025-08-11T13:27:33Z,2026-02-19T09:34:11+00:00,fa4fca2da9f4,aj_xml_sitemap,https://www.aljazeera.com/sitemaps/article-archive/2025/08.xml
Al Jazeera,aljazeera.com,https://www.aljazeera.com/news/2025/8/11/al-jazeera-condemns-killing-of-its-journalists-by-israeli-forces-in-gaza,2025-08-11T07:08:34Z,2026-02-19T09:34:11+00:00,f57cf038654a,aj_xml_sitemap,https://www.aljazeera.com/sitemaps/article-archive/2025/08.xml
Al Jazeera,aljazeera.com,https://www.aljazeera.com/news/2025/8/10/al-jazeera-journalist-anas-al-sharif-killed-in-israeli-attack-in-gaza-city,2025-08-12T11:28:28Z,2026-02-19T09:34:11+00:00,145fe37edb51,aj_xml_sitemap,https://www.aljazeera.com/sitemaps/article-archive/2025/08.xml
Al Jazeera,aljazeera.com,https://www.aljazeera.com/news/2025/8/10/un-warns-of-calamity-as-netanyahu-pushes-for-israel-to-seize-gaza-city,2025-08-10T20:57:21Z,2026-02-19T09:34:11+00:00,2806c2df9de5,aj_xml_sitemap,https://www.aljazeera.com/sitemaps/article-archive/2025/08.xml
Al Jazeera,aljazeera.com,https://www.aljazeera.com/news/2025/8/10/uk-police-arrested-522-people-at-palestine-action-protests-in-london,2025-08-10T17:57:44Z,2026-02-19T09:34:11+00:00,cc074d57a985,aj_xml_sitemap,https://www.aljazeera.com/sitemaps/article-archive/2025/08.xml
Al Jazeera,aljazeera.com,https://www.aljazeera.com/news/2025/8/9/palestinian-foreign-minister-demands-action-to-end-israels-gaza-genocide,2025-08-09T17:39:46Z,2026-02-19T09:34:11+00:00,32571fdf5a0c,aj_xml_sitemap,https://www.aljazeera.com/sitemaps/article-archive/2025/08.xml
Al Jazeera,aljazeera.com,https://www.aljazeera.com/news/2025/8/9/uk-police-arrest-at-least-200-in-palestine-action-protest-in-london,2025-08-10T03:52:22Z,2026-02-19T09:34:11+00:00,215ae6b14007,aj_xml_sitemap,https://www.aljazeera.com/sitemaps/article-archive/2025/08.xml
Al Jazeera,aljazeera.com,https://www.aljazeera.com/news/2025/8/9/israeli-forces-kill-aid-seekers-as-gaza-starvation-death-toll-rises,2025-08-10T08:39:30Z,2026-02-19T09:34:11+00:00,f835c9b255e1,aj_xml_sitemap,https://www.aljazeera.com/sitemaps/article-archive/2025/08.xml
Al Jazeera,aljazeera.com,https://www.aljazeera.com/news/2025/8/8/trump-offers-ucla-1bn-settlement-amid-pro-palestine-protest-standoff,2025-08-08T21:57:22Z,2026-02-19T09:34:11+00:00,a42c6af59446,aj_xml_sitemap,https://www.aljazeera.com/sitemaps/article-archive/2025/08.xml
Al Jazeera,aljazeera.com,https://www.aljazeera.com/news/2025/8/8/faced-death-100-times-palestinians-spurn-israel-plan-to-occupy-gaza-city,2025-08-09T00:49:53Z,2026-02-19T09:34:11+00:00,7ab8f9f8b1d7,aj_xml_sitemap,https://www.aljazeera.com/sitemaps/article-archive/2025/08.xml
Al Jazeera,aljazeera.com,https://www.aljazeera.com/news/2025/8/8/us-has-no-plans-to-recognise-palestinian-state-vance-says-on-uk-trip,2025-08-08T18:20:50Z,2026-02-19T09:34:11+00:00,ba7020cd61df,aj_xml_sitemap,https://www.aljazeera.com/sitemaps/article-archive/2025/08.xml
Al Jazeera,aljazeera.com,https://www.aljazeera.com/news/2025/8/8/germany-halts-military-exports-to-israel-for-use-in-gaza-offensive,2025-08-08T16:48:58Z,2026-02-19T09:34:11+00:00,79cf3095b352,aj_xml_sitemap,https://www.aljazeera.com/sitemaps/article-archive/2025/08.xml
Al Jazeera,aljazeera.com,https://www.aljazeera.com/news/2025/8/8/how-the-world-is-reacting-to-israels-plan-to-take-over-gaza-city,2025-08-08T23:44:38Z,2026-02-19T09:34:11+00:00,e74222dc836e,aj_xml_sitemap,https://www.aljazeera.com/sitemaps/article-archive/2025/08.xml
Al Jazeera,aljazeera.com,https://www.aljazeera.com/news/2025/8/8/in-my-gaza-maternity-ward-life-and-death-coexist-but-so-does-hope,2025-08-09T09:17:53Z,2026-02-19T09:34:11+00:00,f4b5b16f2eac,aj_xml_sitemap,https://www.aljazeera.com/sitemaps/article-archive/2025/08.xml
Al Jazeera,aljazeera.com,https://www.aljazeera.com/news/2025/8/8/israeli-security-cabinet-approves-plan-to-occupy-gaza-city-report,2025-08-08T09:33:35Z,2026-02-19T09:34:11+00:00,8f642382fbd1,aj_xml_sitemap,https://www.aljazeera.com/sitemaps/article-archive/2025/08.xml
Al Jazeera,aljazeera.com,https://www.aljazeera.com/news/2025/8/7/cair-urges-us-to-probe-the-death-of-father-killed-in-israeli-settler-attack,2025-08-07T23:34:40Z,2026-02-19T09:34:11+00:00,acec5128ffd6,aj_xml_sitemap,https://www.aljazeera.com/sitemaps/article-archive/2025/08.xml
Al Jazeera,aljazeera.com,https://www.aljazeera.com/news/2025/8/7/famine-kills-nearly-200-in-gaza-amid-apocalyptic-battle-for-survival,2025-08-08T02:43:07Z,2026-02-19T09:34:11+00:00,133dd1a24067,aj_xml_sitemap,https://www.aljazeera.com/sitemaps/article-archive/2025/08.xml
Al Jazeera,aljazeera.com,https://www.aljazeera.com/news/2025/8/7/at-least-six-killed-10-wounded-in-israeli-strikes-on-lebanon,2025-08-07T20:18:28Z,2026-02-19T09:34:11+00:00,2505eca6c4d4,aj_xml_sitemap,https://www.aljazeera.com/sitemaps/article-archive/2025/08.xml
Al Jazeera,aljazeera.com,https://www.aljazeera.com/news/2025/8/7/cambodia-and-thailand-agree-to-deploy-asean-ceasefire-monitors,2025-08-07T18:47:09Z,2026-02-19T09:34:11+00:00,c784a8a4ac80,aj_xml_sitemap,https://www.aljazeera.com/sitemaps/article-archive/2025/08.xml
Al Jazeera,aljazeera.com,https://www.aljazeera.com/news/2025/8/7/aipac-slams-trump-ally-marjorie-taylor-greene-over-gaza-genocide-remark,2025-08-07T21:47:22Z,2026-02-19T09:34:11+00:00,c10ede4099cd,aj_xml_sitemap,https://www.aljazeera.com/sitemaps/article-archive/2025/08.xml
Al Jazeera,aljazeera.com,https://www.aljazeera.com/news/2025/8/7/trump-says-he-wants-all-middle-eastern-countries-to-have-formal-israel-ties,2025-08-07T15:57:45Z,2026-02-19T09:34:11+00:00,e5d1eb30409a,aj_xml_sitemap,https://www.aljazeera.com/sitemaps/article-archive/2025/08.xml
Al Jazeera,aljazeera.com,https://www.aljazeera.com/news/2025/8/7/netanyahu-says-israel-intends-to-take-control-of-gaza-in-interview,2025-08-07T19:41:45Z,2026-02-19T09:34:11+00:00,96b81adfdb37,aj_xml_sitemap,https://www.aljazeera.com/sitemaps/article-archive/2025/08.xml
Al Jazeera,aljazeera.com,https://www.aljazeera.com/news/2025/8/7/microsoft-cloud-used-in-israeli-mass-surveillance-of-palestinians-report,2025-08-07T12:50:44Z,2026-02-19T09:34:11+00:00,68178ecba9ef,aj_xml_sitemap,https://www.aljazeera.com/sitemaps/article-archive/2025/08.xml
Al Jazeera,aljazeera.com,https://www.aljazeera.com/news/2025/8/7/us-made-bombs-used-in-deadly-israeli-strikes-on-gaza-schools-hrw-says,2025-08-07T11:33:57Z,2026-02-19T09:34:11+00:00,6f358abece3a,aj_xml_sitemap,https://www.aljazeera.com/sitemaps/article-archive/2025/08.xml
Al Jazeera,aljazeera.com,https://www.aljazeera.com/news/2025/8/7/majority-seek-end-to-israel-weapons-sales-survey-spanning-three-continents,2025-08-07T09:03:20Z,2026-02-19T09:34:11+00:00,4d162a9369ec,aj_xml_sitemap,https://www.aljazeera.com/sitemaps/article-archive/2025/08.xml
Al Jazeera,aljazeera.com,https://www.aljazeera.com/news/2025/8/7/gaza-aid-distribution-declared-orchestrated-killing-by-msf,2025-08-07T06:33:54Z,2026-02-19T09:34:11+00:00,482718528499,aj_xml_sitemap,https://www.aljazeera.com/sitemaps/article-archive/2025/08.xml
Al Jazeera,aljazeera.com,https://www.aljazeera.com/news/2025/8/7/suspect-in-murder-of-israel-embassy-staffers-in-us-indicted-for-hate-crime,2025-08-07T02:27:09Z,2026-02-19T09:34:11+00:00,4d2a2946de5a,aj_xml_sitemap,https://www.aljazeera.com/sitemaps/article-archive/2025/08.xml
Al Jazeera,aljazeera.com,https://www.aljazeera.com/news/2025/8/7/are-sovereign-wealth-funds-dumping-israeli-investments,2025-08-07T01:57:15Z,2026-02-19T09:34:11+00:00,e5d63b86140f,aj_xml_sitemap,https://www.aljazeera.com/sitemaps/article-archive/2025/08.xml
Al Jazeera,aljazeera.com,https://www.aljazeera.com/news/2025/8/6/call-for-end-to-forced-starvation-targeted-killing-of-journalists-in-gaza,2025-08-06T22:27:49Z,2026-02-19T09:34:11+00:00,8c048a202968,aj_xml_sitemap,https://www.aljazeera.com/sitemaps/article-archive/2025/08.xml
Al Jazeera,aljazeera.com,https://www.aljazeera.com/news/2025/8/6/israeli-captive-families-confront-police-outside-army-headquarters,2025-08-06T22:36:07Z,2026-02-19T09:34:11+00:00,84ece6814a2d,aj_xml_sitemap,https://www.aljazeera.com/sitemaps/article-archive/2025/08.xml
Al Jazeera,aljazeera.com,https://www.aljazeera.com/news/2025/8/6/dire-blood-shortage-in-gaza-as-deaths-from-israeli-attacks-starvation-grow,2025-08-06T23:06:22Z,2026-02-19T09:34:11+00:00,ee5303817ca0,aj_xml_sitemap,https://www.aljazeera.com/sitemaps/article-archive/2025/08.xml
Al Jazeera,aljazeera.com,https://www.aljazeera.com/news/2025/8/6/israel-pushes-for-more-illegal-settlements-in-occupied-west-bank-amid-raids,2025-08-06T19:58:13Z,2026-02-19T09:34:11+00:00,1786411eeef3,aj_xml_sitemap,https://www.aljazeera.com/sitemaps/article-archive/2025/08.xml
Al Jazeera,aljazeera.com,https://www.aljazeera.com/news/2025/8/6/what-do-israelis-military-think-of-netanyahus-plan-to-occupy,2025-08-07T15:59:19Z,2026-02-19T09:34:11+00:00,794288dd9207,aj_xml_sitemap,https://www.aljazeera.com/sitemaps/article-archive/2025/08.xml
Al Jazeera,aljazeera.com,https://www.aljazeera.com/news/2025/8/6/iran-executes-man-accused-of-spying-on-israel-ahead-of-june-attacks,2025-08-06T10:01:42Z,2026-02-19T09:34:11+00:00,b1cb0fec58ec,aj_xml_sitemap,https://www.aljazeera.com/sitemaps/article-archive/2025/08.xml
Al Jazeera,aljazeera.com,https://www.aljazeera.com/news/2025/8/6/at-least-20-palestinians-killed-after-aid-truck-overturns-in-central-gaza,2025-08-06T14:00:30Z,2026-02-19T09:34:11+00:00,7bfe983ad06e,aj_xml_sitemap,https://www.aljazeera.com/sitemaps/article-archive/2025/08.xml
Al Jazeera,aljazeera.com,https://www.aljazeera.com/news/2025/8/6/russia-protests-israeli-settler-attack-on-diplomatic-vehicle-in-west-bank,2025-08-06T03:42:05Z,2026-02-19T09:34:11+00:00,0f57863d6381,aj_xml_sitemap,https://www.aljazeera.com/sitemaps/article-archive/2025/08.xml
Al Jazeera,aljazeera.com,https://www.aljazeera.com/news/2025/8/5/trump-says-it-is-up-to-israel-whether-to-occupy-all-of-gaza,2025-08-06T00:02:01Z,2026-02-19T09:34:11+00:00,a8f1ccfa1111,aj_xml_sitemap,https://www.aljazeera.com/sitemaps/article-archive/2025/08.xml
Al Jazeera,aljazeera.com,https://www.aljazeera.com/news/2025/8/5/israeli-forces-kill-more-than-80-people-across-gaza-as-starvation-worsens,2025-08-05T23:04:59Z,2026-02-19T09:34:11+00:00,c0085b88cf52,aj_xml_sitemap,https://www.aljazeera.com/sitemaps/article-archive/2025/08.xml
Al Jazeera,aljazeera.com,https://www.aljazeera.com/news/2025/8/5/jewish-britons-decry-ban-on-palestine-action-as-illegitimate-unethical,2025-08-05T16:41:06Z,2026-02-19T09:34:11+00:00,c66f80e64077,aj_xml_sitemap,https://www.aljazeera.com/sitemaps/article-archive/2025/08.xml
Al Jazeera,aljazeera.com,https://www.aljazeera.com/news/2025/8/5/how-much-aid-has-entered-gaza-5,2025-08-05T14:55:33Z,2026-02-19T09:34:11+00:00,d1de1f0a41db,aj_xml_sitemap,https://www.aljazeera.com/sitemaps/article-archive/2025/08.xml
Al Jazeera,aljazeera.com,https://www.aljazeera.com/news/2025/8/5/a-graveyard-average-28-palestinian-children-being-killed-daily-in-gaza,2025-08-05T11:25:22Z,2026-02-19T09:34:11+00:00,af1fee7c9ed7,aj_xml_sitemap,https://www.aljazeera.com/sitemaps/article-archive/2025/08.xml
Al Jazeera,aljazeera.com,https://www.aljazeera.com/news/2025/8/5/israels-netanyahu-has-decided-on-full-occupation-of-gaza-reports-say,2025-08-05T09:01:49Z,2026-02-19T09:34:11+00:00,bfdc578e9dcc,aj_xml_sitemap,https://www.aljazeera.com/sitemaps/article-archive/2025/08.xml
Al Jazeera,aljazeera.com,https://www.aljazeera.com/news/2025/8/5/australias-fm-warns-of-risk-there-will-be-no-palestine-left-to-recognise,2025-08-05T03:05:58Z,2026-02-19T09:34:11+00:00,04880d9c91cb,aj_xml_sitemap,https://www.aljazeera.com/sitemaps/article-archive/2025/08.xml
Al Jazeera,aljazeera.com,https://www.aljazeera.com/news/2025/8/4/palestinians-distraught-over-relatives-missing-at-deadly-gaza-aid-sites,2025-08-04T21:56:40Z,2026-02-19T09:34:11+00:00,74c9626e2e32,aj_xml_sitemap,https://www.aljazeera.com/sitemaps/article-archive/2025/08.xml
Al Jazeera,aljazeera.com,https://www.aljazeera.com/news/2025/8/4/us-house-speaker-mike-johnson-visits-israeli-west-bank-settlement,2025-08-04T20:45:00Z,2026-02-19T09:34:11+00:00,02c7bd8798db,aj_xml_sitemap,https://www.aljazeera.com/sitemaps/article-archive/2025/08.xml
Al Jazeera,aljazeera.com,https://www.aljazeera.com/news/2025/8/4/israeli-court-halts-governments-firing-of-attorney-general,2025-08-04T21:39:44Z,2026-02-19T09:34:11+00:00,a163f3ddceb9,aj_xml_sitemap,https://www.aljazeera.com/sitemaps/article-archive/2025/08.xml
Al Jazeera,aljazeera.com,https://www.aljazeera.com/news/2025/8/4/what-starvation-really-means-for-the-human-body-and-for-gaza,2025-08-04T18:43:54Z,2026-02-19T09:34:11+00:00,028a24e183f6,aj_xml_sitemap,https://www.aljazeera.com/sitemaps/article-archive/2025/08.xml
Al Jazeera,aljazeera.com,https://www.aljazeera.com/news/2025/8/4/thailand-cambodia-officials-meet-in-malaysia-to-cement-ceasefire-details,2025-08-05T09:36:36Z,2026-02-19T09:34:11+00:00,fe897f71a089,aj_xml_sitemap,https://www.aljazeera.com/sitemaps/article-archive/2025/08.xml
Al Jazeera,aljazeera.com,https://www.aljazeera.com/news/2025/8/4/over-600-former-israeli-security-chiefs-urge-trump-to-end-gaza-war,2025-08-05T13:13:59Z,2026-02-19T09:34:11+00:00,eb504f168c84,aj_xml_sitemap,https://www.aljazeera.com/sitemaps/article-archive/2025/08.xml
Al Jazeera,aljazeera.com,https://www.aljazeera.com/news/2025/8/4/un-says-every-child-under-five-in-gaza-at-risk-of-malnourishment,2025-08-04T19:37:28Z,2026-02-19T09:34:11+00:00,3d5e5655c263,aj_xml_sitemap,https://www.aljazeera.com/sitemaps/article-archive/2025/08.xml
Al Jazeera,aljazeera.com,https://www.aljazeera.com/news/2025/8/4/palestinian-women-on-hunger-strike-to-demand-body-of-slain-activist,2025-08-04T11:54:05Z,2026-02-19T09:34:11+00:00,2df35625ff31,aj_xml_sitemap,https://www.aljazeera.com/sitemaps/article-archive/2025/08.xml
Al Jazeera,aljazeera.com,https://www.aljazeera.com/news/2025/8/4/hamas-says-open-to-icrc-delivering-food-to-israeli-captives-in-gaza,2025-08-04T02:21:03Z,2026-02-19T09:34:11+00:00,fc14a7d01600,aj_xml_sitemap,https://www.aljazeera.com/sitemaps/article-archive/2025/08.xml
Al Jazeera,aljazeera.com,https://www.aljazeera.com/news/2025/8/3/tensions-high-as-new-violence-spirals-in-syrias-suwayda-despite-ceasefire,2025-08-03T17:31:58Z,2026-02-19T09:34:11+00:00,fc6c02c854a9,aj_xml_sitemap,https://www.aljazeera.com/sitemaps/article-archive/2025/08.xml
Al Jazeera,aljazeera.com,https://www.aljazeera.com/news/2025/8/3/tens-of-thousands-protest-israels-war-on-gaza-in-australias-sydney,2025-08-03T16:47:06Z,2026-02-19T09:34:11+00:00,8a3b7e1c5595,aj_xml_sitemap,https://www.aljazeera.com/sitemaps/article-archive/2025/08.xml
Al Jazeera,aljazeera.com,https://www.aljazeera.com/news/2025/8/3/israel-forces-shoot-palestinian-boy-in-eye-at-aid-site-amid-gaza-starvation,2025-08-03T23:15:28Z,2026-02-19T09:34:11+00:00,2be5e31fea29,aj_xml_sitemap,https://www.aljazeera.com/sitemaps/article-archive/2025/08.xml
Al Jazeera,aljazeera.com,https://www.aljazeera.com/news/2025/8/3/threats-and-intimidation-stalling-top-icc-prosecutors-israel-case-report,2025-08-03T10:57:08Z,2026-02-19T09:34:11+00:00,5cf9ecf53848,aj_xml_sitemap,https://www.aljazeera.com/sitemaps/article-archive/2025/08.xml
Al Jazeera,aljazeera.com,https://www.aljazeera.com/news/2025/8/3/israeli-forces-kill-62-palestinians-in-gaza-since-dawn-medics-say,2025-08-03T01:57:44Z,2026-02-19T09:34:11+00:00,9460476170db,aj_xml_sitemap,https://www.aljazeera.com/sitemaps/article-archive/2025/08.xml
Al Jazeera,aljazeera.com,https://www.aljazeera.com/news/2025/8/2/hamas-denies-it-expressed-willingness-to-disarm-slams-witkoffs-gaza-trip,2025-08-02T19:02:20Z,2026-02-19T09:34:11+00:00,321f10cf3444,aj_xml_sitemap,https://www.aljazeera.com/sitemaps/article-archive/2025/08.xml
Al Jazeera,aljazeera.com,https://www.aljazeera.com/news/2025/8/2/palestinian-boy-17-dies-of-israel-induced-starvation-in-gaza,2025-08-02T19:21:51Z,2026-02-19T09:34:11+00:00,d19a8f9cb884,aj_xml_sitemap,https://www.aljazeera.com/sitemaps/article-archive/2025/08.xml
Al Jazeera,aljazeera.com,https://www.aljazeera.com/news/2025/8/2/one-in-three-palestinians-in-gaza-going-days-without-food-unicef-says,2025-08-02T10:20:29Z,2026-02-19T09:34:11+00:00,f75139ce1b5b,aj_xml_sitemap,https://www.aljazeera.com/sitemaps/article-archive/2025/08.xml
Al Jazeera,aljazeera.com,https://www.aljazeera.com/news/2025/8/1/another-us-citizen-killed-by-israeli-settler-attack-in-west-bank-family,2025-08-01T22:27:19Z,2026-02-19T09:34:11+00:00,ef6170d114c1,aj_xml_sitemap,https://www.aljazeera.com/sitemaps/article-archive/2025/08.xml
Al Jazeera,aljazeera.com,https://www.aljazeera.com/news/2025/8/1/israel-engineering-massacres-as-more-palestinians-starve-to-death-in-gaza,2025-08-02T02:44:33Z,2026-02-19T09:34:11+00:00,b292ad035bba,aj_xml_sitemap,https://www.aljazeera.com/sitemaps/article-archive/2025/08.xml
Al Jazeera,aljazeera.com,https://www.aljazeera.com/news/2025/8/1/a-death-journey-palestinians-describe-ghf-aid-site-turmoil-in-gaza,2025-08-01T21:10:49Z,2026-02-19T09:34:11+00:00,4a075df4e815,aj_xml_sitemap,https://www.aljazeera.com/sitemaps/article-archive/2025/08.xml
Al Jazeera,aljazeera.com,https://www.aljazeera.com/news/2025/8/1/slovenia-becomes-first-eu-country-to-impose-arms-embargo-on-israel,2025-08-01T14:18:17Z,2026-02-19T09:34:11+00:00,2172e47f3e03,aj_xml_sitemap,https://www.aljazeera.com/sitemaps/article-archive/2025/08.xml
Al Jazeera,aljazeera.com,https://www.aljazeera.com/news/2025/8/1/israel-sharpens-uae-travel-warning-for-citizens-cites-terrorist-threat,2025-08-01T04:34:18Z,2026-02-19T09:34:11+00:00,dbf76f666f75,aj_xml_sitemap,https://www.aljazeera.com/sitemaps/article-archive/2025/08.xml
Al Jazeera,aljazeera.com,https://www.aljazeera.com/news/2025/8/1/trump-envoy-to-visit-gaza-aid-sites-as-israel-accused-of-starvation-policy,2025-08-01T21:12:02Z,2026-02-19T09:34:11+00:00,981dbd4b94e7,aj_xml_sitemap,https://www.aljazeera.com/sitemaps/article-archive/2025/08.xml
Al Jazeera,aljazeera.com,https://www.aljazeera.com/news/2025/7/31/advocates-hail-historic-progress-after-us-senate-vote-on-arms-to-israel,2025-07-31T20:47:14Z,2026-02-19T09:34:12+00:00,c9852fcb5fa7,aj_xml_sitemap,https://www.aljazeera.com/sitemaps/article-archive/2025/07.xml
Al Jazeera,aljazeera.com,https://www.aljazeera.com/news/2025/7/31/palestinian-newborns-starving-in-gaza-as-infant-formula-runs-out,2025-08-01T13:57:16Z,2026-02-19T09:34:12+00:00,1a086d4bddee,aj_xml_sitemap,https://www.aljazeera.com/sitemaps/article-archive/2025/07.xml
Al Jazeera,aljazeera.com,https://www.aljazeera.com/news/2025/7/31/inside-israels-role-in-the-killings-at-gazas-food-aid-sites,2025-07-31T20:30:13Z,2026-02-19T09:34:12+00:00,ba65efb63c08,aj_xml_sitemap,https://www.aljazeera.com/sitemaps/article-archive/2025/07.xml
Al Jazeera,aljazeera.com,https://www.aljazeera.com/news/2025/7/31/we-need-help-family-pleads-for-release-of-us-teenager-held-by-israel,2025-07-31T16:25:19Z,2026-02-19T09:34:12+00:00,479c66d60e95,aj_xml_sitemap,https://www.aljazeera.com/sitemaps/article-archive/2025/07.xml
Al Jazeera,aljazeera.com,https://www.aljazeera.com/news/2025/7/31/ghf-whistleblower-says-boy-killed-by-israel-just-after-he-collected-aid,2025-08-01T21:13:28Z,2026-02-19T09:34:12+00:00,9e56e4aa5092,aj_xml_sitemap,https://www.aljazeera.com/sitemaps/article-archive/2025/07.xml
Al Jazeera,aljazeera.com,https://www.aljazeera.com/news/2025/7/31/palestinian-man-dies-in-israeli-settler-arson-attack-in-occupied-west-bank,2025-07-31T18:12:18Z,2026-02-19T09:34:12+00:00,04cc9d086c66,aj_xml_sitemap,https://www.aljazeera.com/sitemaps/article-archive/2025/07.xml
Al Jazeera,aljazeera.com,https://www.aljazeera.com/news/2025/7/31/us-state-department-sanctions-palestinian-authority-for-undermining-peace,2025-07-31T15:24:41Z,2026-02-19T09:34:12+00:00,f32581dfb372,aj_xml_sitemap,https://www.aljazeera.com/sitemaps/article-archive/2025/07.xml
Al Jazeera,aljazeera.com,https://www.aljazeera.com/news/2025/7/31/trump-threatens-trade-deal-after-canada-moves-towards-recognising-palestine,2025-07-31T09:44:56Z,2026-02-19T09:34:12+00:00,6fd557dde037,aj_xml_sitemap,https://www.aljazeera.com/sitemaps/article-archive/2025/07.xml
Al Jazeera,aljazeera.com,https://www.aljazeera.com/news/2025/7/31/record-number-of-democrats-join-failed-bid-to-block-weapons-sales-to-israel,2025-07-31T05:08:27Z,2026-02-19T09:34:12+00:00,804fb34acd27,aj_xml_sitemap,https://www.aljazeera.com/sitemaps/article-archive/2025/07.xml
Al Jazeera,aljazeera.com,https://www.aljazeera.com/news/2025/7/30/more-than-70-aid-seekers-killed-as-starvation-worsens-in-gaza,2025-07-31T01:36:48Z,2026-02-19T09:34:12+00:00,2208a3ee1c68,aj_xml_sitemap,https://www.aljazeera.com/sitemaps/article-archive/2025/07.xml
Al Jazeera,aljazeera.com,https://www.aljazeera.com/news/2025/7/30/canada-will-recognise-palestinian-state-at-un-general-assembly-carney,2025-07-31T09:44:08Z,2026-02-19T09:34:12+00:00,ba47ed2022f9,aj_xml_sitemap,https://www.aljazeera.com/sitemaps/article-archive/2025/07.xml
Al Jazeera,aljazeera.com,https://www.aljazeera.com/news/2025/7/30/hezbollah-rejects-calls-to-disarm-says-demands-serve-israel,2025-07-30T19:14:04Z,2026-02-19T09:34:12+00:00,79c4aec35bea,aj_xml_sitemap,https://www.aljazeera.com/sitemaps/article-archive/2025/07.xml
Al Jazeera,aljazeera.com,https://www.aljazeera.com/news/2025/7/30/belgium-refers-war-crimes-complaint-against-israeli-soldiers-to-icc,2025-07-30T19:13:04Z,2026-02-19T09:34:12+00:00,95faea78f605,aj_xml_sitemap,https://www.aljazeera.com/sitemaps/article-archive/2025/07.xml
Al Jazeera,aljazeera.com,https://www.aljazeera.com/news/2025/7/30/uk-court-rules-palestine-action-may-challenge-antiterrorism-ban,2025-07-30T20:27:06Z,2026-02-19T09:34:12+00:00,50d61155bf84,aj_xml_sitemap,https://www.aljazeera.com/sitemaps/article-archive/2025/07.xml
Al Jazeera,aljazeera.com,https://www.aljazeera.com/news/2025/7/30/how-significant-is-uks-move-to-recognise-palestinian-state-and-why-now,2025-07-30T16:53:37Z,2026-02-19T09:34:12+00:00,6e3d2a85257c,aj_xml_sitemap,https://www.aljazeera.com/sitemaps/article-archive/2025/07.xml
Al Jazeera,aljazeera.com,https://www.aljazeera.com/news/2025/7/29/new-poll-shows-plunging-us-public-support-for-israels-war-on-gaza,2025-07-29T23:32:34Z,2026-02-19T09:34:12+00:00,bd56fa3d4030,aj_xml_sitemap,https://www.aljazeera.com/sitemaps/article-archive/2025/07.xml
Al Jazeera,aljazeera.com,https://www.aljazeera.com/news/2025/7/29/calls-for-us-to-sanction-israeli-settlers-after-palestinian-activist-killed,2025-07-29T22:00:04Z,2026-02-19T09:34:12+00:00,27e3e77bcbc2,aj_xml_sitemap,https://www.aljazeera.com/sitemaps/article-archive/2025/07.xml
Al Jazeera,aljazeera.com,https://www.aljazeera.com/news/2025/7/29/trump-says-israel-will-preside-over-us-aid-distribution-in-gaza,2025-08-01T21:14:15Z,2026-02-19T09:34:12+00:00,d996326d177d,aj_xml_sitemap,https://www.aljazeera.com/sitemaps/article-archive/2025/07.xml
Al Jazeera,aljazeera.com,https://www.aljazeera.com/news/2025/7/29/trump-ally-marjorie-taylor-greene-decries-genocide-in-gaza,2025-07-29T17:16:07Z,2026-02-19T09:34:12+00:00,8adf2d12d411,aj_xml_sitemap,https://www.aljazeera.com/sitemaps/article-archive/2025/07.xml
Al Jazeera,aljazeera.com,https://www.aljazeera.com/news/2025/7/29/starmer-says-uk-will-soon-recognise-palestine-unless-israel-halts-gaza-war,2025-07-29T20:30:15Z,2026-02-19T09:34:12+00:00,460bd50286d6,aj_xml_sitemap,https://www.aljazeera.com/sitemaps/article-archive/2025/07.xml
Al Jazeera,aljazeera.com,https://www.aljazeera.com/news/2025/7/29/who-was-awdah-hathaleen-palestinian-activist-killed-by-an-israeli-settler,2025-08-11T08:35:37Z,2026-02-19T09:34:12+00:00,3922201b778d,aj_xml_sitemap,https://www.aljazeera.com/sitemaps/article-archive/2025/07.xml
Al Jazeera,aljazeera.com,https://www.aljazeera.com/news/2025/7/29/death-toll-in-israels-war-on-gaza-surpasses-60000,2025-07-30T00:13:14Z,2026-02-19T09:34:12+00:00,19460d434ac9,aj_xml_sitemap,https://www.aljazeera.com/sitemaps/article-archive/2025/07.xml
Al Jazeera,aljazeera.com,https://www.aljazeera.com/news/2025/7/29/thai-army-accuses-cambodia-of-ceasefire-violations,2025-07-29T04:36:49Z,2026-02-19T09:34:12+00:00,23234cf6e4ce,aj_xml_sitemap,https://www.aljazeera.com/sitemaps/article-archive/2025/07.xml
Al Jazeera,aljazeera.com,https://www.aljazeera.com/news/2025/7/29/israeli-settler-kills-west-bank-activist-who-worked-on-oscar-winning-film,2025-07-30T00:05:56Z,2026-02-19T09:34:12+00:00,dec71364aa00,aj_xml_sitemap,https://www.aljazeera.com/sitemaps/article-archive/2025/07.xml
Al Jazeera,aljazeera.com,https://www.aljazeera.com/news/2025/7/28/un-chief-calls-for-viable-two-state-solution-to-israel-palestine-conflict,2025-07-28T19:36:27Z,2026-02-19T09:34:12+00:00,3a1791706261,aj_xml_sitemap,https://www.aljazeera.com/sitemaps/article-archive/2025/07.xml
Al Jazeera,aljazeera.com,https://www.aljazeera.com/news/2025/7/28/israeli-human-rights-group-israel-is-committing-genocide-in-gaza,2025-07-28T16:14:19Z,2026-02-19T09:34:12+00:00,51141fcda224,aj_xml_sitemap,https://www.aljazeera.com/sitemaps/article-archive/2025/07.xml
Al Jazeera,aljazeera.com,https://www.aljazeera.com/news/2025/7/28/palestinian-baby-among-14-who-died-from-hunger-in-gaza-in-last-24-hours,2025-07-28T23:19:05Z,2026-02-19T09:34:12+00:00,51ad567dc796,aj_xml_sitemap,https://www.aljazeera.com/sitemaps/article-archive/2025/07.xml
Al Jazeera,aljazeera.com,https://www.aljazeera.com/news/2025/7/28/thailand-and-cambodia-agree-to-ceasefire-will-it-stop-the-deadly-fighting,2025-07-28T14:57:28Z,2026-02-19T09:34:12+00:00,ada613e63324,aj_xml_sitemap,https://www.aljazeera.com/sitemaps/article-archive/2025/07.xml
Al Jazeera,aljazeera.com,https://www.aljazeera.com/news/2025/7/28/thailand-cambodia-border-clashes-continue-before-malaysia-ceasefire-talks,2025-07-28T15:22:43Z,2026-02-19T09:34:12+00:00,fd662e8ab4d5,aj_xml_sitemap,https://www.aljazeera.com/sitemaps/article-archive/2025/07.xml
Al Jazeera,aljazeera.com,https://www.aljazeera.com/news/2025/7/27/israeli-strikes-kill-63-in-gaza-despite-pauses-as-hunger-crisis-deepens,2025-07-28T09:46:45Z,2026-02-19T09:34:12+00:00,2fffece2e31f,aj_xml_sitemap,https://www.aljazeera.com/sitemaps/article-archive/2025/07.xml
Al Jazeera,aljazeera.com,https://www.aljazeera.com/news/2025/7/27/countries-denounce-israel-but-keep-trading-with-it,2025-07-27T17:23:33Z,2026-02-19T09:34:12+00:00,99bbcda98bfb,aj_xml_sitemap,https://www.aljazeera.com/sitemaps/article-archive/2025/07.xml
Al Jazeera,aljazeera.com,https://www.aljazeera.com/news/2025/7/27/trumps-ceasefire-push-fails-to-stop-thailand-cambodia-border-clashes,2025-07-28T21:14:16Z,2026-02-19T09:34:12+00:00,0fe997c01b09,aj_xml_sitemap,https://www.aljazeera.com/sitemaps/article-archive/2025/07.xml
Al Jazeera,aljazeera.com,https://www.aljazeera.com/news/2025/7/27/israeli-aid-airdrop-injures-palestinians-in-north-gaza-hamas-condemns-move,2025-07-27T11:15:47Z,2026-02-19T09:34:12+00:00,9d5618613799,aj_xml_sitemap,https://www.aljazeera.com/sitemaps/article-archive/2025/07.xml
Al Jazeera,aljazeera.com,https://www.aljazeera.com/news/2025/7/27/israeli-military-begins-daily-tactical-pause-in-parts-of-starving-gaza,2025-07-27T10:35:55Z,2026-02-19T09:34:12+00:00,04aaa8dbb663,aj_xml_sitemap,https://www.aljazeera.com/sitemaps/article-archive/2025/07.xml
Al Jazeera,aljazeera.com,https://www.aljazeera.com/news/2025/7/26/israeli-attacks-forced-starvation-kill-more-than-70-palestinians-in-gaza,2025-07-26T22:59:41Z,2026-02-19T09:34:12+00:00,9fd004820541,aj_xml_sitemap,https://www.aljazeera.com/sitemaps/article-archive/2025/07.xml
Al Jazeera,aljazeera.com,https://www.aljazeera.com/news/2025/7/26/us-man-convicted-in-palestinian-american-boy-hate-crime-murder-dies-in-jail,2025-07-26T22:04:17Z,2026-02-19T09:34:12+00:00,e5b393696bae,aj_xml_sitemap,https://www.aljazeera.com/sitemaps/article-archive/2025/07.xml
Al Jazeera,aljazeera.com,https://www.aljazeera.com/news/2025/7/26/horrors-upon-horrors-how-us-congress-responded-to-mass-hunger-in-gaza,2025-07-26T18:27:54Z,2026-02-19T09:34:12+00:00,f7cd7496a551,aj_xml_sitemap,https://www.aljazeera.com/sitemaps/article-archive/2025/07.xml
Al Jazeera,aljazeera.com,https://www.aljazeera.com/news/2025/7/26/syria-israel-hold-talks-in-paris-over-conflict-in-southern-syrias-suwayda,2025-07-26T15:58:59Z,2026-02-19T09:34:12+00:00,2cb988541c4a,aj_xml_sitemap,https://www.aljazeera.com/sitemaps/article-archive/2025/07.xml
Al Jazeera,aljazeera.com,https://www.aljazeera.com/news/2025/7/26/israel-says-its-distributing-aid-in-gaza-so-why-are-people-starving,2025-07-26T16:42:31Z,2026-02-19T09:34:12+00:00,192f21a9b9d7,aj_xml_sitemap,https://www.aljazeera.com/sitemaps/article-archive/2025/07.xml
Al Jazeera,aljazeera.com,https://www.aljazeera.com/news/2025/7/26/uk-to-airdrop-aid-in-gaza-evacuate-children-needing-medical-care,2025-07-26T16:54:43Z,2026-02-19T09:34:12+00:00,7aa5196103b0,aj_xml_sitemap,https://www.aljazeera.com/sitemaps/article-archive/2025/07.xml
Al Jazeera,aljazeera.com,https://www.aljazeera.com/news/2025/7/25/we-are-dying-palestinians-slam-worlds-inaction-as-hunger-ravages-gaza,2025-07-25T23:03:30Z,2026-02-19T09:34:12+00:00,bbd419aa5be4,aj_xml_sitemap,https://www.aljazeera.com/sitemaps/article-archive/2025/07.xml
Al Jazeera,aljazeera.com,https://www.aljazeera.com/news/2025/7/25/al-jazeera-condemns-israeli-incitement-against-gaza-reporter-anas-al-sharif,2025-07-25T19:49:15Z,2026-02-19T09:34:12+00:00,c50f161c74e3,aj_xml_sitemap,https://www.aljazeera.com/sitemaps/article-archive/2025/07.xml
Al Jazeera,aljazeera.com,https://www.aljazeera.com/news/2025/7/25/uks-starmer-faces-mounting-pressure-to-recognise-palestinian-state,2025-07-25T18:41:12Z,2026-02-19T09:34:12+00:00,7df874fdb946,aj_xml_sitemap,https://www.aljazeera.com/sitemaps/article-archive/2025/07.xml
Al Jazeera,aljazeera.com,https://www.aljazeera.com/news/2025/7/25/trump-says-hamas-will-be-hunted-down-as-gaza-ceasefire-talks-wane,2025-07-25T16:21:26Z,2026-02-19T09:34:12+00:00,5e83cabc65dc,aj_xml_sitemap,https://www.aljazeera.com/sitemaps/article-archive/2025/07.xml
Al Jazeera,aljazeera.com,https://www.aljazeera.com/news/2025/7/25/pro-palestinian-lebanese-fighter-released-from-french-prison-after-40-years,2025-07-25T12:35:35Z,2026-02-19T09:34:12+00:00,17d72aff7da0,aj_xml_sitemap,https://www.aljazeera.com/sitemaps/article-archive/2025/07.xml
Al Jazeera,aljazeera.com,https://www.aljazeera.com/news/2025/7/25/us-israel-condemn-frances-move-to-recognise-palestinian-state,2025-07-25T08:03:11Z,2026-02-19T09:34:12+00:00,766f7b127005,aj_xml_sitemap,https://www.aljazeera.com/sitemaps/article-archive/2025/07.xml
Al Jazeera,aljazeera.com,https://www.aljazeera.com/news/2025/7/24/death-toll-from-starvation-in-gaza-rises-to-115-as-israeli-attacks-continue,2025-07-24T23:59:23Z,2026-02-19T09:34:12+00:00,568970a41116,aj_xml_sitemap,https://www.aljazeera.com/sitemaps/article-archive/2025/07.xml
Al Jazeera,aljazeera.com,https://www.aljazeera.com/news/2025/7/24/could-israel-be-planning-a-second-war-on-iran,2025-07-25T07:45:44Z,2026-02-19T09:34:12+00:00,71f9b88a2c4d,aj_xml_sitemap,https://www.aljazeera.com/sitemaps/article-archive/2025/07.xml
Al Jazeera,aljazeera.com,https://www.aljazeera.com/news/2025/7/24/us-doctors-veterans-urge-trump-to-end-israel-support-as-hunger-grips-gaza,2025-07-24T22:32:24Z,2026-02-19T09:34:12+00:00,7205e68552ed,aj_xml_sitemap,https://www.aljazeera.com/sitemaps/article-archive/2025/07.xml
Al Jazeera,aljazeera.com,https://www.aljazeera.com/news/2025/7/24/macron-says-france-will-recognise-palestinian-state-in-september,2025-07-25T00:00:31Z,2026-02-19T09:34:12+00:00,ed7a591f4ee4,aj_xml_sitemap,https://www.aljazeera.com/sitemaps/article-archive/2025/07.xml
Al Jazeera,aljazeera.com,https://www.aljazeera.com/news/2025/7/24/us-israel-recall-teams-from-gaza-ceasefire-talks-after-hamas-proposal,2025-07-25T04:10:14Z,2026-02-19T09:34:12+00:00,649b1f5180a1,aj_xml_sitemap,https://www.aljazeera.com/sitemaps/article-archive/2025/07.xml
Al Jazeera,aljazeera.com,https://www.aljazeera.com/news/2025/7/24/how-israel-pushed-gaza-to-breaking-point-starving-alone-and-hunted,2025-07-24T15:53:16Z,2026-02-19T09:34:12+00:00,924c724ae0e1,aj_xml_sitemap,https://www.aljazeera.com/sitemaps/article-archive/2025/07.xml
Al Jazeera,aljazeera.com,https://www.aljazeera.com/news/2025/7/24/israel-kills-two-palestinian-minors-amid-raids-across-occupied-west-bank,2025-07-24T10:19:43Z,2026-02-19T09:34:12+00:00,178c38755227,aj_xml_sitemap,https://www.aljazeera.com/sitemaps/article-archive/2025/07.xml
Al Jazeera,aljazeera.com,https://www.aljazeera.com/news/2025/7/23/hunger-crisis-deepens-in-gaza-as-10-more-starvation-deaths-reported,2025-07-23T22:48:28Z,2026-02-19T09:34:12+00:00,a34cc3dc1967,aj_xml_sitemap,https://www.aljazeera.com/sitemaps/article-archive/2025/07.xml
Al Jazeera,aljazeera.com,https://www.aljazeera.com/news/2025/7/23/israeli-parliament-approves-symbolic-motion-on-west-bank-annexation,2025-07-23T21:44:47Z,2026-02-19T09:34:12+00:00,c75b881a4a85,aj_xml_sitemap,https://www.aljazeera.com/sitemaps/article-archive/2025/07.xml
Al Jazeera,aljazeera.com,https://www.aljazeera.com/news/2025/7/23/brazil-to-join-south-africas-icj-genocide-case-against-israel,2025-07-24T00:46:55Z,2026-02-19T09:34:12+00:00,35bc5602fe3a,aj_xml_sitemap,https://www.aljazeera.com/sitemaps/article-archive/2025/07.xml
Al Jazeera,aljazeera.com,https://www.aljazeera.com/news/2025/7/23/why-is-columbia-university-expelling-pro-palestine-students,2025-07-23T15:10:40Z,2026-02-19T09:34:12+00:00,e3e5397d2eeb,aj_xml_sitemap,https://www.aljazeera.com/sitemaps/article-archive/2025/07.xml
Al Jazeera,aljazeera.com,https://www.aljazeera.com/news/2025/7/23/more-than-100-ngos-warn-israels-forced-mass-starvation-stalks-all-gaza,2025-07-23T12:15:56Z,2026-02-19T09:34:12+00:00,71b4d045420e,aj_xml_sitemap,https://www.aljazeera.com/sitemaps/article-archive/2025/07.xml
Al Jazeera,aljazeera.com,https://www.aljazeera.com/news/2025/7/23/iran-ready-for-war-with-israel-will-not-halt-nuclear-programme-pezeshkian,2025-07-23T08:25:57Z,2026-02-19T09:34:12+00:00,fdb86ab114bb,aj_xml_sitemap,https://www.aljazeera.com/sitemaps/article-archive/2025/07.xml
Al Jazeera,aljazeera.com,https://www.aljazeera.com/news/2025/7/23/al-jazeera-calls-for-global-action-to-protect-gaza-journalists,2025-07-23T09:32:56Z,2026-02-19T09:34:12+00:00,3c91728335d4,aj_xml_sitemap,https://www.aljazeera.com/sitemaps/article-archive/2025/07.xml
Al Jazeera,aljazeera.com,https://www.aljazeera.com/news/2025/7/23/afp-calls-on-israel-to-allow-evacuation-of-its-journalists-from-gaza,2025-07-23T08:01:01Z,2026-02-19T09:34:12+00:00,ff2fbf98b57d,aj_xml_sitemap,https://www.aljazeera.com/sitemaps/article-archive/2025/07.xml
Al Jazeera,aljazeera.com,https://www.aljazeera.com/news/2025/7/23/eu-warns-israel-as-trumps-envoy-heads-to-europe-for-gaza-truce-talks,2025-07-23T04:42:04Z,2026-02-19T09:34:12+00:00,912c1db9fdc2,aj_xml_sitemap,https://www.aljazeera.com/sitemaps/article-archive/2025/07.xml
Al Jazeera,aljazeera.com,https://www.aljazeera.com/news/2025/7/23/columbia-university-suspends-expels-nearly-80-students-over-gaza-protests,2025-07-23T01:46:46Z,2026-02-19T09:34:12+00:00,5d80139c46d0,aj_xml_sitemap,https://www.aljazeera.com/sitemaps/article-archive/2025/07.xml
Al Jazeera,aljazeera.com,https://www.aljazeera.com/news/2025/7/22/at-least-15-starve-to-death-in-24-hours-in-gaza-as-israel-continues-attacks,2025-07-23T06:57:44Z,2026-02-19T09:34:12+00:00,4dc6cb5b0ecc,aj_xml_sitemap,https://www.aljazeera.com/sitemaps/article-archive/2025/07.xml
Al Jazeera,aljazeera.com,https://www.aljazeera.com/news/2025/7/22/the-boy-who-bled-to-death-as-an-israeli-soldier-celebrated-his-shot,2025-07-22T14:39:53Z,2026-02-19T09:34:12+00:00,cdad9b8ce5c3,aj_xml_sitemap,https://www.aljazeera.com/sitemaps/article-archive/2025/07.xml
Al Jazeera,aljazeera.com,https://www.aljazeera.com/news/2025/7/22/un-says-israeli-military-killed-over-1000-seeking-gaza-aid-since-late-may,2025-07-22T14:27:54Z,2026-02-19T09:34:12+00:00,dfd1dfa46851,aj_xml_sitemap,https://www.aljazeera.com/sitemaps/article-archive/2025/07.xml
Al Jazeera,aljazeera.com,https://www.aljazeera.com/news/2025/7/22/28-countries-called-for-an-end-to-israels-war-on-gaza-what-did-they-say,2025-07-22T12:24:33Z,2026-02-19T09:34:12+00:00,e571e71da98e,aj_xml_sitemap,https://www.aljazeera.com/sitemaps/article-archive/2025/07.xml
Al Jazeera,aljazeera.com,https://www.aljazeera.com/news/2025/7/21/israel-says-it-has-attacked-houthi-targets-in-yemens-hodeidah-port,2025-07-22T08:42:23Z,2026-02-19T09:34:12+00:00,9a5f9871a0b1,aj_xml_sitemap,https://www.aljazeera.com/sitemaps/article-archive/2025/07.xml
Al Jazeera,aljazeera.com,https://www.aljazeera.com/news/2025/7/21/uk-france-and-other-countries-demand-israels-war-on-gaza-must-end-now,2025-07-22T10:52:50Z,2026-02-19T09:34:12+00:00,9ad8eeaa2583,aj_xml_sitemap,https://www.aljazeera.com/sitemaps/article-archive/2025/07.xml
Al Jazeera,aljazeera.com,https://www.aljazeera.com/news/2025/7/21/belgian-police-question-israelis-over-alleged-gaza-war-crimes,2025-07-21T17:19:10Z,2026-02-19T09:34:12+00:00,b876ada5658e,aj_xml_sitemap,https://www.aljazeera.com/sitemaps/article-archive/2025/07.xml
Al Jazeera,aljazeera.com,https://www.aljazeera.com/news/2025/7/21/at-least-49-killed-in-gaza-attacks-as-israel-sends-tanks-into-deir-el-balah,2025-07-21T23:14:37Z,2026-02-19T09:34:12+00:00,d34ea062324e,aj_xml_sitemap,https://www.aljazeera.com/sitemaps/article-archive/2025/07.xml
Al Jazeera,aljazeera.com,https://www.aljazeera.com/news/2025/7/21/what-is-the-kill-zone-people-in-gaza-need-to-cross-to-receive-aid,2025-07-22T11:43:19Z,2026-02-19T09:34:12+00:00,a9490e4da86a,aj_xml_sitemap,https://www.aljazeera.com/sitemaps/article-archive/2025/07.xml
Al Jazeera,aljazeera.com,https://www.aljazeera.com/news/2025/7/21/syria-evacuates-bedouins-from-clashes-hit-suwayda-as-shaky-ceasefire-holds,2025-07-21T20:56:09Z,2026-02-19T09:34:12+00:00,581a255223ac,aj_xml_sitemap,https://www.aljazeera.com/sitemaps/article-archive/2025/07.xml
Al Jazeera,aljazeera.com,https://www.aljazeera.com/news/2025/7/20/israeli-fire-mows-down-starving-palestinians-in-gaza-as-hunger-deaths-surge,2025-07-21T05:55:35Z,2026-02-19T09:34:12+00:00,162029353b50,aj_xml_sitemap,https://www.aljazeera.com/sitemaps/article-archive/2025/07.xml
Al Jazeera,aljazeera.com,https://www.aljazeera.com/news/2025/7/20/israel-to-fund-tour-for-maga-and-pro-trump-influencers-report,2025-07-20T14:40:20Z,2026-02-19T09:34:12+00:00,16ec68326c58,aj_xml_sitemap,https://www.aljazeera.com/sitemaps/article-archive/2025/07.xml
Al Jazeera,aljazeera.com,https://www.aljazeera.com/news/2025/7/20/gazaisstarving-trends-on-social-media-as-israel-kills-hungry-palestinians,2025-07-20T14:28:11Z,2026-02-19T09:34:12+00:00,65a149c9cd21,aj_xml_sitemap,https://www.aljazeera.com/sitemaps/article-archive/2025/07.xml
Al Jazeera,aljazeera.com,https://www.aljazeera.com/news/2025/7/20/israel-issues-forced-displacement-order-in-central-gaza-in-new-campaign,2025-07-20T12:47:09Z,2026-02-19T09:34:12+00:00,6a987f6cfa7d,aj_xml_sitemap,https://www.aljazeera.com/sitemaps/article-archive/2025/07.xml
Al Jazeera,aljazeera.com,https://www.aljazeera.com/news/2025/7/20/starving-palestinians-pepper-sprayed-at-ghf-aid-site-in-gaza-video-shows,2025-07-20T13:26:52Z,2026-02-19T09:34:12+00:00,8d6166862080,aj_xml_sitemap,https://www.aljazeera.com/sitemaps/article-archive/2025/07.xml
Al Jazeera,aljazeera.com,https://www.aljazeera.com/news/2025/7/20/will-israel-ever-get-blowback-for-bombing-its-neighbours,2025-07-20T09:31:48Z,2026-02-19T09:34:12+00:00,723ac8781316,aj_xml_sitemap,https://www.aljazeera.com/sitemaps/article-archive/2025/07.xml
Al Jazeera,aljazeera.com,https://www.aljazeera.com/news/2025/7/19/weeks-old-baby-dies-of-starvation-in-gaza-hospital-amid-ongoing-blockade,2025-07-20T05:32:54Z,2026-02-19T09:34:12+00:00,5a6de14b5042,aj_xml_sitemap,https://www.aljazeera.com/sitemaps/article-archive/2025/07.xml
Al Jazeera,aljazeera.com,https://www.aljazeera.com/news/2025/7/19/protests-across-uk-supporting-banned-group-palestine-action-despite-arrests,2025-07-19T17:10:11Z,2026-02-19T09:34:12+00:00,cbb5695e1434,aj_xml_sitemap,https://www.aljazeera.com/sitemaps/article-archive/2025/07.xml
Al Jazeera,aljazeera.com,https://www.aljazeera.com/news/2025/7/19/syria-declares-ceasefire-in-suwayda-deploys-forces-to-restore-security,2025-07-19T12:56:05Z,2026-02-19T09:34:12+00:00,cdfc7156c661,aj_xml_sitemap,https://www.aljazeera.com/sitemaps/article-archive/2025/07.xml
Al Jazeera,aljazeera.com,https://www.aljazeera.com/news/2025/7/19/gaza-students-sit-exams-for-first-time-since-war-began-in-october-2023,2025-07-19T10:30:59Z,2026-02-19T09:34:12+00:00,d10e6ef587da,aj_xml_sitemap,https://www.aljazeera.com/sitemaps/article-archive/2025/07.xml
Al Jazeera,aljazeera.com,https://www.aljazeera.com/news/2025/7/19/syria-israel-agree-us-brokered-ceasefire-amid-suwayda-clashes-envoy-says,2025-07-19T07:51:25Z,2026-02-19T09:34:12+00:00,230b2a93ccd9,aj_xml_sitemap,https://www.aljazeera.com/sitemaps/article-archive/2025/07.xml
Al Jazeera,aljazeera.com,https://www.aljazeera.com/news/2025/7/18/palestinian-child-shot-dead-in-west-bank-by-israeli-forces-amid-land-grabs,2025-07-18T22:10:51Z,2026-02-19T09:34:12+00:00,3418beec80bc,aj_xml_sitemap,https://www.aljazeera.com/sitemaps/article-archive/2025/07.xml
Al Jazeera,aljazeera.com,https://www.aljazeera.com/news/2025/7/18/is-the-international-community-finally-speaking-up-about-israel,2025-07-19T12:46:14Z,2026-02-19T09:34:12+00:00,e275fc0cb05b,aj_xml_sitemap,https://www.aljazeera.com/sitemaps/article-archive/2025/07.xml
Al Jazeera,aljazeera.com,https://www.aljazeera.com/news/2025/7/18/hamas-says-israel-rejected-ceasefire-deal-releasing-all-captives-in-gaza,2025-07-19T00:26:50Z,2026-02-19T09:34:12+00:00,198a302434ea,aj_xml_sitemap,https://www.aljazeera.com/sitemaps/article-archive/2025/07.xml
Al Jazeera,aljazeera.com,https://www.aljazeera.com/news/2025/7/18/pressure-builds-in-malaysia-to-reject-trumps-pro-israel-pick-as-ambassador,2025-07-18T10:31:01Z,2026-02-19T09:34:12+00:00,78634c4ed749,aj_xml_sitemap,https://www.aljazeera.com/sitemaps/article-archive/2025/07.xml
Al Jazeera,aljazeera.com,https://www.aljazeera.com/news/2025/7/18/israel-kills-18-in-attacks-using-drone-missiles-packed-with-nails,2025-07-18T17:41:01Z,2026-02-19T09:34:12+00:00,d4a2533874fa,aj_xml_sitemap,https://www.aljazeera.com/sitemaps/article-archive/2025/07.xml
Al Jazeera,aljazeera.com,https://www.aljazeera.com/news/2025/7/18/israel-reportedly-targets-bedouin-convoy-in-syria-after-attacks,2025-07-18T23:29:28Z,2026-02-19T09:34:12+00:00,136cc9a5e52b,aj_xml_sitemap,https://www.aljazeera.com/sitemaps/article-archive/2025/07.xml
Al Jazeera,aljazeera.com,https://www.aljazeera.com/news/2025/7/18/how-us-dealt-with-the-cases-of-nine-americans-killed-by-israel-since-2022,2025-09-06T16:07:48Z,2026-02-19T09:34:12+00:00,810ad502c666,aj_xml_sitemap,https://www.aljazeera.com/sitemaps/article-archive/2025/07.xml
Al Jazeera,aljazeera.com,https://www.aljazeera.com/news/2025/7/17/suffocation-stampede-death-tragedy-at-gazas-aid-centre,2025-07-18T01:05:10Z,2026-02-19T09:34:12+00:00,eaae0d1680af,aj_xml_sitemap,https://www.aljazeera.com/sitemaps/article-archive/2025/07.xml
Al Jazeera,aljazeera.com,https://www.aljazeera.com/news/2025/7/17/not-just-about-the-druze-israels-rationale-for-its-attacks-on-syria,2025-07-17T22:01:50Z,2026-02-19T09:34:12+00:00,5b1b0aa11257,aj_xml_sitemap,https://www.aljazeera.com/sitemaps/article-archive/2025/07.xml
Al Jazeera,aljazeera.com,https://www.aljazeera.com/news/2025/7/17/slovenia-bars-far-right-israeli-cabinet-ministers-ben-gvir-and-smotrich,2025-07-17T18:48:42Z,2026-02-19T09:34:12+00:00,22fa526c4537,aj_xml_sitemap,https://www.aljazeera.com/sitemaps/article-archive/2025/07.xml
Al Jazeera,aljazeera.com,https://www.aljazeera.com/news/2025/7/17/israel-bombs-gazas-only-catholic-church-sheltering-elderly-and-children,2025-07-17T20:04:16Z,2026-02-19T09:34:12+00:00,339b32a8abde,aj_xml_sitemap,https://www.aljazeera.com/sitemaps/article-archive/2025/07.xml
Al Jazeera,aljazeera.com,https://www.aljazeera.com/news/2025/7/17/is-it-making-a-difference-absolutely-uk-celebrities-rally-for-gaza,2025-07-17T11:40:30Z,2026-02-19T09:34:12+00:00,ddfc1f2099ad,aj_xml_sitemap,https://www.aljazeera.com/sitemaps/article-archive/2025/07.xml
Al Jazeera,aljazeera.com,https://www.aljazeera.com/news/2025/7/17/french-court-orders-pro-palestinian-lebanese-fighter-freed-after-40-years,2025-07-17T10:30:04Z,2026-02-19T09:34:12+00:00,a28cebf3d23c,aj_xml_sitemap,https://www.aljazeera.com/sitemaps/article-archive/2025/07.xml
Al Jazeera,aljazeera.com,https://www.aljazeera.com/news/2025/7/17/syrian-president-vows-to-protect-druze-after-israeli-strikes-on-damascus,2025-07-17T21:51:15Z,2026-02-19T09:34:12+00:00,9f8bf0e0f23b,aj_xml_sitemap,https://www.aljazeera.com/sitemaps/article-archive/2025/07.xml
Al Jazeera,aljazeera.com,https://www.aljazeera.com/news/2025/7/16/why-did-israel-bomb-syria-a-look-at-the-druze-and-the-violence-in-suwayda,2025-07-17T06:07:08Z,2026-02-19T09:34:12+00:00,2fb33739b175,aj_xml_sitemap,https://www.aljazeera.com/sitemaps/article-archive/2025/07.xml
Al Jazeera,aljazeera.com,https://www.aljazeera.com/news/2025/7/16/israel-presses-ahead-gaza-concentration-camp-plans-despite-criticism,2025-08-06T10:10:48Z,2026-02-19T09:34:12+00:00,b4c76f64a1c6,aj_xml_sitemap,https://www.aljazeera.com/sitemaps/article-archive/2025/07.xml
Al Jazeera,aljazeera.com,https://www.aljazeera.com/news/2025/7/16/israel-bombards-syrias-damascus-as-us-says-steps-agreed-to-end-violence,2025-07-16T23:36:17Z,2026-02-19T09:34:12+00:00,c77cf4cbd340,aj_xml_sitemap,https://www.aljazeera.com/sitemaps/article-archive/2025/07.xml
Al Jazeera,aljazeera.com,https://www.aljazeera.com/news/2025/7/16/hague-group-announces-steps-to-hold-israel-accountable-in-bogota-summit,2025-07-16T20:40:31Z,2026-02-19T09:34:12+00:00,12606e23f19a,aj_xml_sitemap,https://www.aljazeera.com/sitemaps/article-archive/2025/07.xml
Al Jazeera,aljazeera.com,https://www.aljazeera.com/news/2025/7/16/israeli-demolition-threat-looms-over-vital-jenin-disability-rehab-centre,2025-07-16T19:47:13Z,2026-02-19T09:34:12+00:00,f0c5c6871b29,aj_xml_sitemap,https://www.aljazeera.com/sitemaps/article-archive/2025/07.xml
Al Jazeera,aljazeera.com,https://www.aljazeera.com/news/2025/7/16/sectarian-tension-israeli-intervention-what-led-violence-syria,2025-08-02T18:12:08Z,2026-02-19T09:34:12+00:00,8868858cdb3e,aj_xml_sitemap,https://www.aljazeera.com/sitemaps/article-archive/2025/07.xml
Al Jazeera,aljazeera.com,https://www.aljazeera.com/news/2025/7/16/israeli-ultra-orthodox-party-quits-government-as-netanyahu-loses-majority,2025-07-16T17:46:34Z,2026-02-19T09:34:12+00:00,0baea818c81f,aj_xml_sitemap,https://www.aljazeera.com/sitemaps/article-archive/2025/07.xml
Al Jazeera,aljazeera.com,https://www.aljazeera.com/news/2025/7/16/world-reacts-to-israeli-attacks-on-syrias-damascus,2025-07-17T09:35:55Z,2026-02-19T09:34:12+00:00,9cb65624802c,aj_xml_sitemap,https://www.aljazeera.com/sitemaps/article-archive/2025/07.xml
Al Jazeera,aljazeera.com,https://www.aljazeera.com/news/2025/7/16/gazas-vulnerable-suffer-wars-toll-malnourished-maimed-and-displaced,2025-07-16T12:42:18Z,2026-02-19T09:34:12+00:00,95e2e7700f85,aj_xml_sitemap,https://www.aljazeera.com/sitemaps/article-archive/2025/07.xml
Al Jazeera,aljazeera.com,https://www.aljazeera.com/news/2025/7/16/at-least-21-people-killed-in-stampede-suffocation-at-ghf-site-in-gaza,2025-07-16T18:19:38Z,2026-02-19T09:34:12+00:00,4f5b38d82665,aj_xml_sitemap,https://www.aljazeera.com/sitemaps/article-archive/2025/07.xml
Al Jazeera,aljazeera.com,https://www.aljazeera.com/news/2025/7/16/ceasefire-collapses-in-syrias-suwayda-as-israel-threatens-escalation,2025-07-16T23:38:17Z,2026-02-19T09:34:12+00:00,ee947eea063e,aj_xml_sitemap,https://www.aljazeera.com/sitemaps/article-archive/2025/07.xml
Al Jazeera,aljazeera.com,https://www.aljazeera.com/news/2025/7/16/unrwa-sounds-alarm-as-1-in-10-children-in-gaza-malnourished,2025-07-16T04:33:50Z,2026-02-19T09:34:12+00:00,35f2d53aebfe,aj_xml_sitemap,https://www.aljazeera.com/sitemaps/article-archive/2025/07.xml
Al Jazeera,aljazeera.com,https://www.aljazeera.com/news/2025/7/16/israel-bombs-syrias-druze-city-of-suwayda-hours-after-ceasefire,2025-07-16T10:02:48Z,2026-02-19T09:34:12+00:00,9dd74c3b40ca,aj_xml_sitemap,https://www.aljazeera.com/sitemaps/article-archive/2025/07.xml
Al Jazeera,aljazeera.com,https://www.aljazeera.com/news/2025/7/15/un-rapporteur-demands-global-action-to-stop-israels-genocide-in-gaza,2025-07-15T22:57:56Z,2026-02-19T09:34:12+00:00,b968e650cb71,aj_xml_sitemap,https://www.aljazeera.com/sitemaps/article-archive/2025/07.xml
Al Jazeera,aljazeera.com,https://www.aljazeera.com/news/2025/7/15/us-asks-israel-to-probe-terrorist-killing-of-american-citizen-by-settlers,2025-07-15T22:40:17Z,2026-02-19T09:34:12+00:00,3e5d8fd4fa6c,aj_xml_sitemap,https://www.aljazeera.com/sitemaps/article-archive/2025/07.xml
Al Jazeera,aljazeera.com,https://www.aljazeera.com/news/2025/7/15/eu-demands-more-action-from-israel-on-aid-deal-as-strikes-in-gaza-continue,2025-07-16T05:53:44Z,2026-02-19T09:34:12+00:00,d95463eb283e,aj_xml_sitemap,https://www.aljazeera.com/sitemaps/article-archive/2025/07.xml
Al Jazeera,aljazeera.com,https://www.aljazeera.com/news/2025/7/15/israeli-air-strikes-kill-12-in-eastern-lebanon-despite-ceasefire,2025-07-15T18:10:49Z,2026-02-19T09:34:12+00:00,a1bbee6a1c21,aj_xml_sitemap,https://www.aljazeera.com/sitemaps/article-archive/2025/07.xml
Al Jazeera,aljazeera.com,https://www.aljazeera.com/news/2025/7/15/attacks-on-palestinians-intensifying-in-occupied-west-bank-un-rights,2025-07-15T12:10:57Z,2026-02-19T09:34:12+00:00,ce51ff54baf3,aj_xml_sitemap,https://www.aljazeera.com/sitemaps/article-archive/2025/07.xml
Al Jazeera,aljazeera.com,https://www.aljazeera.com/news/2025/7/15/israeli-ultra-orthodox-party-quits-netanyahu-government-over-conscription,2025-07-15T08:56:55Z,2026-02-19T09:34:12+00:00,3fec67dbd6b5,aj_xml_sitemap,https://www.aljazeera.com/sitemaps/article-archive/2025/07.xml
Al Jazeera,aljazeera.com,https://www.aljazeera.com/news/2025/7/14/israel-continues-to-pound-gaza-killing-72-as-truce-talks-stall,2025-07-15T00:34:47Z,2026-02-19T09:34:12+00:00,21552430ff14,aj_xml_sitemap,https://www.aljazeera.com/sitemaps/article-archive/2025/07.xml
Al Jazeera,aljazeera.com,https://www.aljazeera.com/news/2025/7/14/church-leaders-diplomats-condemn-israeli-settler-violence-in-west-bank,2025-07-14T22:18:40Z,2026-02-19T09:34:12+00:00,89f52975ca92,aj_xml_sitemap,https://www.aljazeera.com/sitemaps/article-archive/2025/07.xml
Al Jazeera,aljazeera.com,https://www.aljazeera.com/news/2025/7/14/in-belgium-a-mother-fears-for-her-children-under-israels-bombs-in-gaza,2025-07-14T16:21:27Z,2026-02-19T09:34:12+00:00,04ee8eeedd75,aj_xml_sitemap,https://www.aljazeera.com/sitemaps/article-archive/2025/07.xml
Al Jazeera,aljazeera.com,https://www.aljazeera.com/news/2025/7/14/from-srebrenica-to-gaza-why-never-again-keeps-failing,2025-07-15T05:09:08Z,2026-02-19T09:34:12+00:00,8bfda72a64da,aj_xml_sitemap,https://www.aljazeera.com/sitemaps/article-archive/2025/07.xml
Al Jazeera,aljazeera.com,https://www.aljazeera.com/news/2025/7/14/israel-killing-gaza-civilians-with-commercial-drones-probe-finds,2025-07-14T10:15:01Z,2026-02-19T09:34:12+00:00,3c169ee78374,aj_xml_sitemap,https://www.aljazeera.com/sitemaps/article-archive/2025/07.xml
Al Jazeera,aljazeera.com,https://www.aljazeera.com/news/2025/7/14/lapid-olmert-slam-israels-plans-for-concentration-camps-in-gazas-rafah,2025-07-14T08:37:55Z,2026-02-19T09:34:12+00:00,d8627626cbc9,aj_xml_sitemap,https://www.aljazeera.com/sitemaps/article-archive/2025/07.xml
Al Jazeera,aljazeera.com,https://www.aljazeera.com/news/2025/7/13/ceasefire-hopes-fade-as-gaza-death-toll-passes-58000,2025-07-14T02:01:19Z,2026-02-19T09:34:12+00:00,7c7d27230d61,aj_xml_sitemap,https://www.aljazeera.com/sitemaps/article-archive/2025/07.xml
Al Jazeera,aljazeera.com,https://www.aljazeera.com/news/2025/7/13/iranian-president-lightly-wounded-while-escaping-israeli-attack,2025-07-13T16:02:12Z,2026-02-19T09:34:12+00:00,609185aaba83,aj_xml_sitemap,https://www.aljazeera.com/sitemaps/article-archive/2025/07.xml
Al Jazeera,aljazeera.com,https://www.aljazeera.com/news/2025/7/13/know-their-names-west-bank-palestinians-killed-by-israelis-this-week,2025-07-13T12:40:21Z,2026-02-19T09:34:12+00:00,7a98a88c0d9f,aj_xml_sitemap,https://www.aljazeera.com/sitemaps/article-archive/2025/07.xml
Al Jazeera,aljazeera.com,https://www.aljazeera.com/news/2025/7/13/children-collecting-water-among-59-palestinians-killed-by-israel-in-gaza,2025-07-13T18:15:38Z,2026-02-19T09:34:12+00:00,1d992cb3a7c3,aj_xml_sitemap,https://www.aljazeera.com/sitemaps/article-archive/2025/07.xml
Al Jazeera,aljazeera.com,https://www.aljazeera.com/news/2025/7/12/family-of-american-citizen-killed-by-israeli-settlers-demands-us-probe,2025-07-12T21:41:21Z,2026-02-19T09:34:12+00:00,97fad4a7ab17,aj_xml_sitemap,https://www.aljazeera.com/sitemaps/article-archive/2025/07.xml
Al Jazeera,aljazeera.com,https://www.aljazeera.com/news/2025/7/12/uk-lawmakers-urge-foreign-secretary-lammy-to-recognise-palestinian-state,2025-07-12T20:19:17Z,2026-02-19T09:34:12+00:00,cd075a624fd4,aj_xml_sitemap,https://www.aljazeera.com/sitemaps/article-archive/2025/07.xml
Al Jazeera,aljazeera.com,https://www.aljazeera.com/news/2025/7/12/uk-police-detain-dozens-at-london-protest-against-palestine-action-ban,2025-07-12T20:50:05Z,2026-02-19T09:34:12+00:00,e680c20207a9,aj_xml_sitemap,https://www.aljazeera.com/sitemaps/article-archive/2025/07.xml
Al Jazeera,aljazeera.com,https://www.aljazeera.com/news/2025/7/12/dozens-killed-by-israel-at-aid-site-in-gaza-children-dying-of-malnutrition,2025-07-13T21:35:10Z,2026-02-19T09:34:12+00:00,18d946c6955e,aj_xml_sitemap,https://www.aljazeera.com/sitemaps/article-archive/2025/07.xml
Al Jazeera,aljazeera.com,https://www.aljazeera.com/news/2025/7/11/israeli-settlers-beat-to-death-us-citizen-in-west-bank-family-says,2025-07-12T14:16:38Z,2026-02-19T09:34:12+00:00,77fe9d84b4f9,aj_xml_sitemap,https://www.aljazeera.com/sitemaps/article-archive/2025/07.xml
Al Jazeera,aljazeera.com,https://www.aljazeera.com/news/2025/7/11/the-graveyard-of-children-unrwa-chief-slams-israels-slaughter-in-gaza,2025-07-11T23:49:21Z,2026-02-19T09:34:12+00:00,9c1f9ffb5b8c,aj_xml_sitemap,https://www.aljazeera.com/sitemaps/article-archive/2025/07.xml
Al Jazeera,aljazeera.com,https://www.aljazeera.com/news/2025/7/11/lebanon-says-israeli-strike-kills-one-as-beirut-rules-out-normalisation,2025-07-11T17:50:08Z,2026-02-19T09:34:12+00:00,d3fd6a1d7497,aj_xml_sitemap,https://www.aljazeera.com/sitemaps/article-archive/2025/07.xml
Al Jazeera,aljazeera.com,https://www.aljazeera.com/news/2025/7/11/canary-mission-how-us-uses-a-hate-group-to-target-palestine-advocates,2025-07-11T16:03:36Z,2026-02-19T09:34:12+00:00,8c858f68be71,aj_xml_sitemap,https://www.aljazeera.com/sitemaps/article-archive/2025/07.xml
Al Jazeera,aljazeera.com,https://www.aljazeera.com/news/2025/7/11/beyond-horrific-several-killed-in-israeli-attack-on-north-gaza-school,2025-07-11T16:49:18Z,2026-02-19T09:34:12+00:00,b5fd2ad67bc6,aj_xml_sitemap,https://www.aljazeera.com/sitemaps/article-archive/2025/07.xml
Al Jazeera,aljazeera.com,https://www.aljazeera.com/news/2025/7/10/israeli-attacks-kill-82-amid-forced-displacement-plans-truce-talks-in-gaza,2025-07-11T14:27:30Z,2026-02-19T09:34:12+00:00,319cf2ea8a3d,aj_xml_sitemap,https://www.aljazeera.com/sitemaps/article-archive/2025/07.xml
Al Jazeera,aljazeera.com,https://www.aljazeera.com/news/2025/7/10/un-expert-albanese-rejects-obscene-us-sanctions-for-criticising-israel,2025-07-10T18:20:31Z,2026-02-19T09:34:12+00:00,48e8625a4ae7,aj_xml_sitemap,https://www.aljazeera.com/sitemaps/article-archive/2025/07.xml
Al Jazeera,aljazeera.com,https://www.aljazeera.com/news/2025/7/10/israel-arrests-50-across-occupied-west-bank-jenin-displaced-return-briefly,2025-07-10T13:13:53Z,2026-02-19T09:34:12+00:00,4044407bd065,aj_xml_sitemap,https://www.aljazeera.com/sitemaps/article-archive/2025/07.xml
Al Jazeera,aljazeera.com,https://www.aljazeera.com/news/2025/7/10/houthis-attempt-to-hit-israeli-airport-amid-search-for-red-sea-ship-crew,2025-07-10T22:25:55Z,2026-02-19T09:34:12+00:00,47c1c83cc2aa,aj_xml_sitemap,https://www.aljazeera.com/sitemaps/article-archive/2025/07.xml
Al Jazeera,aljazeera.com,https://www.aljazeera.com/news/2025/7/10/uk-parliamentary-committee-seeks-answers-over-us-firm-bcgs-role-in-gaza,2025-07-10T05:00:54Z,2026-02-19T09:34:12+00:00,a25972ca6bb1,aj_xml_sitemap,https://www.aljazeera.com/sitemaps/article-archive/2025/07.xml
Al Jazeera,aljazeera.com,https://www.aljazeera.com/news/2025/7/10/more-than-100-premature-babies-at-risk-in-gaza-as-hospitals-run-out-of-fuel,2025-07-10T04:00:29Z,2026-02-19T09:34:12+00:00,40e8406c7a1f,aj_xml_sitemap,https://www.aljazeera.com/sitemaps/article-archive/2025/07.xml
Al Jazeera,aljazeera.com,https://www.aljazeera.com/news/2025/7/10/if-trump-wants-gaza-ceasefire-he-must-pressure-netanyahu-experts-say,2025-07-10T01:35:30Z,2026-02-19T09:34:12+00:00,ecca5f78592c,aj_xml_sitemap,https://www.aljazeera.com/sitemaps/article-archive/2025/07.xml
Al Jazeera,aljazeera.com,https://www.aljazeera.com/news/2025/7/9/hamas-agrees-to-release-captives-as-israeli-attacks-kill-in-gaza,2025-07-10T00:57:08Z,2026-02-19T09:34:12+00:00,48bab9636758,aj_xml_sitemap,https://www.aljazeera.com/sitemaps/article-archive/2025/07.xml
Al Jazeera,aljazeera.com,https://www.aljazeera.com/news/2025/7/9/us-sanctions-un-expert-albanese-over-israel-criticism,2025-07-10T12:33:52Z,2026-02-19T09:34:12+00:00,374363e38a13,aj_xml_sitemap,https://www.aljazeera.com/sitemaps/article-archive/2025/07.xml
Al Jazeera,aljazeera.com,https://www.aljazeera.com/news/2025/7/9/israel-launches-special-targeted-operations-in-southern-lebanon,2025-07-09T14:49:08Z,2026-02-19T09:34:12+00:00,0fbd56d48aa0,aj_xml_sitemap,https://www.aljazeera.com/sitemaps/article-archive/2025/07.xml
Al Jazeera,aljazeera.com,https://www.aljazeera.com/news/2025/7/9/frances-macron-begins-uk-state-visit-calls-for-support-on-gaza-ukraine,2025-07-09T03:21:08Z,2026-02-19T09:34:12+00:00,7ffd3d01bfe2,aj_xml_sitemap,https://www.aljazeera.com/sitemaps/article-archive/2025/07.xml
Al Jazeera,aljazeera.com,https://www.aljazeera.com/news/2025/7/9/trump-netanyahu-meet-for-a-second-time-to-discuss-a-gaza-ceasefire,2025-07-09T01:44:18Z,2026-02-19T09:34:12+00:00,fec08abbabf4,aj_xml_sitemap,https://www.aljazeera.com/sitemaps/article-archive/2025/07.xml
Al Jazeera,aljazeera.com,https://www.aljazeera.com/news/2025/7/8/critical-point-un-pleads-for-fuel-for-gaza-amid-israeli-blockade,2025-07-08T23:54:38Z,2026-02-19T09:34:12+00:00,ff0792ef6141,aj_xml_sitemap,https://www.aljazeera.com/sitemaps/article-archive/2025/07.xml
Al Jazeera,aljazeera.com,https://www.aljazeera.com/news/2025/7/8/us-envoy-steve-witkoff-suggests-gaza-ceasefire-deal-is-close,2025-07-09T10:53:40Z,2026-02-19T09:34:12+00:00,b977c070462a,aj_xml_sitemap,https://www.aljazeera.com/sitemaps/article-archive/2025/07.xml
Al Jazeera,aljazeera.com,https://www.aljazeera.com/news/2025/7/8/israeli-strike-kills-at-least-three-people-in-northern-lebanon,2025-07-08T18:02:49Z,2026-02-19T09:34:12+00:00,c6be755d3768,aj_xml_sitemap,https://www.aljazeera.com/sitemaps/article-archive/2025/07.xml
Al Jazeera,aljazeera.com,https://www.aljazeera.com/news/2025/7/8/uk-threatens-further-action-against-israel-if-gaza-ceasefire-proposal-fails,2025-07-08T17:39:42Z,2026-02-19T09:34:12+00:00,c9e7816649bd,aj_xml_sitemap,https://www.aljazeera.com/sitemaps/article-archive/2025/07.xml
Al Jazeera,aljazeera.com,https://www.aljazeera.com/news/2025/7/8/five-israeli-soldiers-killed-in-gaza-as-pressure-mounts-for-ceasefire,2025-07-08T11:34:22Z,2026-02-19T09:34:12+00:00,cecf710a5ffe,aj_xml_sitemap,https://www.aljazeera.com/sitemaps/article-archive/2025/07.xml
Al Jazeera,aljazeera.com,https://www.aljazeera.com/news/2025/7/8/netanyahu-trump-discuss-forced-transfer-of-palestinians-out-of-gaza,2025-07-08T14:07:56Z,2026-02-19T09:34:12+00:00,8258ec0e95d6,aj_xml_sitemap,https://www.aljazeera.com/sitemaps/article-archive/2025/07.xml
Al Jazeera,aljazeera.com,https://www.aljazeera.com/news/2025/7/8/three-charged-after-protest-at-israeli-owned-restaurant-in-australia,2025-07-08T08:52:50Z,2026-02-19T09:34:12+00:00,3894b02f5ed1,aj_xml_sitemap,https://www.aljazeera.com/sitemaps/article-archive/2025/07.xml
Al Jazeera,aljazeera.com,https://www.aljazeera.com/news/2025/7/7/irans-president-says-open-to-dialogue-with-us-after-israel-war,2025-07-07T18:02:26Z,2026-02-19T09:34:12+00:00,1b5a664f73f5,aj_xml_sitemap,https://www.aljazeera.com/sitemaps/article-archive/2025/07.xml
Al Jazeera,aljazeera.com,https://www.aljazeera.com/news/2025/7/7/brics-condemns-attacks-on-iran-gaza-war-trump-tariffs-key-takeaways,2025-07-07T14:40:47Z,2026-02-19T09:34:12+00:00,7593c7030cca,aj_xml_sitemap,https://www.aljazeera.com/sitemaps/article-archive/2025/07.xml
Al Jazeera,aljazeera.com,https://www.aljazeera.com/news/2025/7/7/gazas-starving-men-and-women-chase-trucks-willing-to-die-to-feed-families,2025-07-07T13:29:10Z,2026-02-19T09:34:12+00:00,9bc7a597ec52,aj_xml_sitemap,https://www.aljazeera.com/sitemaps/article-archive/2025/07.xml
Al Jazeera,aljazeera.com,https://www.aljazeera.com/news/2025/7/7/israel-hamas-to-hold-gaza-truce-talks-as-netanyahu-due-to-meet-trump,2025-07-07T20:19:05Z,2026-02-19T09:34:12+00:00,19b4ffd008b3,aj_xml_sitemap,https://www.aljazeera.com/sitemaps/article-archive/2025/07.xml
Al Jazeera,aljazeera.com,https://www.aljazeera.com/news/2025/7/7/israel-bombs-ports-power-plant-in-yemen-as-houthis-fire-missiles,2025-07-07T19:41:10Z,2026-02-19T09:34:12+00:00,a86bbbde0e71,aj_xml_sitemap,https://www.aljazeera.com/sitemaps/article-archive/2025/07.xml
Al Jazeera,aljazeera.com,https://www.aljazeera.com/news/2025/7/6/more-than-80-palestinians-killed-across-gaza-as-truce-talks-begin,2025-07-07T01:21:35Z,2026-02-19T09:34:12+00:00,92dcb37fc18a,aj_xml_sitemap,https://www.aljazeera.com/sitemaps/article-archive/2025/07.xml
Al Jazeera,aljazeera.com,https://www.aljazeera.com/news/2025/7/6/iran-demands-accountability-for-israel-and-us-after-war-of-aggression,2025-07-06T19:43:25Z,2026-02-19T09:34:12+00:00,db971be7e040,aj_xml_sitemap,https://www.aljazeera.com/sitemaps/article-archive/2025/07.xml
Al Jazeera,aljazeera.com,https://www.aljazeera.com/news/2025/7/6/brazils-leader-lula-condemns-gaza-genocide-at-brics,2025-07-07T14:39:26Z,2026-02-19T09:34:12+00:00,b811445603f6,aj_xml_sitemap,https://www.aljazeera.com/sitemaps/article-archive/2025/07.xml
Al Jazeera,aljazeera.com,https://www.aljazeera.com/news/2025/7/6/hezbollah-chief-says-wont-disarm-until-israel-leaves-southern-lebanon,2025-07-06T20:18:21Z,2026-02-19T09:34:12+00:00,d96901d52f68,aj_xml_sitemap,https://www.aljazeera.com/sitemaps/article-archive/2025/07.xml
Al Jazeera,aljazeera.com,https://www.aljazeera.com/news/2025/7/6/scepticism-and-hope-for-end-to-gaza-war-before-trump-netanyahu-meeting,2025-07-06T11:17:03Z,2026-02-19T09:34:12+00:00,35cac844ace3,aj_xml_sitemap,https://www.aljazeera.com/sitemaps/article-archive/2025/07.xml
Al Jazeera,aljazeera.com,https://www.aljazeera.com/news/2025/7/6/irans-supreme-leader-makes-first-public-appearance-since-war-with-israel,2025-07-06T03:17:10Z,2026-02-19T09:34:12+00:00,0ad3823c178a,aj_xml_sitemap,https://www.aljazeera.com/sitemaps/article-archive/2025/07.xml
Al Jazeera,aljazeera.com,https://www.aljazeera.com/news/2025/7/5/israel-sending-negotiating-team-to-qatar-for-gaza-ceasefire-talks,2025-07-06T01:38:06Z,2026-02-19T09:34:12+00:00,741163b89a9b,aj_xml_sitemap,https://www.aljazeera.com/sitemaps/article-archive/2025/07.xml
Al Jazeera,aljazeera.com,https://www.aljazeera.com/news/2025/7/5/supporters-of-banned-palestine-action-group-arrested-at-london-protest,2025-07-05T19:16:49Z,2026-02-19T09:34:12+00:00,a6e2893ae215,aj_xml_sitemap,https://www.aljazeera.com/sitemaps/article-archive/2025/07.xml
Al Jazeera,aljazeera.com,https://www.aljazeera.com/news/2025/7/5/going-hungry-more-than-700-palestinians-killed-seeking-aid-in-gaza,2025-07-05T14:20:14Z,2026-02-19T09:34:12+00:00,84609799e9e6,aj_xml_sitemap,https://www.aljazeera.com/sitemaps/article-archive/2025/07.xml
Al Jazeera,aljazeera.com,https://www.aljazeera.com/news/2025/7/5/israeli-drone-attacks-in-southern-lebanon-kill-one-injure-several-people,2025-07-05T11:39:37Z,2026-02-19T09:34:12+00:00,7b80a4ed79fb,aj_xml_sitemap,https://www.aljazeera.com/sitemaps/article-archive/2025/07.xml
Al Jazeera,aljazeera.com,https://www.aljazeera.com/news/2025/7/4/hamas-responds-to-us-backed-gaza-ceasefire-proposal-in-a-positive-spirit,2025-07-04T22:18:11Z,2026-02-19T09:34:12+00:00,68022bddb8b5,aj_xml_sitemap,https://www.aljazeera.com/sitemaps/article-archive/2025/07.xml
Al Jazeera,aljazeera.com,https://www.aljazeera.com/news/2025/7/4/dozens-of-palestinian-bedouin-families-flee-israeli-violence-in-west-bank,2025-07-04T19:05:00Z,2026-02-19T09:34:12+00:00,61160c758e5a,aj_xml_sitemap,https://www.aljazeera.com/sitemaps/article-archive/2025/07.xml
Al Jazeera,aljazeera.com,https://www.aljazeera.com/news/2025/7/4/uks-palestine-action-loses-bid-to-pause-ban-as-terrorist-group,2025-07-04T22:14:42Z,2026-02-19T09:34:12+00:00,6202239183b9,aj_xml_sitemap,https://www.aljazeera.com/sitemaps/article-archive/2025/07.xml
Al Jazeera,aljazeera.com,https://www.aljazeera.com/news/2025/7/4/iaea-inspectors-depart-tehran-after-us-israel-iran-conflict,2025-07-05T06:55:00Z,2026-02-19T09:34:12+00:00,bf8f0dce00b1,aj_xml_sitemap,https://www.aljazeera.com/sitemaps/article-archive/2025/07.xml
Al Jazeera,aljazeera.com,https://www.aljazeera.com/news/2025/7/4/un-says-613-gaza-killings-recorded-at-aid-sites-near-humanitarian-convoys,2025-07-04T19:12:39Z,2026-02-19T09:34:12+00:00,6e1e4cfbf78b,aj_xml_sitemap,https://www.aljazeera.com/sitemaps/article-archive/2025/07.xml
Al Jazeera,aljazeera.com,https://www.aljazeera.com/news/2025/7/4/hamas-in-consultations-with-palestinian-factions-over-gaza-ceasefire,2025-07-04T10:02:07Z,2026-02-19T09:34:12+00:00,f9f66e520c3b,aj_xml_sitemap,https://www.aljazeera.com/sitemaps/article-archive/2025/07.xml
Al Jazeera,aljazeera.com,https://www.aljazeera.com/news/2025/7/4/palestine-action-what-has-the-group-done-as-it-faces-a-ban,2025-07-04T17:12:40Z,2026-02-19T09:34:12+00:00,ee433354817d,aj_xml_sitemap,https://www.aljazeera.com/sitemaps/article-archive/2025/07.xml
Al Jazeera,aljazeera.com,https://www.aljazeera.com/news/2025/7/3/us-issues-first-wave-of-iran-sanctions-after-ceasefire-in-12-day-war,2025-07-03T19:43:40Z,2026-02-19T09:34:12+00:00,b8de83aff527,aj_xml_sitemap,https://www.aljazeera.com/sitemaps/article-archive/2025/07.xml
Al Jazeera,aljazeera.com,https://www.aljazeera.com/news/2025/7/3/israeli-drone-attack-near-beirut-kills-at-least-one-injures-three-others,2025-07-03T22:26:51Z,2026-02-19T09:34:12+00:00,44e3b7cd45e1,aj_xml_sitemap,https://www.aljazeera.com/sitemaps/article-archive/2025/07.xml
Al Jazeera,aljazeera.com,https://www.aljazeera.com/news/2025/7/3/iran-says-it-is-committed-to-npt-slams-germanys-support-for-israel,2025-07-03T14:57:38Z,2026-02-19T09:34:12+00:00,a43adaf8c611,aj_xml_sitemap,https://www.aljazeera.com/sitemaps/article-archive/2025/07.xml
Al Jazeera,aljazeera.com,https://www.aljazeera.com/news/2025/7/3/un-expert-calls-on-world-to-end-trade-with-israels-economy-of-genocide,2025-07-03T14:32:18Z,2026-02-19T09:34:12+00:00,88f331f529a6,aj_xml_sitemap,https://www.aljazeera.com/sitemaps/article-archive/2025/07.xml
Al Jazeera,aljazeera.com,https://www.aljazeera.com/news/2025/7/3/israel-kills-more-than-300-palestinians-in-48-hours-as-ceasefire-in-balance,2025-07-03T14:39:08Z,2026-02-19T09:34:12+00:00,0305325629bc,aj_xml_sitemap,https://www.aljazeera.com/sitemaps/article-archive/2025/07.xml
Al Jazeera,aljazeera.com,https://www.aljazeera.com/news/2025/7/2/death-or-food-the-palestinians-killed-by-israel-at-gazas-aid-centres,2025-07-02T19:16:02Z,2026-02-19T09:34:12+00:00,924447fe9a1a,aj_xml_sitemap,https://www.aljazeera.com/sitemaps/article-archive/2025/07.xml
Al Jazeera,aljazeera.com,https://www.aljazeera.com/news/2025/7/2/uk-lawmakers-vote-to-ban-palestine-action-as-terror-group,2025-07-03T22:22:14Z,2026-02-19T09:34:12+00:00,049d2eccd67f,aj_xml_sitemap,https://www.aljazeera.com/sitemaps/article-archive/2025/07.xml
Al Jazeera,aljazeera.com,https://www.aljazeera.com/news/2025/7/2/hamas-run-court-gives-gaza-gang-leader-abu-shabab-10-days-to-surrender,2025-07-02T16:25:33Z,2026-02-19T09:34:12+00:00,9b93d0135123,aj_xml_sitemap,https://www.aljazeera.com/sitemaps/article-archive/2025/07.xml
Al Jazeera,aljazeera.com,https://www.aljazeera.com/news/2025/7/2/hamas-studying-new-ceasefire-proposals-calls-for-end-to-gaza-war,2025-07-02T18:45:21Z,2026-02-19T09:34:12+00:00,9b2e864d39ac,aj_xml_sitemap,https://www.aljazeera.com/sitemaps/article-archive/2025/07.xml
Al Jazeera,aljazeera.com,https://www.aljazeera.com/news/2025/7/1/israel-kills-gaza-trump-firm-netanyahu,2025-07-01T22:35:39Z,2026-02-19T09:34:12+00:00,d90e79bcc49f,aj_xml_sitemap,https://www.aljazeera.com/sitemaps/article-archive/2025/07.xml
Al Jazeera,aljazeera.com,https://www.aljazeera.com/news/2025/7/1/un-report-lists-companies-complicit-in-israels-genocide-who-are-they,2025-07-01T19:14:49Z,2026-02-19T09:34:12+00:00,ece6ea442ba5,aj_xml_sitemap,https://www.aljazeera.com/sitemaps/article-archive/2025/07.xml
Al Jazeera,aljazeera.com,https://www.aljazeera.com/news/2025/7/1/charities-urge-shutdown-of-us-and-israel-backed-gaza-aid-group,2025-07-01T12:42:59Z,2026-02-19T09:34:12+00:00,d4dfe579f33c,aj_xml_sitemap,https://www.aljazeera.com/sitemaps/article-archive/2025/07.xml
Al Jazeera,aljazeera.com,https://www.aljazeera.com/news/2025/7/1/israel-has-killed-1000-palestinians-in-the-west-bank-since-october-7-2023,2025-07-01T12:07:42Z,2026-02-19T09:34:12+00:00,9e8869f3cdc8,aj_xml_sitemap,https://www.aljazeera.com/sitemaps/article-archive/2025/07.xml
Al Jazeera,aljazeera.com,https://www.aljazeera.com/news/2025/7/1/will-syria-normalise-relations-with-israel,2025-07-01T11:30:08Z,2026-02-19T09:34:12+00:00,ac394fc4a962,aj_xml_sitemap,https://www.aljazeera.com/sitemaps/article-archive/2025/07.xml
Al Jazeera,aljazeera.com,https://www.aljazeera.com/news/2025/6/30/uk-police-say-pro-palestine-performances-at-glastonbury-subject-to-probe,2025-07-01T06:43:53Z,2026-02-19T09:34:12+00:00,8903636afad1,aj_xml_sitemap,https://www.aljazeera.com/sitemaps/article-archive/2025/06.xml
Al Jazeera,aljazeera.com,https://www.aljazeera.com/news/2025/6/30/iran-hardens-stance-against-iaea-and-its-chief-in-wake-of-us-israel-attacks,2025-09-10T05:40:52Z,2026-02-19T09:34:12+00:00,3c362bec18ef,aj_xml_sitemap,https://www.aljazeera.com/sitemaps/article-archive/2025/06.xml
Al Jazeera,aljazeera.com,https://www.aljazeera.com/news/2025/6/30/israel-kills-85-palestinians-bombing-across-gaza-amid-new-ceasefire-push,2025-07-01T07:17:55Z,2026-02-19T09:34:12+00:00,df232aea6807,aj_xml_sitemap,https://www.aljazeera.com/sitemaps/article-archive/2025/06.xml
Al Jazeera,aljazeera.com,https://www.aljazeera.com/news/2025/6/30/high-court-allows-uk-to-keep-exporting-f-35-jet-parts-to-israel,2025-06-30T11:41:52Z,2026-02-19T09:34:12+00:00,cb162879c1c3,aj_xml_sitemap,https://www.aljazeera.com/sitemaps/article-archive/2025/06.xml
Al Jazeera,aljazeera.com,https://www.aljazeera.com/news/2025/6/30/norwegian-pension-fund-divests-from-companies-selling-to-israeli-military,2025-06-30T14:28:45Z,2026-02-19T09:34:12+00:00,581ea8cd94bc,aj_xml_sitemap,https://www.aljazeera.com/sitemaps/article-archive/2025/06.xml
Al Jazeera,aljazeera.com,https://www.aljazeera.com/news/2025/6/29/israeli-air-strikes-kill-dozens-in-gaza-amid-worsening-humanitarian-crisis,2025-06-30T00:09:15Z,2026-02-19T09:34:12+00:00,0c2b179f6a40,aj_xml_sitemap,https://www.aljazeera.com/sitemaps/article-archive/2025/06.xml
Al Jazeera,aljazeera.com,https://www.aljazeera.com/news/2025/6/29/israel-kills-nearly-600-palestinians-at-aid-centres-all-you-need-to-know,2025-06-30T05:02:47Z,2026-02-19T09:34:12+00:00,3602a7cf160e,aj_xml_sitemap,https://www.aljazeera.com/sitemaps/article-archive/2025/06.xml
Al Jazeera,aljazeera.com,https://www.aljazeera.com/news/2025/6/29/trump-defends-netanyahu-attacks-israeli-prosecutors-over-corruption-trial,2025-06-29T14:15:21Z,2026-02-19T09:34:12+00:00,54ba4cd1006c,aj_xml_sitemap,https://www.aljazeera.com/sitemaps/article-archive/2025/06.xml
Al Jazeera,aljazeera.com,https://www.aljazeera.com/news/2025/6/29/irish-band-kneecap-shouts-out-to-banned-palestinian-group-at-glastonbury,2025-06-29T07:06:44Z,2026-02-19T09:34:12+00:00,a6e25de5e5cc,aj_xml_sitemap,https://www.aljazeera.com/sitemaps/article-archive/2025/06.xml
Al Jazeera,aljazeera.com,https://www.aljazeera.com/news/2025/6/29/at-least-66-children-dead-of-malnutrition-in-gaza-as-israel-tightens-siege,2025-06-29T05:04:08Z,2026-02-19T09:34:12+00:00,0ba786ae63ba,aj_xml_sitemap,https://www.aljazeera.com/sitemaps/article-archive/2025/06.xml
Al Jazeera,aljazeera.com,https://www.aljazeera.com/news/2025/6/28/israeli-strikes-on-south-lebanon-kill-three-ministry,2025-06-28T20:18:14Z,2026-02-19T09:34:12+00:00,e8c537755e77,aj_xml_sitemap,https://www.aljazeera.com/sitemaps/article-archive/2025/06.xml
Al Jazeera,aljazeera.com,https://www.aljazeera.com/news/2025/6/28/thousands-mourn-top-iranian-army-commanders-scientists-killed-by-israel,2025-06-29T00:10:21Z,2026-02-19T09:34:12+00:00,be75ff823488,aj_xml_sitemap,https://www.aljazeera.com/sitemaps/article-archive/2025/06.xml
Al Jazeera,aljazeera.com,https://www.aljazeera.com/news/2025/6/28/trump-says-gaza-ceasefire-possible-within-the-next-week-gives-no-details,2025-06-28T03:02:40Z,2026-02-19T09:34:12+00:00,33b53c33fcd8,aj_xml_sitemap,https://www.aljazeera.com/sitemaps/article-archive/2025/06.xml
Al Jazeera,aljazeera.com,https://www.aljazeera.com/news/2025/6/27/israeli-soldiers-ordered-to-shoot-at-unarmed-gaza-aid-seekers-report,2025-06-28T00:56:52Z,2026-02-19T09:34:12+00:00,f9f14db5a131,aj_xml_sitemap,https://www.aljazeera.com/sitemaps/article-archive/2025/06.xml
Al Jazeera,aljazeera.com,https://www.aljazeera.com/news/2025/6/27/at-least-one-killed-as-israeli-strikes-pummel-southern-lebanon,2025-06-27T15:19:34Z,2026-02-19T09:34:12+00:00,96677116898f,aj_xml_sitemap,https://www.aljazeera.com/sitemaps/article-archive/2025/06.xml
Al Jazeera,aljazeera.com,https://www.aljazeera.com/news/2025/6/27/uk-police-arrest-four-after-pro-palestinian-protest-at-military-base,2025-06-27T13:14:41Z,2026-02-19T09:34:12+00:00,5f7e0c2cdb1d,aj_xml_sitemap,https://www.aljazeera.com/sitemaps/article-archive/2025/06.xml
Al Jazeera,aljazeera.com,https://www.aljazeera.com/news/2025/6/27/us-approves-30m-for-controversial-israel-backed-gaza-aid-group,2025-06-27T21:53:21Z,2026-02-19T09:34:12+00:00,c6fb10a39aa8,aj_xml_sitemap,https://www.aljazeera.com/sitemaps/article-archive/2025/06.xml
Al Jazeera,aljazeera.com,https://www.aljazeera.com/news/2025/6/26/un-reports-uptick-in-preventable-diseases-in-gaza-due-to-israeli-blockade,2025-06-26T23:28:53Z,2026-02-19T09:34:12+00:00,01779ec28336,aj_xml_sitemap,https://www.aljazeera.com/sitemaps/article-archive/2025/06.xml
Al Jazeera,aljazeera.com,https://www.aljazeera.com/news/2025/6/26/we-wanted-to-eliminate-khamenei-israels-defence-minister,2025-09-10T05:41:23Z,2026-02-19T09:34:12+00:00,5e53d373b5de,aj_xml_sitemap,https://www.aljazeera.com/sitemaps/article-archive/2025/06.xml
Al Jazeera,aljazeera.com,https://www.aljazeera.com/news/2025/6/26/divided-eu-summit-backs-off-from-pressurising-israel-over-gaza,2025-06-27T08:41:35Z,2026-02-19T09:34:12+00:00,fce56cbdf7a0,aj_xml_sitemap,https://www.aljazeera.com/sitemaps/article-archive/2025/06.xml
Al Jazeera,aljazeera.com,https://www.aljazeera.com/news/2025/6/26/how-israel-launched-attacks-from-inside-iran-to-sow-chaos-during-the-war,2025-06-26T18:35:54Z,2026-02-19T09:34:12+00:00,0ac52f2aa3aa,aj_xml_sitemap,https://www.aljazeera.com/sitemaps/article-archive/2025/06.xml
Al Jazeera,aljazeera.com,https://www.aljazeera.com/news/2025/6/26/as-gaza-starves-gofundme-accused-of-blocking-millions-of-dollars-raised,2025-08-05T10:51:21Z,2026-02-19T09:34:12+00:00,aada103aa0b3,aj_xml_sitemap,https://www.aljazeera.com/sitemaps/article-archive/2025/06.xml
Al Jazeera,aljazeera.com,https://www.aljazeera.com/news/2025/6/26/visualising-12-days-of-the-israel-iran-conflict,2025-06-27T07:33:56Z,2026-02-19T09:34:12+00:00,bc54c8d8cff6,aj_xml_sitemap,https://www.aljazeera.com/sitemaps/article-archive/2025/06.xml
Al Jazeera,aljazeera.com,https://www.aljazeera.com/news/2025/6/26/israeli-attacks-kill-more-than-30-people-in-gaza-including-3-near-aid-site,2025-06-26T14:05:04Z,2026-02-19T09:34:12+00:00,095f47065299,aj_xml_sitemap,https://www.aljazeera.com/sitemaps/article-archive/2025/06.xml
Al Jazeera,aljazeera.com,https://www.aljazeera.com/news/2025/6/26/in-spain-parents-gather-at-school-gates-to-remember-gazas-child-victims,2025-06-26T11:12:58Z,2026-02-19T09:34:12+00:00,d17d07376a45,aj_xml_sitemap,https://www.aljazeera.com/sitemaps/article-archive/2025/06.xml
Al Jazeera,aljazeera.com,https://www.aljazeera.com/news/2025/6/26/israel-iran-conflict-exposed-chinas-limited-leverage-say-analysts,2025-06-26T09:19:33Z,2026-02-19T09:34:12+00:00,999bfd90f153,aj_xml_sitemap,https://www.aljazeera.com/sitemaps/article-archive/2025/06.xml
Al Jazeera,aljazeera.com,https://www.aljazeera.com/news/2025/6/26/mamdanis-new-york-victory-boosts-pro-palestine-politics-in-us,2025-06-26T05:40:18Z,2026-02-19T09:34:12+00:00,3c8048933bcc,aj_xml_sitemap,https://www.aljazeera.com/sitemaps/article-archive/2025/06.xml
Al Jazeera,aljazeera.com,https://www.aljazeera.com/news/2025/6/25/four-palestinians-killed-in-occupied-west-bank-by-settlers-israeli-troops,2025-06-25T22:59:21Z,2026-02-19T09:34:12+00:00,ae6685d87a2f,aj_xml_sitemap,https://www.aljazeera.com/sitemaps/article-archive/2025/06.xml
Al Jazeera,aljazeera.com,https://www.aljazeera.com/news/2025/6/25/iran-moves-to-punish-spying-as-it-proclaims-victory-over-israel-us,2025-06-25T21:05:09Z,2026-02-19T09:34:12+00:00,480448d6d514,aj_xml_sitemap,https://www.aljazeera.com/sitemaps/article-archive/2025/06.xml
Al Jazeera,aljazeera.com,https://www.aljazeera.com/news/2025/6/25/iran-passes-bill-to-halt-iaea-cooperation-as-fragile-israel-ceasefire-holds,2025-06-25T16:48:29Z,2026-02-19T09:34:12+00:00,d27d3ef7ebff,aj_xml_sitemap,https://www.aljazeera.com/sitemaps/article-archive/2025/06.xml
Al Jazeera,aljazeera.com,https://www.aljazeera.com/news/2025/6/25/israel-thinks-netanyahu-is-victorious-against-iran-what-will-he-do-next,2025-06-25T16:09:59Z,2026-02-19T09:34:12+00:00,dcbd37a68649,aj_xml_sitemap,https://www.aljazeera.com/sitemaps/article-archive/2025/06.xml
Al Jazeera,aljazeera.com,https://www.aljazeera.com/news/2025/6/25/mapping-israels-expanding-battlefronts-across-the-middle-east,2025-06-25T15:36:48Z,2026-02-19T09:34:12+00:00,d34629f32d05,aj_xml_sitemap,https://www.aljazeera.com/sitemaps/article-archive/2025/06.xml
Al Jazeera,aljazeera.com,https://www.aljazeera.com/news/2025/6/25/israeli-attacks-kill-at-least-51-as-trump-signals-progress-in-gaza-talks,2025-06-25T20:19:27Z,2026-02-19T09:34:12+00:00,61b2079f2fb5,aj_xml_sitemap,https://www.aljazeera.com/sitemaps/article-archive/2025/06.xml
Al Jazeera,aljazeera.com,https://www.aljazeera.com/news/2025/6/25/what-is-the-palestine-action-group-and-why-is-the-uk-banning-it,2025-06-30T08:43:19Z,2026-02-19T09:34:12+00:00,cd83e17fac2d,aj_xml_sitemap,https://www.aljazeera.com/sitemaps/article-archive/2025/06.xml
Al Jazeera,aljazeera.com,https://www.aljazeera.com/news/2025/6/25/12-posts-from-12-day-war-how-trump-live-posted-israel-iran-conflict,2025-06-25T11:04:09Z,2026-02-19T09:34:12+00:00,7647aa7a2eab,aj_xml_sitemap,https://www.aljazeera.com/sitemaps/article-archive/2025/06.xml
Al Jazeera,aljazeera.com,https://www.aljazeera.com/news/2025/6/24/trump-is-seeking-a-quick-us-exit-from-israel-iran-conflict-will-it-work,2025-09-10T05:50:35Z,2026-02-19T09:34:12+00:00,0ce68d13515b,aj_xml_sitemap,https://www.aljazeera.com/sitemaps/article-archive/2025/06.xml
Al Jazeera,aljazeera.com,https://www.aljazeera.com/news/2025/6/24/us-israel-iran-conflict-list-of-key-events-june-24-2025,2025-06-24T20:23:22Z,2026-02-19T09:34:12+00:00,1c1b59648ba0,aj_xml_sitemap,https://www.aljazeera.com/sitemaps/article-archive/2025/06.xml
Al Jazeera,aljazeera.com,https://www.aljazeera.com/news/2025/6/24/is-the-12-day-israel-iran-war-really-over-and-who-gained,2025-06-25T06:53:46Z,2026-02-19T09:34:12+00:00,0d784a427502,aj_xml_sitemap,https://www.aljazeera.com/sitemaps/article-archive/2025/06.xml
Al Jazeera,aljazeera.com,https://www.aljazeera.com/news/2025/6/24/travel-disruptions-still-hit-middle-east-in-wake-of-us-israel-iran-conflict,2025-09-10T05:53:31Z,2026-02-19T09:34:12+00:00,852933527237,aj_xml_sitemap,https://www.aljazeera.com/sitemaps/article-archive/2025/06.xml
Al Jazeera,aljazeera.com,https://www.aljazeera.com/news/2025/6/24/israel-iran-ceasefire-off-to-rocky-start-drawing-trumps-ire-after-fanfare,2025-06-24T18:29:39Z,2026-02-19T09:34:12+00:00,0fe722232dd8,aj_xml_sitemap,https://www.aljazeera.com/sitemaps/article-archive/2025/06.xml
Al Jazeera,aljazeera.com,https://www.aljazeera.com/news/2025/6/24/world-wary-as-it-welcomes-iran-israel-ceasefire,2025-06-24T14:38:01Z,2026-02-19T09:34:12+00:00,24a4481545c6,aj_xml_sitemap,https://www.aljazeera.com/sitemaps/article-archive/2025/06.xml
Al Jazeera,aljazeera.com,https://www.aljazeera.com/news/2025/6/24/have-israel-and-iran-agreed-to-a-ceasefire-what-we-know,2025-06-24T13:05:16Z,2026-02-19T09:34:12+00:00,70f062aecf1a,aj_xml_sitemap,https://www.aljazeera.com/sitemaps/article-archive/2025/06.xml
Al Jazeera,aljazeera.com,https://www.aljazeera.com/news/2025/6/24/dozens-palestinians-killed-in-latest-israeli-attacks-on-aid-seekers,2025-06-24T22:31:08Z,2026-02-19T09:34:12+00:00,4293141a1c35,aj_xml_sitemap,https://www.aljazeera.com/sitemaps/article-archive/2025/06.xml
Al Jazeera,aljazeera.com,https://www.aljazeera.com/news/2025/6/24/russia-and-ukraine-swap-drone-attacks-as-ceasefire-efforts-remain-stalled,2025-06-24T21:50:54Z,2026-02-19T09:34:12+00:00,ae856c4ec4ed,aj_xml_sitemap,https://www.aljazeera.com/sitemaps/article-archive/2025/06.xml
Al Jazeera,aljazeera.com,https://www.aljazeera.com/news/2025/6/24/israel-and-iran-agree-ceasefire-amid-waves-of-missiles,2025-06-24T08:06:52Z,2026-02-19T09:34:12+00:00,ecea733cc0cd,aj_xml_sitemap,https://www.aljazeera.com/sitemaps/article-archive/2025/06.xml
Al Jazeera,aljazeera.com,https://www.aljazeera.com/news/2025/6/23/trump-claims-ceasefire-reached-between-israel-and-iran,2025-09-10T05:57:25Z,2026-02-19T09:34:12+00:00,d980b1482c1c,aj_xml_sitemap,https://www.aljazeera.com/sitemaps/article-archive/2025/06.xml
Al Jazeera,aljazeera.com,https://www.aljazeera.com/news/2025/6/23/israel-iran-conflict-list-of-key-events-june-23-2025,2025-09-10T06:06:18Z,2026-02-19T09:34:12+00:00,48b6768462a9,aj_xml_sitemap,https://www.aljazeera.com/sitemaps/article-archive/2025/06.xml
Al Jazeera,aljazeera.com,https://www.aljazeera.com/news/2025/6/23/how-extensive-are-israels-intelligence-operations-inside-iran,2025-06-23T19:06:52Z,2026-02-19T09:34:12+00:00,522c242e25b8,aj_xml_sitemap,https://www.aljazeera.com/sitemaps/article-archive/2025/06.xml
Al Jazeera,aljazeera.com,https://www.aljazeera.com/news/2025/6/23/israel-bombs-southern-lebanon-amid-conflict-with-iran-and-assault-on-gaza,2025-06-23T17:37:18Z,2026-02-19T09:34:12+00:00,c479b2e57b98,aj_xml_sitemap,https://www.aljazeera.com/sitemaps/article-archive/2025/06.xml
Al Jazeera,aljazeera.com,https://www.aljazeera.com/news/2025/6/23/flares-over-qatars-doha-explosions-heard-amid-us-israel-iran-conflict,2025-09-10T06:12:32Z,2026-02-19T09:34:12+00:00,193473274fb0,aj_xml_sitemap,https://www.aljazeera.com/sitemaps/article-archive/2025/06.xml
Al Jazeera,aljazeera.com,https://www.aljazeera.com/news/2025/6/23/israel-kills-at-least-30-palestinians-in-gaza-including-aid-seekers,2025-06-23T15:54:38Z,2026-02-19T09:34:12+00:00,9a6476965662,aj_xml_sitemap,https://www.aljazeera.com/sitemaps/article-archive/2025/06.xml
Al Jazeera,aljazeera.com,https://www.aljazeera.com/news/2025/6/23/us-israeli-strikes-on-iran-nuclear-sites-how-big-are-radiation-risks,2025-06-24T11:54:54Z,2026-02-19T09:34:12+00:00,47ed0a995a91,aj_xml_sitemap,https://www.aljazeera.com/sitemaps/article-archive/2025/06.xml
Al Jazeera,aljazeera.com,https://www.aljazeera.com/news/2025/6/23/uk-to-ban-palestine-action-police-clash-with-groups-supporters-in-london,2025-06-23T15:48:10Z,2026-02-19T09:34:12+00:00,2070598248d0,aj_xml_sitemap,https://www.aljazeera.com/sitemaps/article-archive/2025/06.xml
Al Jazeera,aljazeera.com,https://www.aljazeera.com/news/2025/6/23/energy-crisis-adds-to-survival-threats-in-war-torn-gaza-ngo,2025-06-23T13:53:31Z,2026-02-19T09:34:12+00:00,36ae00076f2c,aj_xml_sitemap,https://www.aljazeera.com/sitemaps/article-archive/2025/06.xml
Al Jazeera,aljazeera.com,https://www.aljazeera.com/news/2025/6/23/as-israel-iran-war-escalates-ukraine-fears-more-losses-to-russia,2025-06-23T15:14:53Z,2026-02-19T09:34:12+00:00,8f183e102da0,aj_xml_sitemap,https://www.aljazeera.com/sitemaps/article-archive/2025/06.xml
Al Jazeera,aljazeera.com,https://www.aljazeera.com/news/2025/6/23/shipping-giant-maersk-divests-from-companies-linked-to-israeli-settlements,2025-06-23T12:51:50Z,2026-02-19T09:34:12+00:00,b5f5e4c05f5d,aj_xml_sitemap,https://www.aljazeera.com/sitemaps/article-archive/2025/06.xml
Al Jazeera,aljazeera.com,https://www.aljazeera.com/news/2025/6/23/iran-vows-response-to-us-strikes-as-it-hits-back-at-israel,2025-06-23T12:47:11Z,2026-02-19T09:34:12+00:00,8f9f86bbad02,aj_xml_sitemap,https://www.aljazeera.com/sitemaps/article-archive/2025/06.xml
Al Jazeera,aljazeera.com,https://www.aljazeera.com/news/2025/6/22/key-players-tangle-at-unsc-at-perilous-turn-of-us-israel-iran-conflict,2025-06-23T06:31:59Z,2026-02-19T09:34:12+00:00,dbf54c04938b,aj_xml_sitemap,https://www.aljazeera.com/sitemaps/article-archive/2025/06.xml
Al Jazeera,aljazeera.com,https://www.aljazeera.com/news/2025/6/22/israel-iran-conflict-list-of-key-events-june-22-2025,2025-06-22T22:32:34Z,2026-02-19T09:34:12+00:00,02f90a00a92d,aj_xml_sitemap,https://www.aljazeera.com/sitemaps/article-archive/2025/06.xml
Al Jazeera,aljazeera.com,https://www.aljazeera.com/news/2025/6/22/hundreds-protest-against-nato-summit-israel-iran-conflict-in-the-hague,2025-06-23T06:12:33Z,2026-02-19T09:34:12+00:00,c9aae66823e9,aj_xml_sitemap,https://www.aljazeera.com/sitemaps/article-archive/2025/06.xml
Al Jazeera,aljazeera.com,https://www.aljazeera.com/news/2025/6/22/iranians-react-after-us-bombs-three-nuclear-sites-in-support-of-israel,2025-06-22T14:31:31Z,2026-02-19T09:34:12+00:00,1cb28075fa88,aj_xml_sitemap,https://www.aljazeera.com/sitemaps/article-archive/2025/06.xml
Al Jazeera,aljazeera.com,https://www.aljazeera.com/news/2025/6/22/israel-recovers-bodies-of-three-gaza-captives-as-it-kills-29-palestinians,2025-06-22T20:52:30Z,2026-02-19T09:34:12+00:00,b9b39683a5e7,aj_xml_sitemap,https://www.aljazeera.com/sitemaps/article-archive/2025/06.xml
Al Jazeera,aljazeera.com,https://www.aljazeera.com/news/2025/6/22/iran-israel-trade-missiles-as-us-bombing-of-nuclear-sites-escalates-crisis,2025-06-22T14:19:28Z,2026-02-19T09:34:12+00:00,b107d0d7cf41,aj_xml_sitemap,https://www.aljazeera.com/sitemaps/article-archive/2025/06.xml
Al Jazeera,aljazeera.com,https://www.aljazeera.com/news/2025/6/22/us-joins-israel-in-attacks-against-iran-strikes-key-nuclear-sites,2025-06-22T09:57:07Z,2026-02-19T09:34:12+00:00,8e58445d5251,aj_xml_sitemap,https://www.aljazeera.com/sitemaps/article-archive/2025/06.xml
Al Jazeera,aljazeera.com,https://www.aljazeera.com/news/2025/6/21/mahmoud-khalil-vows-to-continue-to-speak-up-for-palestine-after-release,2025-06-21T20:09:12Z,2026-02-19T09:34:12+00:00,98e4d0ecb6ca,aj_xml_sitemap,https://www.aljazeera.com/sitemaps/article-archive/2025/06.xml
Al Jazeera,aljazeera.com,https://www.aljazeera.com/news/2025/6/21/israel-iran-conflict-list-of-key-events-june-21-2025,2025-06-21T19:44:57Z,2026-02-19T09:34:12+00:00,d205f053a1a3,aj_xml_sitemap,https://www.aljazeera.com/sitemaps/article-archive/2025/06.xml
Al Jazeera,aljazeera.com,https://www.aljazeera.com/news/2025/6/21/aid-seekers-in-gaza-continue-to-be-targeted-as-israeli-attacks-kill-26,2025-06-21T15:49:01Z,2026-02-19T09:34:12+00:00,b386fd95cb11,aj_xml_sitemap,https://www.aljazeera.com/sitemaps/article-archive/2025/06.xml
Al Jazeera,aljazeera.com,https://www.aljazeera.com/news/2025/6/21/israel-strikes-irans-isfahan-nuclear-site-buildings-on-fire-in-tel-aviv,2025-06-21T14:32:45Z,2026-02-19T09:34:12+00:00,d545d6863963,aj_xml_sitemap,https://www.aljazeera.com/sitemaps/article-archive/2025/06.xml
Al Jazeera,aljazeera.com,https://www.aljazeera.com/news/2025/6/20/israels-gaza-actions-may-breach-eu-israel-human-rights-agreement-report,2025-06-20T21:13:08Z,2026-02-19T09:34:12+00:00,c2b721753a64,aj_xml_sitemap,https://www.aljazeera.com/sitemaps/article-archive/2025/06.xml
Al Jazeera,aljazeera.com,https://www.aljazeera.com/news/2025/6/20/israel-iran-conflict-list-of-key-events-june-20-2025,2025-06-20T20:13:25Z,2026-02-19T09:34:12+00:00,9fa0657f0135,aj_xml_sitemap,https://www.aljazeera.com/sitemaps/article-archive/2025/06.xml
Al Jazeera,aljazeera.com,https://www.aljazeera.com/news/2025/6/20/us-judge-orders-release-of-palestine-advocate-mahmoud-khalil,2025-06-21T01:02:18Z,2026-02-19T09:34:12+00:00,98ab05a50d20,aj_xml_sitemap,https://www.aljazeera.com/sitemaps/article-archive/2025/06.xml
Al Jazeera,aljazeera.com,https://www.aljazeera.com/news/2025/6/20/iaeas-grossi-warns-of-nuclear-disaster-if-israel-hits-irans-bushehr-plant,2025-06-20T21:15:52Z,2026-02-19T09:34:12+00:00,8acba663f5ca,aj_xml_sitemap,https://www.aljazeera.com/sitemaps/article-archive/2025/06.xml
Al Jazeera,aljazeera.com,https://www.aljazeera.com/news/2025/6/20/top-court-revives-lawsuits-against-palestinian-authorities-from-us-victims,2025-06-20T17:21:16Z,2026-02-19T09:34:12+00:00,b530591bcfd2,aj_xml_sitemap,https://www.aljazeera.com/sitemaps/article-archive/2025/06.xml
Al Jazeera,aljazeera.com,https://www.aljazeera.com/news/2025/6/20/irans-dual-nationals-caught-between-israeli-bombs-and-family-ties,2025-06-20T15:17:10Z,2026-02-19T09:34:12+00:00,878710552871,aj_xml_sitemap,https://www.aljazeera.com/sitemaps/article-archive/2025/06.xml
Al Jazeera,aljazeera.com,https://www.aljazeera.com/news/2025/6/20/yemen-houthis-mull-over-help-ally-iran-israel,2025-06-20T14:59:06Z,2026-02-19T09:34:12+00:00,229195731c2a,aj_xml_sitemap,https://www.aljazeera.com/sitemaps/article-archive/2025/06.xml
Al Jazeera,aljazeera.com,https://www.aljazeera.com/news/2025/6/20/has-trump-put-off-joining-the-israel-iran-conflict-for-two-weeks,2025-06-20T14:43:06Z,2026-02-19T09:34:12+00:00,772edf31ffdd,aj_xml_sitemap,https://www.aljazeera.com/sitemaps/article-archive/2025/06.xml
Al Jazeera,aljazeera.com,https://www.aljazeera.com/news/2025/6/20/iran-israel-trade-air-attacks-as-conflict-enters-second-week,2025-06-20T19:01:32Z,2026-02-19T09:34:12+00:00,8c227c0e1f91,aj_xml_sitemap,https://www.aljazeera.com/sitemaps/article-archive/2025/06.xml
Al Jazeera,aljazeera.com,https://www.aljazeera.com/news/2025/6/20/at-least-35-killed-in-new-israeli-attack-on-gaza-aid-seekers,2025-06-21T07:11:45Z,2026-02-19T09:34:12+00:00,91e565dbf6f7,aj_xml_sitemap,https://www.aljazeera.com/sitemaps/article-archive/2025/06.xml
Al Jazeera,aljazeera.com,https://www.aljazeera.com/news/2025/6/20/pro-palestinian-activists-break-into-uk-military-base,2025-06-20T12:45:01Z,2026-02-19T09:34:12+00:00,dd45b7b84645,aj_xml_sitemap,https://www.aljazeera.com/sitemaps/article-archive/2025/06.xml
Al Jazeera,aljazeera.com,https://www.aljazeera.com/news/2025/6/20/israel-again-included-in-un-blacklist-for-grave-violations-against-children,2025-06-20T08:48:00Z,2026-02-19T09:34:12+00:00,6db615c1184e,aj_xml_sitemap,https://www.aljazeera.com/sitemaps/article-archive/2025/06.xml
Al Jazeera,aljazeera.com,https://www.aljazeera.com/news/2025/6/20/iran-europe-set-for-first-talks-since-israel-launched-attacks-on-tehran,2025-06-20T20:55:59Z,2026-02-19T09:34:12+00:00,b27a2b564f28,aj_xml_sitemap,https://www.aljazeera.com/sitemaps/article-archive/2025/06.xml
Al Jazeera,aljazeera.com,https://www.aljazeera.com/news/2025/6/20/are-israels-attacks-against-iran-legal,2025-06-20T07:47:19Z,2026-02-19T09:34:12+00:00,0c5a156f95af,aj_xml_sitemap,https://www.aljazeera.com/sitemaps/article-archive/2025/06.xml
Al Jazeera,aljazeera.com,https://www.aljazeera.com/news/2025/6/19/escalate-deescalate-what-options-iran-end-israel-war,2025-06-19T19:51:14Z,2026-02-19T09:34:12+00:00,650154889fdb,aj_xml_sitemap,https://www.aljazeera.com/sitemaps/article-archive/2025/06.xml
Al Jazeera,aljazeera.com,https://www.aljazeera.com/news/2025/6/19/how-does-israel-restrict-its-media-from-reporting-on-the-iran-conflict,2025-06-19T17:17:53Z,2026-02-19T09:34:12+00:00,1544d8a6edb5,aj_xml_sitemap,https://www.aljazeera.com/sitemaps/article-archive/2025/06.xml
Al Jazeera,aljazeera.com,https://www.aljazeera.com/news/2025/6/19/israel-iran-conflict-list-of-key-events-june-19-2025,2025-09-10T06:13:23Z,2026-02-19T09:34:12+00:00,ca18a73129d8,aj_xml_sitemap,https://www.aljazeera.com/sitemaps/article-archive/2025/06.xml
Al Jazeera,aljazeera.com,https://www.aljazeera.com/news/2025/6/19/israel-escalates-war-on-palestinians-as-world-attention-shifts-to-iran,2025-06-20T05:59:52Z,2026-02-19T09:34:12+00:00,92b0949a1d64,aj_xml_sitemap,https://www.aljazeera.com/sitemaps/article-archive/2025/06.xml
Al Jazeera,aljazeera.com,https://www.aljazeera.com/news/2025/6/19/israeli-attacks-kill-at-least-81-people-including-aid-seekers-in-gaza,2025-06-19T20:34:35Z,2026-02-19T09:34:12+00:00,e2e0321b24c2,aj_xml_sitemap,https://www.aljazeera.com/sitemaps/article-archive/2025/06.xml
Al Jazeera,aljazeera.com,https://www.aljazeera.com/news/2025/6/19/putin-xi-criticise-israels-attacks-on-iran-urge-de-escalation,2025-06-19T14:07:36Z,2026-02-19T09:34:12+00:00,baf95237d45d,aj_xml_sitemap,https://www.aljazeera.com/sitemaps/article-archive/2025/06.xml
Al Jazeera,aljazeera.com,https://www.aljazeera.com/news/2025/6/19/can-the-israeli-and-iranian-economies-sustain-a-war,2025-06-19T11:42:05Z,2026-02-19T09:34:12+00:00,05cd8f5ce2ef,aj_xml_sitemap,https://www.aljazeera.com/sitemaps/article-archive/2025/06.xml
Al Jazeera,aljazeera.com,https://www.aljazeera.com/news/2025/6/19/israel-attacks-irans-arak-nuclear-reactor-as-iran-strikes-israeli-hospital,2025-06-19T14:31:43Z,2026-02-19T09:34:12+00:00,e7ce9fa49481,aj_xml_sitemap,https://www.aljazeera.com/sitemaps/article-archive/2025/06.xml
Al Jazeera,aljazeera.com,https://www.aljazeera.com/news/2025/6/19/why-israel-wants-us-bunker-busters-to-hit-irans-fordow-nuclear-site,2025-06-19T12:21:00Z,2026-02-19T09:34:12+00:00,d61134da010a,aj_xml_sitemap,https://www.aljazeera.com/sitemaps/article-archive/2025/06.xml
Al Jazeera,aljazeera.com,https://www.aljazeera.com/news/2025/6/18/israel-iran-conflict-list-of-key-events-june-18-2025,2025-06-18T20:57:36Z,2026-02-19T09:34:12+00:00,6a28a67c632b,aj_xml_sitemap,https://www.aljazeera.com/sitemaps/article-archive/2025/06.xml
Al Jazeera,aljazeera.com,https://www.aljazeera.com/news/2025/6/18/iran-war-gives-netanyahu-political-breathing-room-in-israel,2025-06-18T19:29:45Z,2026-02-19T09:34:12+00:00,01c057f46e55,aj_xml_sitemap,https://www.aljazeera.com/sitemaps/article-archive/2025/06.xml
Al Jazeera,aljazeera.com,https://www.aljazeera.com/news/2025/6/18/israel-iran-conflict-rages-with-ongoing-aerial-strikes-amid-war-of-words,2025-06-19T00:13:08Z,2026-02-19T09:34:12+00:00,b1555ad6867a,aj_xml_sitemap,https://www.aljazeera.com/sitemaps/article-archive/2025/06.xml
Al Jazeera,aljazeera.com,https://www.aljazeera.com/news/2025/6/18/how-has-iran-managed-to-pierce-through-israels-air-defence-systems,2025-06-19T06:29:25Z,2026-02-19T09:34:12+00:00,fdf660b780d8,aj_xml_sitemap,https://www.aljazeera.com/sitemaps/article-archive/2025/06.xml
Al Jazeera,aljazeera.com,https://www.aljazeera.com/news/2025/6/18/growing-number-of-britons-view-israels-actions-in-gaza-as-genocide-poll,2025-06-18T14:12:18Z,2026-02-19T09:34:12+00:00,b94ec8f740da,aj_xml_sitemap,https://www.aljazeera.com/sitemaps/article-archive/2025/06.xml
Al Jazeera,aljazeera.com,https://www.aljazeera.com/news/2025/6/18/israeli-forces-kill-47-palestinians-in-gaza-including-11-awaiting-aid,2025-06-18T23:10:00Z,2026-02-19T09:34:12+00:00,29bee8b0bfc7,aj_xml_sitemap,https://www.aljazeera.com/sitemaps/article-archive/2025/06.xml
Al Jazeera,aljazeera.com,https://www.aljazeera.com/news/2025/6/18/mapping-irans-most-significant-strikes-on-israel,2025-06-18T15:10:47Z,2026-02-19T09:34:12+00:00,c16cc45d1720,aj_xml_sitemap,https://www.aljazeera.com/sitemaps/article-archive/2025/06.xml
Al Jazeera,aljazeera.com,https://www.aljazeera.com/news/2025/6/18/iran-will-defend-itself-in-israel-conflict-with-full-force-official-says,2025-06-18T13:23:44Z,2026-02-19T09:34:12+00:00,f84550cada44,aj_xml_sitemap,https://www.aljazeera.com/sitemaps/article-archive/2025/06.xml
Al Jazeera,aljazeera.com,https://www.aljazeera.com/news/2025/6/18/iran-warns-us-intervention-in-conflict-with-israel-risks-all-out-war,2025-06-18T11:36:00Z,2026-02-19T09:34:12+00:00,cdfaaa2dd6f0,aj_xml_sitemap,https://www.aljazeera.com/sitemaps/article-archive/2025/06.xml
Al Jazeera,aljazeera.com,https://www.aljazeera.com/news/2025/6/18/did-trump-approve-israels-attack-on-iran-and-is-the-us-preparing-for-war,2025-06-18T08:31:52Z,2026-02-19T09:34:12+00:00,6121c4764069,aj_xml_sitemap,https://www.aljazeera.com/sitemaps/article-archive/2025/06.xml
Al Jazeera,aljazeera.com,https://www.aljazeera.com/news/2025/6/18/indias-modi-maintains-there-was-no-us-mediation-in-pakistan-ceasefire,2025-06-18T07:29:39Z,2026-02-19T09:34:12+00:00,89c35785d8c0,aj_xml_sitemap,https://www.aljazeera.com/sitemaps/article-archive/2025/06.xml
Al Jazeera,aljazeera.com,https://www.aljazeera.com/news/2025/6/18/iran-israel-conflict-raises-alarm-in-pakistan-amid-fears-over-own-security,2025-06-18T09:32:51Z,2026-02-19T09:34:12+00:00,fef05487f3e2,aj_xml_sitemap,https://www.aljazeera.com/sitemaps/article-archive/2025/06.xml
Al Jazeera,aljazeera.com,https://www.aljazeera.com/news/2025/6/17/not-for-you-israeli-shelters-exclude-palestinians-as-bombs-rain-down,2025-06-17T20:52:22Z,2026-02-19T09:34:12+00:00,a620eb7e3646,aj_xml_sitemap,https://www.aljazeera.com/sitemaps/article-archive/2025/06.xml
Al Jazeera,aljazeera.com,https://www.aljazeera.com/news/2025/6/17/israel-iran-conflict-list-of-key-events-june-17-2025,2025-06-17T21:37:40Z,2026-02-19T09:34:12+00:00,1d0faf5e5018,aj_xml_sitemap,https://www.aljazeera.com/sitemaps/article-archive/2025/06.xml
Al Jazeera,aljazeera.com,https://www.aljazeera.com/news/2025/6/17/donald-trump-calls-irans-leader-an-easy-target-amid-conflict-with-israel,2025-06-17T21:16:45Z,2026-02-19T09:34:12+00:00,4e2d15203806,aj_xml_sitemap,https://www.aljazeera.com/sitemaps/article-archive/2025/06.xml
Al Jazeera,aljazeera.com,https://www.aljazeera.com/news/2025/6/17/hezbollah-watches-on-as-iran-and-israel-battle-for-now,2025-06-17T17:26:40Z,2026-02-19T09:34:12+00:00,ac34e1e641b0,aj_xml_sitemap,https://www.aljazeera.com/sitemaps/article-archive/2025/06.xml
Al Jazeera,aljazeera.com,https://www.aljazeera.com/news/2025/6/17/mapping-irans-oil-and-gas-sites-and-those-attacked-by-israel,2025-06-18T01:14:45Z,2026-02-19T09:34:12+00:00,e3e85de4b5e9,aj_xml_sitemap,https://www.aljazeera.com/sitemaps/article-archive/2025/06.xml
Al Jazeera,aljazeera.com,https://www.aljazeera.com/news/2025/6/17/trump-seeking-real-end-not-ceasefire-as-israel-iran-conflict-heats-up,2025-06-17T13:00:40Z,2026-02-19T09:34:12+00:00,100d9801f03a,aj_xml_sitemap,https://www.aljazeera.com/sitemaps/article-archive/2025/06.xml
Al Jazeera,aljazeera.com,https://www.aljazeera.com/news/2025/6/17/israeli-soldiers-shoot-dozens-in-latest-massacre-at-gaza-aid-sites,2025-06-17T18:25:07Z,2026-02-19T09:34:12+00:00,7620f33f698f,aj_xml_sitemap,https://www.aljazeera.com/sitemaps/article-archive/2025/06.xml
Al Jazeera,aljazeera.com,https://www.aljazeera.com/news/2025/6/17/israel-and-iran-trade-strikes-as-hostilities-extend-into-fifth-day,2025-06-17T22:56:35Z,2026-02-19T09:34:12+00:00,2d398fc7b17c,aj_xml_sitemap,https://www.aljazeera.com/sitemaps/article-archive/2025/06.xml
Al Jazeera,aljazeera.com,https://www.aljazeera.com/news/2025/6/17/ships-collide-in-hormuz-strait-in-shadow-of-israel-iran-war,2025-06-17T11:39:47Z,2026-02-19T09:34:12+00:00,9e82594a9bd7,aj_xml_sitemap,https://www.aljazeera.com/sitemaps/article-archive/2025/06.xml
Al Jazeera,aljazeera.com,https://www.aljazeera.com/news/2025/6/17/how-will-russia-respond-to-the-israel-iran-conflict,2025-06-17T11:53:21Z,2026-02-19T09:34:12+00:00,799327483794,aj_xml_sitemap,https://www.aljazeera.com/sitemaps/article-archive/2025/06.xml
Al Jazeera,aljazeera.com,https://www.aljazeera.com/news/2025/6/17/israel-strikes-iran-is-the-world-close-to-a-nuclear-radiation-incident,2025-06-17T10:32:39Z,2026-02-19T09:34:12+00:00,24274fd2f302,aj_xml_sitemap,https://www.aljazeera.com/sitemaps/article-archive/2025/06.xml
Al Jazeera,aljazeera.com,https://www.aljazeera.com/news/2025/6/16/trumps-cabinet-is-less-hawkish-will-that-affect-his-israel-iran-response,2025-06-16T23:54:49Z,2026-02-19T09:34:12+00:00,85259c9d25d6,aj_xml_sitemap,https://www.aljazeera.com/sitemaps/article-archive/2025/06.xml
Al Jazeera,aljazeera.com,https://www.aljazeera.com/news/2025/6/16/israel-iran-conflict-list-of-key-events-june-16-2025,2025-06-17T07:21:04Z,2026-02-19T09:34:12+00:00,7d990d3556e9,aj_xml_sitemap,https://www.aljazeera.com/sitemaps/article-archive/2025/06.xml
Al Jazeera,aljazeera.com,https://www.aljazeera.com/news/2025/6/16/athlete-pilates-instructor-teacher-human-toll-of-israels-attack-on-iran,2025-06-16T19:56:55Z,2026-02-19T09:34:12+00:00,a71c0aaaf22f,aj_xml_sitemap,https://www.aljazeera.com/sitemaps/article-archive/2025/06.xml
Al Jazeera,aljazeera.com,https://www.aljazeera.com/news/2025/6/16/israel-bombs-irans-state-tv-after-threatening-it-would,2025-06-17T07:22:55Z,2026-02-19T09:34:12+00:00,a5a54b3e898c,aj_xml_sitemap,https://www.aljazeera.com/sitemaps/article-archive/2025/06.xml
Al Jazeera,aljazeera.com,https://www.aljazeera.com/news/2025/6/16/borders-closing-and-airspaces-shut-as-israel-iran-conflict-rages,2025-06-17T07:24:17Z,2026-02-19T09:34:12+00:00,0b6f34299ad9,aj_xml_sitemap,https://www.aljazeera.com/sitemaps/article-archive/2025/06.xml
Al Jazeera,aljazeera.com,https://www.aljazeera.com/news/2025/6/16/iaea-warns-israel-iran-conflict-threatens-nuclear-facilities-diplomacy,2025-06-16T13:37:46Z,2026-02-19T09:34:12+00:00,7686217f60e5,aj_xml_sitemap,https://www.aljazeera.com/sitemaps/article-archive/2025/06.xml
Al Jazeera,aljazeera.com,https://www.aljazeera.com/news/2025/6/16/israel-iran-conflict-how-ballistic-missiles-work-and-where-can-they-reach,2025-06-16T14:44:52Z,2026-02-19T09:34:12+00:00,c675ddbd6169,aj_xml_sitemap,https://www.aljazeera.com/sitemaps/article-archive/2025/06.xml
Al Jazeera,aljazeera.com,https://www.aljazeera.com/news/2025/6/16/little-sign-of-restraint-as-israel-and-iran-continue-to-swap-deadly-strikes,2025-06-16T21:04:10Z,2026-02-19T09:34:12+00:00,7d749a4e0816,aj_xml_sitemap,https://www.aljazeera.com/sitemaps/article-archive/2025/06.xml
Al Jazeera,aljazeera.com,https://www.aljazeera.com/news/2025/6/16/horrifying-un-slams-israeli-actions-in-gaza-as-more-aid-seekers-killed,2025-06-17T07:07:54Z,2026-02-19T09:34:12+00:00,57f63bf13013,aj_xml_sitemap,https://www.aljazeera.com/sitemaps/article-archive/2025/06.xml
Al Jazeera,aljazeera.com,https://www.aljazeera.com/news/2025/6/16/why-india-refused-to-join-sco-condemnation-of-israels-attacks-on-iran,2025-06-16T11:49:58Z,2026-02-19T09:34:12+00:00,05b411e8618f,aj_xml_sitemap,https://www.aljazeera.com/sitemaps/article-archive/2025/06.xml
Al Jazeera,aljazeera.com,https://www.aljazeera.com/news/2025/6/15/who-are-irans-new-top-military-leaders-after-israels-assassinations,2025-06-16T12:41:02Z,2026-02-19T09:34:12+00:00,e386c4140151,aj_xml_sitemap,https://www.aljazeera.com/sitemaps/article-archive/2025/06.xml
Al Jazeera,aljazeera.com,https://www.aljazeera.com/news/2025/6/15/israel-iran-conflict-list-of-key-events-june-15-2025,2025-06-15T20:41:25Z,2026-02-19T09:34:12+00:00,b2bae720c744,aj_xml_sitemap,https://www.aljazeera.com/sitemaps/article-archive/2025/06.xml
Al Jazeera,aljazeera.com,https://www.aljazeera.com/news/2025/6/15/analysis-what-options-does-iran-have-in-its-conflict-against-israel,2025-06-15T21:02:49Z,2026-02-19T09:34:12+00:00,84b4d3a53c6e,aj_xml_sitemap,https://www.aljazeera.com/sitemaps/article-archive/2025/06.xml
Al Jazeera,aljazeera.com,https://www.aljazeera.com/news/2025/6/15/thousands-attend-red-line-protest-in-the-hague-against-israels-gaza-war,2025-06-15T19:25:05Z,2026-02-19T09:34:12+00:00,368156f1e16c,aj_xml_sitemap,https://www.aljazeera.com/sitemaps/article-archive/2025/06.xml
Al Jazeera,aljazeera.com,https://www.aljazeera.com/news/2025/6/15/bombardment-strikes-deaths-in-third-day-of-fierce-israel-iran-conflict,2025-06-15T22:54:03Z,2026-02-19T09:34:12+00:00,07dbd25eac64,aj_xml_sitemap,https://www.aljazeera.com/sitemaps/article-archive/2025/06.xml
Al Jazeera,aljazeera.com,https://www.aljazeera.com/news/2025/6/15/what-is-irans-irgc-and-who-has-israel-killed,2025-06-15T13:50:44Z,2026-02-19T09:34:12+00:00,95649a31ec09,aj_xml_sitemap,https://www.aljazeera.com/sitemaps/article-archive/2025/06.xml
Al Jazeera,aljazeera.com,https://www.aljazeera.com/news/2025/6/15/israel-kills-23-palestinians-in-gaza-half-of-them-while-trying-to-get-aid,2025-06-15T16:48:14Z,2026-02-19T09:34:12+00:00,7d48306b4f98,aj_xml_sitemap,https://www.aljazeera.com/sitemaps/article-archive/2025/06.xml
Al Jazeera,aljazeera.com,https://www.aljazeera.com/news/2025/6/15/which-iranian-oil-and-gas-fields-has-israel-hit-and-why-do-they-matter,2025-06-15T12:17:58Z,2026-02-19T09:34:12+00:00,d22d7fc0368b,aj_xml_sitemap,https://www.aljazeera.com/sitemaps/article-archive/2025/06.xml
Al Jazeera,aljazeera.com,https://www.aljazeera.com/news/2025/6/15/solid-evidence-iran-says-us-bears-responsibility-for-israels-aggression,2025-06-15T12:35:11Z,2026-02-19T09:34:12+00:00,d37784776924,aj_xml_sitemap,https://www.aljazeera.com/sitemaps/article-archive/2025/06.xml
Al Jazeera,aljazeera.com,https://www.aljazeera.com/news/2025/6/14/iranian-state-media-says-new-missile-drone-attack-launched-against-israel,2025-06-15T08:53:03Z,2026-02-19T09:34:12+00:00,6119690dc27c,aj_xml_sitemap,https://www.aljazeera.com/sitemaps/article-archive/2025/06.xml
Al Jazeera,aljazeera.com,https://www.aljazeera.com/news/2025/6/14/world-leaders-weigh-in-on-alarming-israel-iran-conflict,2025-06-15T08:52:05Z,2026-02-19T09:34:12+00:00,c2593409daad,aj_xml_sitemap,https://www.aljazeera.com/sitemaps/article-archive/2025/06.xml
Al Jazeera,aljazeera.com,https://www.aljazeera.com/news/2025/6/14/what-is-the-strait-of-hormuz-could-it-factor-into-israel-iran-conflict,2025-06-16T07:57:23Z,2026-02-19T09:34:12+00:00,2d5033546fc0,aj_xml_sitemap,https://www.aljazeera.com/sitemaps/article-archive/2025/06.xml
Al Jazeera,aljazeera.com,https://www.aljazeera.com/news/2025/6/14/israel-kills-at-least-58-people-in-gaza-many-at-us-backed-aid-site-medics,2025-06-14T20:50:53Z,2026-02-19T09:34:12+00:00,764883f28b52,aj_xml_sitemap,https://www.aljazeera.com/sitemaps/article-archive/2025/06.xml
Al Jazeera,aljazeera.com,https://www.aljazeera.com/news/2025/6/14/iran-israel-trade-missiles-blasts-air-raid-sirens-rock-tehran-tel-aviv,2025-06-15T10:00:17Z,2026-02-19T09:34:12+00:00,38941b164f70,aj_xml_sitemap,https://www.aljazeera.com/sitemaps/article-archive/2025/06.xml
Al Jazeera,aljazeera.com,https://www.aljazeera.com/news/2025/6/14/drop-israel-how-military-escalation-with-iran-divides-trumps,2025-06-15T10:02:30Z,2026-02-19T09:34:12+00:00,b0c153698962,aj_xml_sitemap,https://www.aljazeera.com/sitemaps/article-archive/2025/06.xml
Al Jazeera,aljazeera.com,https://www.aljazeera.com/news/2025/6/13/un-officials-urge-israel-iran-to-show-restraint-at-emergency-meeting,2025-06-15T10:03:19Z,2026-02-19T09:34:12+00:00,8eabcbd63399,aj_xml_sitemap,https://www.aljazeera.com/sitemaps/article-archive/2025/06.xml
Al Jazeera,aljazeera.com,https://www.aljazeera.com/news/2025/6/13/iran-to-double-down-on-nuclear-programme-after-israeli-strikes-analysts,2025-06-15T10:05:02Z,2026-02-19T09:34:12+00:00,444e6ae8b255,aj_xml_sitemap,https://www.aljazeera.com/sitemaps/article-archive/2025/06.xml
Al Jazeera,aljazeera.com,https://www.aljazeera.com/news/2025/6/13/who-is-hossein-salami-iran-israel,2025-06-15T10:05:50Z,2026-02-19T09:34:12+00:00,4f60b9efc833,aj_xml_sitemap,https://www.aljazeera.com/sitemaps/article-archive/2025/06.xml
Al Jazeera,aljazeera.com,https://www.aljazeera.com/news/2025/6/13/hundreds-of-missiles-launched-at-israel-as-iran-vows-retaliation,2025-06-15T10:06:51Z,2026-02-19T09:34:12+00:00,7ae08eadc6aa,aj_xml_sitemap,https://www.aljazeera.com/sitemaps/article-archive/2025/06.xml
Al Jazeera,aljazeera.com,https://www.aljazeera.com/news/2025/6/13/egypt-libya-stop-activists-gathering-for-march-to-gaza-organisers-say,2025-06-13T20:03:33Z,2026-02-19T09:34:12+00:00,79456b57ff32,aj_xml_sitemap,https://www.aljazeera.com/sitemaps/article-archive/2025/06.xml
Al Jazeera,aljazeera.com,https://www.aljazeera.com/news/2025/6/13/what-is-behind-israels-decision-to-attack-iran,2025-06-15T10:07:50Z,2026-02-19T09:34:12+00:00,6aed077bcf4e,aj_xml_sitemap,https://www.aljazeera.com/sitemaps/article-archive/2025/06.xml
Al Jazeera,aljazeera.com,https://www.aljazeera.com/news/2025/6/13/united-nations-slams-us-and-israel-backed-gaza-aid-group-as-a-failure,2025-06-13T17:00:14Z,2026-02-19T09:34:12+00:00,c9ba71b87ba6,aj_xml_sitemap,https://www.aljazeera.com/sitemaps/article-archive/2025/06.xml
Al Jazeera,aljazeera.com,https://www.aljazeera.com/news/2025/6/13/shock-fear-in-tehran-after-israel-bombs-residential-military-areas,2025-06-15T10:08:53Z,2026-02-19T09:34:12+00:00,9be0896b50ab,aj_xml_sitemap,https://www.aljazeera.com/sitemaps/article-archive/2025/06.xml
Al Jazeera,aljazeera.com,https://www.aljazeera.com/news/2025/6/13/israel-kills-nuclear-scientists-strikes-sites-in-iran-who-did-it-target,2025-06-15T10:09:56Z,2026-02-19T09:34:12+00:00,2b64dc6ebb86,aj_xml_sitemap,https://www.aljazeera.com/sitemaps/article-archive/2025/06.xml
Al Jazeera,aljazeera.com,https://www.aljazeera.com/news/2025/6/13/trump-urges-iran-to-make-a-deal-as-tehran-vows-response-to-israel-attacks,2025-06-15T10:15:39Z,2026-02-19T09:34:12+00:00,d5ee78189874,aj_xml_sitemap,https://www.aljazeera.com/sitemaps/article-archive/2025/06.xml
Al Jazeera,aljazeera.com,https://www.aljazeera.com/news/2025/6/13/which-airlines-paused-or-cancelled-flights-after-israels-attack-on-iran,2025-06-15T10:16:35Z,2026-02-19T09:34:12+00:00,526505c1bc06,aj_xml_sitemap,https://www.aljazeera.com/sitemaps/article-archive/2025/06.xml
Al Jazeera,aljazeera.com,https://www.aljazeera.com/news/2025/6/13/how-us-politicians-responded-to-israels-attacks-on-iran,2025-06-15T10:18:18Z,2026-02-19T09:34:12+00:00,d5df69b62109,aj_xml_sitemap,https://www.aljazeera.com/sitemaps/article-archive/2025/06.xml
Al Jazeera,aljazeera.com,https://www.aljazeera.com/news/2025/6/13/how-the-world-is-reacting-to-israel-attacks-on-iran-nuclear-military-sites,2025-06-15T10:20:38Z,2026-02-19T09:34:12+00:00,910bf357e43b,aj_xml_sitemap,https://www.aljazeera.com/sitemaps/article-archive/2025/06.xml
Al Jazeera,aljazeera.com,https://www.aljazeera.com/news/2025/6/13/israel-attacksiran-what-we-know-so-far,2025-06-15T23:06:43Z,2026-02-19T09:34:12+00:00,149e2ecc8a2b,aj_xml_sitemap,https://www.aljazeera.com/sitemaps/article-archive/2025/06.xml
Al Jazeera,aljazeera.com,https://www.aljazeera.com/news/2025/6/12/explainer-how-is-israel-treating-the-eight-flotilla-activists,2025-06-12T21:33:25Z,2026-02-19T09:34:12+00:00,0e03baa45f64,aj_xml_sitemap,https://www.aljazeera.com/sitemaps/article-archive/2025/06.xml
Al Jazeera,aljazeera.com,https://www.aljazeera.com/news/2025/6/12/trump-warns-of-chance-of-massive-conflict-amid-israel-iran-tensions,2025-06-16T07:26:30Z,2026-02-19T09:34:12+00:00,4153d9f2ac19,aj_xml_sitemap,https://www.aljazeera.com/sitemaps/article-archive/2025/06.xml
Al Jazeera,aljazeera.com,https://www.aljazeera.com/news/2025/6/12/analysis-is-israel-planning-to-strike-iran-or-is-it-bluffing,2025-06-12T20:53:10Z,2026-02-19T09:34:12+00:00,9af8e3acda26,aj_xml_sitemap,https://www.aljazeera.com/sitemaps/article-archive/2025/06.xml
Al Jazeera,aljazeera.com,https://www.aljazeera.com/news/2025/6/12/israel-deports-six-from-gaza-bound-aid-boat-madleen-two-more-in-custody,2025-06-12T19:59:38Z,2026-02-19T09:34:12+00:00,33ed3e52852b,aj_xml_sitemap,https://www.aljazeera.com/sitemaps/article-archive/2025/06.xml
Al Jazeera,aljazeera.com,https://www.aljazeera.com/news/2025/6/12/overnight-israeli-raid-in-southern-syria-village-kills-one-person,2025-06-12T18:22:16Z,2026-02-19T09:34:12+00:00,408ea63ed754,aj_xml_sitemap,https://www.aljazeera.com/sitemaps/article-archive/2025/06.xml
Al Jazeera,aljazeera.com,https://www.aljazeera.com/news/2025/6/12/iran-doubles-down-as-us-signals-israel-could-strike-during-nuclear-talks,2025-06-16T07:26:55Z,2026-02-19T09:34:12+00:00,df686f0dd927,aj_xml_sitemap,https://www.aljazeera.com/sitemaps/article-archive/2025/06.xml
Al Jazeera,aljazeera.com,https://www.aljazeera.com/news/2025/6/12/egypt-deports-dozens-of-activists-before-planned-march-to-gaza-border,2025-06-12T15:08:08Z,2026-02-19T09:34:12+00:00,fcec03cfe127,aj_xml_sitemap,https://www.aljazeera.com/sitemaps/article-archive/2025/06.xml
Al Jazeera,aljazeera.com,https://www.aljazeera.com/news/2025/6/12/israeli-strikes-kill-at-least-42-across-gaza-as-un-eyes-ceasefire-vote,2025-06-12T22:31:02Z,2026-02-19T09:34:12+00:00,31d0c9e21c4e,aj_xml_sitemap,https://www.aljazeera.com/sitemaps/article-archive/2025/06.xml
Al Jazeera,aljazeera.com,https://www.aljazeera.com/news/2025/6/12/boy-who-lost-nine-siblings-in-israeli-attack-arrives-in-italy-for-treatment,2025-06-12T10:43:03Z,2026-02-19T09:34:12+00:00,245ab97ff782,aj_xml_sitemap,https://www.aljazeera.com/sitemaps/article-archive/2025/06.xml
Al Jazeera,aljazeera.com,https://www.aljazeera.com/news/2025/6/12/israels-netanyahu-survives-opposition-bid-to-dissolve-parliament,2025-06-12T07:45:38Z,2026-02-19T09:34:12+00:00,e273357cf95a,aj_xml_sitemap,https://www.aljazeera.com/sitemaps/article-archive/2025/06.xml
Al Jazeera,aljazeera.com,https://www.aljazeera.com/news/2025/6/12/milei-says-argentina-to-move-embassy-from-tel-aviv-to-jerusalem-in-2026,2025-06-12T06:49:08Z,2026-02-19T09:34:12+00:00,fa58604cf0ce,aj_xml_sitemap,https://www.aljazeera.com/sitemaps/article-archive/2025/06.xml
Al Jazeera,aljazeera.com,https://www.aljazeera.com/news/2025/6/12/us-backed-gaza-humanitarian-foundation-says-5-aid-workers-killed-by-hamas,2025-06-12T14:53:40Z,2026-02-19T09:34:12+00:00,63776451d438,aj_xml_sitemap,https://www.aljazeera.com/sitemaps/article-archive/2025/06.xml
Al Jazeera,aljazeera.com,https://www.aljazeera.com/news/2025/6/11/unarmed-palestinian-brothers-killed-in-israeli-raid-on-west-banks-nablus,2025-06-12T07:10:54Z,2026-02-19T09:34:12+00:00,bb85c1d023f8,aj_xml_sitemap,https://www.aljazeera.com/sitemaps/article-archive/2025/06.xml
Al Jazeera,aljazeera.com,https://www.aljazeera.com/news/2025/6/11/israeli-gunfire-strikes-kill-120-palestinians-in-gaza-many-at-aid-sites,2025-06-11T20:53:00Z,2026-02-19T09:34:12+00:00,12b5d83905a2,aj_xml_sitemap,https://www.aljazeera.com/sitemaps/article-archive/2025/06.xml
Al Jazeera,aljazeera.com,https://www.aljazeera.com/news/2025/6/11/is-time-up-for-israel-benjamin-netanyahu,2025-06-11T14:56:09Z,2026-02-19T09:34:12+00:00,30c03c2906f1,aj_xml_sitemap,https://www.aljazeera.com/sitemaps/article-archive/2025/06.xml
Al Jazeera,aljazeera.com,https://www.aljazeera.com/news/2025/6/11/israels-smotrich-could-collapse-palestinian-economy-by-ending-bank-waiver,2025-06-11T07:46:18Z,2026-02-19T09:34:12+00:00,4c0090ed06d9,aj_xml_sitemap,https://www.aljazeera.com/sitemaps/article-archive/2025/06.xml
Al Jazeera,aljazeera.com,https://www.aljazeera.com/news/2025/6/10/explainer-what-is-the-global-march-for-gaza-all-about,2025-06-11T10:28:36Z,2026-02-19T09:34:12+00:00,b99da78b99d4,aj_xml_sitemap,https://www.aljazeera.com/sitemaps/article-archive/2025/06.xml
Al Jazeera,aljazeera.com,https://www.aljazeera.com/news/2025/6/10/israel-kills-more-than-70-palestinians-in-relentless-attacks-across-gaza,2025-06-10T21:26:10Z,2026-02-19T09:34:12+00:00,148aa6df9aa4,aj_xml_sitemap,https://www.aljazeera.com/sitemaps/article-archive/2025/06.xml
Al Jazeera,aljazeera.com,https://www.aljazeera.com/news/2025/6/10/iran-warns-against-iaea-pressure-israel-attack-as-more-us-talks-loom,2025-06-10T23:38:51Z,2026-02-19T09:34:12+00:00,138075768d7b,aj_xml_sitemap,https://www.aljazeera.com/sitemaps/article-archive/2025/06.xml
Al Jazeera,aljazeera.com,https://www.aljazeera.com/news/2025/6/10/uk-and-allies-will-sanction-far-right-israeli-ministers-ben-gvir-smotrich,2025-06-11T00:53:14Z,2026-02-19T09:34:12+00:00,c7c7ece7f2e3,aj_xml_sitemap,https://www.aljazeera.com/sitemaps/article-archive/2025/06.xml
Al Jazeera,aljazeera.com,https://www.aljazeera.com/news/2025/6/10/woman-who-inspired-gaza-flotilla-says-message-of-humanity-reached-world,2025-06-10T12:35:19Z,2026-02-19T09:34:12+00:00,a2cc8dc5fdc7,aj_xml_sitemap,https://www.aljazeera.com/sitemaps/article-archive/2025/06.xml
Al Jazeera,aljazeera.com,https://www.aljazeera.com/news/2025/6/10/israel-guilty-of-extermination-in-attacks-on-schools-mosques-un,2025-06-10T12:20:52Z,2026-02-19T09:34:12+00:00,3932f30b3046,aj_xml_sitemap,https://www.aljazeera.com/sitemaps/article-archive/2025/06.xml
Al Jazeera,aljazeera.com,https://www.aljazeera.com/news/2025/6/10/israel-launches-deportation-of-gaza-bound-madleen-activists,2025-06-10T21:28:12Z,2026-02-19T09:34:12+00:00,ea5355662070,aj_xml_sitemap,https://www.aljazeera.com/sitemaps/article-archive/2025/06.xml
Al Jazeera,aljazeera.com,https://www.aljazeera.com/news/2025/6/10/israel-strikes-yemens-hodeidah-port-threatens-blockade,2025-06-10T08:56:26Z,2026-02-19T09:34:12+00:00,6fc1346163b9,aj_xml_sitemap,https://www.aljazeera.com/sitemaps/article-archive/2025/06.xml
Al Jazeera,aljazeera.com,https://www.aljazeera.com/news/2025/6/9/seized-gaza-aid-boat-madleen-carrying-greta-thunberg-taken-to-israel,2025-06-09T22:06:10Z,2026-02-19T09:34:12+00:00,c7d6eb21775b,aj_xml_sitemap,https://www.aljazeera.com/sitemaps/article-archive/2025/06.xml
Al Jazeera,aljazeera.com,https://www.aljazeera.com/news/2025/6/9/israeli-attack-could-drive-iran-to-seek-nuclear-weapons-warns-iaea-chief,2025-06-09T21:38:37Z,2026-02-19T09:34:12+00:00,4e24e471d150,aj_xml_sitemap,https://www.aljazeera.com/sitemaps/article-archive/2025/06.xml
Al Jazeera,aljazeera.com,https://www.aljazeera.com/news/2025/6/9/italy-cuts-ties-with-israeli-spyware-firm-paragon-amid-surveillance-scandal,2025-06-10T06:17:33Z,2026-02-19T09:34:12+00:00,d150d0de0bc1,aj_xml_sitemap,https://www.aljazeera.com/sitemaps/article-archive/2025/06.xml
Al Jazeera,aljazeera.com,https://www.aljazeera.com/news/2025/6/9/freedom-flotillas-a-history-of-attempts-to-break-israels-siege-of-gaza,2025-06-10T07:00:06Z,2026-02-19T09:34:12+00:00,e256a781e9f1,aj_xml_sitemap,https://www.aljazeera.com/sitemaps/article-archive/2025/06.xml
Al Jazeera,aljazeera.com,https://www.aljazeera.com/news/2025/6/9/piracy-world-reacts-to-israels-seizure-of-gaza-bound-aid-vessel-madleen,2025-06-10T04:59:24Z,2026-02-19T09:34:12+00:00,fcc55d1d6214,aj_xml_sitemap,https://www.aljazeera.com/sitemaps/article-archive/2025/06.xml
Al Jazeera,aljazeera.com,https://www.aljazeera.com/news/2025/6/9/british-surgeon-israeli-bombing-far-more-direct-hits-on-people-in-gaza,2025-06-09T11:08:48Z,2026-02-19T09:34:12+00:00,7ed3b79b42d7,aj_xml_sitemap,https://www.aljazeera.com/sitemaps/article-archive/2025/06.xml
Al Jazeera,aljazeera.com,https://www.aljazeera.com/news/2025/6/9/gaza-health-system-extremely-fragile-as-aid-point-killings-increase-icrc,2025-06-09T14:33:30Z,2026-02-19T09:34:12+00:00,8ce2f516651d,aj_xml_sitemap,https://www.aljazeera.com/sitemaps/article-archive/2025/06.xml
Al Jazeera,aljazeera.com,https://www.aljazeera.com/news/2025/6/8/israel-strikes-syria-again-claims-to-have-killed-alleged-hamas-member,2025-06-08T21:48:34Z,2026-02-19T09:34:12+00:00,9783ca4aa2fc,aj_xml_sitemap,https://www.aljazeera.com/sitemaps/article-archive/2025/06.xml
Al Jazeera,aljazeera.com,https://www.aljazeera.com/news/2025/6/8/gaza-aid-sites-branded-human-slaughterhouses-under-deadly-israeli-fire,2025-06-09T06:33:00Z,2026-02-19T09:34:12+00:00,6064bf2e5a49,aj_xml_sitemap,https://www.aljazeera.com/sitemaps/article-archive/2025/06.xml
Al Jazeera,aljazeera.com,https://www.aljazeera.com/news/2025/6/8/iran-says-israeli-treasure-trove-of-secret-documents-to-be-unveiled-soon,2025-06-08T15:56:35Z,2026-02-19T09:34:12+00:00,738320d0d855,aj_xml_sitemap,https://www.aljazeera.com/sitemaps/article-archive/2025/06.xml
Al Jazeera,aljazeera.com,https://www.aljazeera.com/news/2025/6/8/clearly-an-excuse-does-netanyahu-really-want-hamas-gone,2025-06-08T04:51:17Z,2026-02-19T09:34:12+00:00,71709230d9b2,aj_xml_sitemap,https://www.aljazeera.com/sitemaps/article-archive/2025/06.xml
Al Jazeera,aljazeera.com,https://www.aljazeera.com/news/2025/6/7/israel-kills-over-70-in-gaza-including-16-in-bombing-of-family-building,2025-06-08T03:56:09Z,2026-02-19T09:34:12+00:00,c3ab226a9f88,aj_xml_sitemap,https://www.aljazeera.com/sitemaps/article-archive/2025/06.xml
Al Jazeera,aljazeera.com,https://www.aljazeera.com/news/2025/6/7/israelis-demand-return-of-captives-pro-palestine-rallies-held-in-europe,2025-06-07T21:47:30Z,2026-02-19T09:34:12+00:00,442f9136c825,aj_xml_sitemap,https://www.aljazeera.com/sitemaps/article-archive/2025/06.xml
Al Jazeera,aljazeera.com,https://www.aljazeera.com/news/2025/6/7/yemens-al-qaeda-leader-threatens-trump-musk-over-israels-war-on-gaza,2025-06-07T16:57:23Z,2026-02-19T09:34:12+00:00,102ecf238598,aj_xml_sitemap,https://www.aljazeera.com/sitemaps/article-archive/2025/06.xml
Al Jazeera,aljazeera.com,https://www.aljazeera.com/news/2025/6/7/israeli-attacks-on-gaza-kill-34-people-including-several-near-aid-site,2025-06-07T18:28:53Z,2026-02-19T09:34:12+00:00,47f44093345d,aj_xml_sitemap,https://www.aljazeera.com/sitemaps/article-archive/2025/06.xml
Al Jazeera,aljazeera.com,https://www.aljazeera.com/news/2025/6/7/israel-warns-of-more-attacks-on-lebanon-if-hezbollah-not-disarmed,2025-06-07T02:50:26Z,2026-02-19T09:34:12+00:00,3d51e7abc47e,aj_xml_sitemap,https://www.aljazeera.com/sitemaps/article-archive/2025/06.xml
Al Jazeera,aljazeera.com,https://www.aljazeera.com/news/2025/6/6/us-backed-ghf-says-gaza-aid-sites-remain-shut-as-israeli-attacks-kill-22,2025-06-07T03:04:55Z,2026-02-19T09:34:12+00:00,b228df8533a5,aj_xml_sitemap,https://www.aljazeera.com/sitemaps/article-archive/2025/06.xml
Al Jazeera,aljazeera.com,https://www.aljazeera.com/news/2025/6/6/un-warns-of-surge-in-acute-malnutrition-among-gazas-young-children,2025-06-06T04:46:51Z,2026-02-19T09:34:12+00:00,a7e1af784ca7,aj_xml_sitemap,https://www.aljazeera.com/sitemaps/article-archive/2025/06.xml
Al Jazeera,aljazeera.com,https://www.aljazeera.com/news/2025/6/5/netanyahu-admits-israel-backed-armed-rivals-of-hamas-in-gaza,2025-06-05T21:50:58Z,2026-02-19T09:34:12+00:00,21b6c715ff61,aj_xml_sitemap,https://www.aljazeera.com/sitemaps/article-archive/2025/06.xml
Al Jazeera,aljazeera.com,https://www.aljazeera.com/news/2025/6/5/a-ship-called-madleen-gazas-first-fisherwoman-inspires-solidarity-mission,2025-06-05T19:40:10Z,2026-02-19T09:34:12+00:00,6fc0a342fc9b,aj_xml_sitemap,https://www.aljazeera.com/sitemaps/article-archive/2025/06.xml
Al Jazeera,aljazeera.com,https://www.aljazeera.com/news/2025/6/5/israel-launches-several-attacks-on-beiruts-southern-suburbs,2025-06-06T10:53:51Z,2026-02-19T09:34:12+00:00,4e48babb59cf,aj_xml_sitemap,https://www.aljazeera.com/sitemaps/article-archive/2025/06.xml
Al Jazeera,aljazeera.com,https://www.aljazeera.com/news/2025/6/5/premeditated-genocide-brazils-lula-slams-israel-over-gaza,2025-06-05T16:46:22Z,2026-02-19T09:34:12+00:00,6bda9a72cbaa,aj_xml_sitemap,https://www.aljazeera.com/sitemaps/article-archive/2025/06.xml
Al Jazeera,aljazeera.com,https://www.aljazeera.com/news/2025/6/5/pattern-of-defiance-israel-expands-settlements-in-face-of-western-pressure,2025-06-05T16:10:50Z,2026-02-19T09:34:12+00:00,1519c43bbaab,aj_xml_sitemap,https://www.aljazeera.com/sitemaps/article-archive/2025/06.xml
Al Jazeera,aljazeera.com,https://www.aljazeera.com/news/2025/6/5/netherlands-still-backs-israeli-f-35-supply-chain-of-death-report,2025-06-05T13:18:48Z,2026-02-19T09:34:12+00:00,bd9edb9c9558,aj_xml_sitemap,https://www.aljazeera.com/sitemaps/article-archive/2025/06.xml
Al Jazeera,aljazeera.com,https://www.aljazeera.com/news/2025/6/5/us-backed-ghf-group-extends-closure-of-gaza-aid-sites-for-second-day,2025-06-05T17:34:41Z,2026-02-19T09:34:12+00:00,70acac9384cd,aj_xml_sitemap,https://www.aljazeera.com/sitemaps/article-archive/2025/06.xml
Al Jazeera,aljazeera.com,https://www.aljazeera.com/news/2025/6/4/us-judge-halts-deportation-of-family-of-suspect-in-pro-israel-rally-attack,2025-06-04T23:45:50Z,2026-02-19T09:34:12+00:00,84b4e9a318a8,aj_xml_sitemap,https://www.aljazeera.com/sitemaps/article-archive/2025/06.xml
Al Jazeera,aljazeera.com,https://www.aljazeera.com/news/2025/6/4/us-vetoes-unsc-ceasefire-resolution-as-death-starvation-consume-gaza,2025-06-05T06:23:56Z,2026-02-19T09:34:12+00:00,f69e056a354c,aj_xml_sitemap,https://www.aljazeera.com/sitemaps/article-archive/2025/06.xml
Al Jazeera,aljazeera.com,https://www.aljazeera.com/news/2025/6/4/pro-palestine-protesters-in-uk-call-for-israel-arms-embargo-sanctions,2025-06-04T15:05:12Z,2026-02-19T09:34:12+00:00,b23a94b5a789,aj_xml_sitemap,https://www.aljazeera.com/sitemaps/article-archive/2025/06.xml
Al Jazeera,aljazeera.com,https://www.aljazeera.com/news/2025/6/4/mapping-israels-expanding-air-attacks-across-syria,2025-06-04T14:40:46Z,2026-02-19T09:34:12+00:00,6c5626a08eea,aj_xml_sitemap,https://www.aljazeera.com/sitemaps/article-archive/2025/06.xml
Al Jazeera,aljazeera.com,https://www.aljazeera.com/news/2025/6/4/hunger-and-bullets-palestinians-recall-rafah-aid-massacre-horror,2025-06-04T06:33:07Z,2026-02-19T09:34:12+00:00,56dc4612fe00,aj_xml_sitemap,https://www.aljazeera.com/sitemaps/article-archive/2025/06.xml
Al Jazeera,aljazeera.com,https://www.aljazeera.com/news/2025/6/4/us-backed-ghf-suspends-gaza-aid-for-full-day-names-new-evangelical-leader,2025-06-04T06:29:07Z,2026-02-19T09:34:12+00:00,e524a3f82f36,aj_xml_sitemap,https://www.aljazeera.com/sitemaps/article-archive/2025/06.xml
Al Jazeera,aljazeera.com,https://www.aljazeera.com/news/2025/6/3/syria-says-israeli-attack-on-deraa-causes-significant-losses,2025-06-03T23:04:38Z,2026-02-19T09:34:12+00:00,457191d302ed,aj_xml_sitemap,https://www.aljazeera.com/sitemaps/article-archive/2025/06.xml
Al Jazeera,aljazeera.com,https://www.aljazeera.com/news/2025/6/3/whos-onboard-the-madleen-gaza-flotilla-and-where-has-it-reached-so-far,2025-06-05T20:11:44Z,2026-02-19T09:34:12+00:00,7542aa800b64,aj_xml_sitemap,https://www.aljazeera.com/sitemaps/article-archive/2025/06.xml
Al Jazeera,aljazeera.com,https://www.aljazeera.com/news/2025/6/3/former-us-official-without-a-doubt-over-israels-gaza-war-crimes,2025-06-03T21:01:33Z,2026-02-19T09:34:12+00:00,f9037ec6af70,aj_xml_sitemap,https://www.aljazeera.com/sitemaps/article-archive/2025/06.xml
Al Jazeera,aljazeera.com,https://www.aljazeera.com/news/2025/6/3/israeli-fire-kills-at-least-27-aid-seekers-in-gaza-health-ministry,2025-06-04T06:20:32Z,2026-02-19T09:34:12+00:00,57cbc4aa42aa,aj_xml_sitemap,https://www.aljazeera.com/sitemaps/article-archive/2025/06.xml
Al Jazeera,aljazeera.com,https://www.aljazeera.com/news/2025/6/3/russia-ukraine-direct-talks-no-ceasefire-but-what-did-they-agree-to,2025-06-03T09:03:17Z,2026-02-19T09:34:12+00:00,5058a636f0af,aj_xml_sitemap,https://www.aljazeera.com/sitemaps/article-archive/2025/06.xml
Al Jazeera,aljazeera.com,https://www.aljazeera.com/news/2025/6/2/israeli-forces-kill-more-people-near-aid-site-in-gaza-as-un-demands-probe,2025-06-03T06:35:47Z,2026-02-19T09:34:12+00:00,b2d0b754818a,aj_xml_sitemap,https://www.aljazeera.com/sitemaps/article-archive/2025/06.xml
Al Jazeera,aljazeera.com,https://www.aljazeera.com/news/2025/6/1/aid-ship-aiming-to-break-israels-siege-of-gaza-sets-sail-from-italy,2025-06-02T09:29:07Z,2026-02-19T09:34:12+00:00,a7999b7bc202,aj_xml_sitemap,https://www.aljazeera.com/sitemaps/article-archive/2025/06.xml
Al Jazeera,aljazeera.com,https://www.aljazeera.com/news/2025/6/1/saudi-arabia-calls-israel-barring-arab-ministers-west-bank-trip-extremism,2025-06-01T14:12:31Z,2026-02-19T09:34:12+00:00,83333cb1e488,aj_xml_sitemap,https://www.aljazeera.com/sitemaps/article-archive/2025/06.xml
Al Jazeera,aljazeera.com,https://www.aljazeera.com/news/2025/6/1/israel-kills-32-palestinians-waiting-for-food-at-us-backed-gaza-aid-sites,2025-06-02T02:09:18Z,2026-02-19T09:34:12+00:00,038f47f09256,aj_xml_sitemap,https://www.aljazeera.com/sitemaps/article-archive/2025/06.xml
Al Jazeera,aljazeera.com,https://www.aljazeera.com/news/2025/5/31/hamas-says-ceasefire-proposal-offers-no-guarantees-end-war,2025-05-31T23:06:30Z,2026-02-19T09:34:13+00:00,255be8a14a4c,aj_xml_sitemap,https://www.aljazeera.com/sitemaps/article-archive/2025/05.xml
Al Jazeera,aljazeera.com,https://www.aljazeera.com/news/2025/5/31/israel-blocks-planned-occupied-west-bank-visit-by-arab-foreign-ministers,2025-05-31T14:25:10Z,2026-02-19T09:34:13+00:00,9ed60d17c498,aj_xml_sitemap,https://www.aljazeera.com/sitemaps/article-archive/2025/05.xml
Al Jazeera,aljazeera.com,https://www.aljazeera.com/news/2025/5/31/gaza-hungriest-place-on-earth-all-its-people-at-risk-of-famine-un-warns,2025-05-31T09:32:21Z,2026-02-19T09:34:13+00:00,60fc1173587b,aj_xml_sitemap,https://www.aljazeera.com/sitemaps/article-archive/2025/05.xml
Al Jazeera,aljazeera.com,https://www.aljazeera.com/news/2025/5/31/divided-israel-faces-internal-unrest-escalating-gaza-conflict,2025-05-31T07:00:12Z,2026-02-19T09:34:13+00:00,e6efadad69c4,aj_xml_sitemap,https://www.aljazeera.com/sitemaps/article-archive/2025/05.xml
Al Jazeera,aljazeera.com,https://www.aljazeera.com/news/2025/5/31/what-is-project-esther-the-playbook-against-pro-palestine-movement-in-us,2025-05-31T00:00:51Z,2026-02-19T09:34:13+00:00,d0acc4fab862,aj_xml_sitemap,https://www.aljazeera.com/sitemaps/article-archive/2025/05.xml
Al Jazeera,aljazeera.com,https://www.aljazeera.com/news/2025/5/30/israel-attacks-western-syria-despite-recent-indirect-talks-to-calm-tensions,2025-05-30T22:32:32Z,2026-02-19T09:34:13+00:00,c1505450d437,aj_xml_sitemap,https://www.aljazeera.com/sitemaps/article-archive/2025/05.xml
Al Jazeera,aljazeera.com,https://www.aljazeera.com/news/2025/5/30/un-says-famine-stalks-all-in-gaza-israel-shoots-wounds-aid-seekers,2025-05-31T03:10:11Z,2026-02-19T09:34:13+00:00,d780b42bb00d,aj_xml_sitemap,https://www.aljazeera.com/sitemaps/article-archive/2025/05.xml
Al Jazeera,aljazeera.com,https://www.aljazeera.com/news/2025/5/30/macron-threatens-sanctions-on-israelis-over-gaza-aid-crisis,2025-05-30T16:49:34Z,2026-02-19T09:34:13+00:00,59d0b337bb76,aj_xml_sitemap,https://www.aljazeera.com/sitemaps/article-archive/2025/05.xml
Al Jazeera,aljazeera.com,https://www.aljazeera.com/news/2025/5/30/climate-activist-greta-thunberg-to-join-aid-ship-effort-to-break-gaza-siege,2025-05-30T03:40:34Z,2026-02-19T09:34:13+00:00,39a999b59a74,aj_xml_sitemap,https://www.aljazeera.com/sitemaps/article-archive/2025/05.xml
Al Jazeera,aljazeera.com,https://www.aljazeera.com/news/2025/5/30/hamas-says-us-ceasefire-proposal-means-continuation-of-killing-in-gaza,2025-05-30T05:29:22Z,2026-02-19T09:34:13+00:00,74dec5874e6b,aj_xml_sitemap,https://www.aljazeera.com/sitemaps/article-archive/2025/05.xml
Al Jazeera,aljazeera.com,https://www.aljazeera.com/news/2025/5/29/israel-orders-closure-of-al-awda-hospital-a-lifeline-in-north-gaza,2025-05-30T01:26:30Z,2026-02-19T09:34:13+00:00,6cb21c3ae598,aj_xml_sitemap,https://www.aljazeera.com/sitemaps/article-archive/2025/05.xml
Al Jazeera,aljazeera.com,https://www.aljazeera.com/news/2025/5/29/israel-kills-municipal-worker-at-water-well-in-south-lebanon-mayor,2025-05-29T23:52:50Z,2026-02-19T09:34:13+00:00,604b1b86ddfb,aj_xml_sitemap,https://www.aljazeera.com/sitemaps/article-archive/2025/05.xml
Al Jazeera,aljazeera.com,https://www.aljazeera.com/news/2025/5/29/us-envoy-visits-damascus-says-syria-israel-conflict-solvable,2025-05-29T15:15:18Z,2026-02-19T09:34:13+00:00,ee0b0eb92ec6,aj_xml_sitemap,https://www.aljazeera.com/sitemaps/article-archive/2025/05.xml
Al Jazeera,aljazeera.com,https://www.aljazeera.com/news/2025/5/29/israel-announces-major-expansion-of-illegal-west-bank-settlements,2025-05-29T14:30:07Z,2026-02-19T09:34:13+00:00,df1a35d53811,aj_xml_sitemap,https://www.aljazeera.com/sitemaps/article-archive/2025/05.xml
Al Jazeera,aljazeera.com,https://www.aljazeera.com/news/2025/5/29/ukraine-submits-ceasefire-plan-but-russia-responds-with-escalation,2025-05-29T08:53:11Z,2026-02-19T09:34:13+00:00,c330ef508f06,aj_xml_sitemap,https://www.aljazeera.com/sitemaps/article-archive/2025/05.xml
Al Jazeera,aljazeera.com,https://www.aljazeera.com/news/2025/5/29/two-dead-after-crowds-rush-un-aid-warehouse-amid-gaza-hunger-crisis,2025-05-29T19:29:18Z,2026-02-19T09:34:13+00:00,ee7bc4b9ea88,aj_xml_sitemap,https://www.aljazeera.com/sitemaps/article-archive/2025/05.xml
Al Jazeera,aljazeera.com,https://www.aljazeera.com/news/2025/5/29/ceasefire-holds-as-india-pakistan-tensions-shift-to-diplomacy,2025-05-29T07:53:21Z,2026-02-19T09:34:13+00:00,369042f8b1af,aj_xml_sitemap,https://www.aljazeera.com/sitemaps/article-archive/2025/05.xml
Al Jazeera,aljazeera.com,https://www.aljazeera.com/news/2025/5/29/not-aid-but-humiliation-a-desperate-search-for-food-in-gaza,2025-05-29T20:06:15Z,2026-02-19T09:34:13+00:00,b4cf60b40b41,aj_xml_sitemap,https://www.aljazeera.com/sitemaps/article-archive/2025/05.xml
Al Jazeera,aljazeera.com,https://www.aljazeera.com/news/2025/5/28/heinous-crime-authorities-say-ten-aid-seekers-killed-in-gaza-in-forty-eight-hours,2025-05-28T21:50:51Z,2026-02-19T09:34:13+00:00,c26a7db25eea,aj_xml_sitemap,https://www.aljazeera.com/sitemaps/article-archive/2025/05.xml
Al Jazeera,aljazeera.com,https://www.aljazeera.com/news/2025/5/28/we-cant-say-we-didnt-know-israeli-academics-demand-end-to-war-on-gaza,2025-05-28T19:28:32Z,2026-02-19T09:34:13+00:00,a447169435ee,aj_xml_sitemap,https://www.aljazeera.com/sitemaps/article-archive/2025/05.xml
Al Jazeera,aljazeera.com,https://www.aljazeera.com/news/2025/5/28/us-backed-gaza-aid-model-distraction-from-atrocities-unrwa-chief-says,2025-06-09T14:34:24Z,2026-02-19T09:34:13+00:00,809f374b3f2a,aj_xml_sitemap,https://www.aljazeera.com/sitemaps/article-archive/2025/05.xml
Al Jazeera,aljazeera.com,https://www.aljazeera.com/news/2025/5/28/was-the-shooting-of-israeli-embassy-staff-at-jewish-museum-a-false-flag,2025-05-28T09:59:34Z,2026-02-19T09:34:13+00:00,ca229e33242a,aj_xml_sitemap,https://www.aljazeera.com/sitemaps/article-archive/2025/05.xml
Al Jazeera,aljazeera.com,https://www.aljazeera.com/news/2025/5/28/israel-launches-attack-on-yemens-sanaa-airport,2025-05-28T15:22:07Z,2026-02-19T09:34:13+00:00,2b0e35654922,aj_xml_sitemap,https://www.aljazeera.com/sitemaps/article-archive/2025/05.xml
Al Jazeera,aljazeera.com,https://www.aljazeera.com/news/2025/5/28/un-aid-groups-slam-us-israel-backed-initiative-after-deadly-rush-in-gaza,2025-05-28T04:02:27Z,2026-02-19T09:34:13+00:00,8720e636403f,aj_xml_sitemap,https://www.aljazeera.com/sitemaps/article-archive/2025/05.xml
Al Jazeera,aljazeera.com,https://www.aljazeera.com/news/2025/5/27/mapping-israels-military-campaign-in-the-occupied-west-bank,2025-05-28T16:35:28Z,2026-02-19T09:34:13+00:00,9d58b6677da2,aj_xml_sitemap,https://www.aljazeera.com/sitemaps/article-archive/2025/05.xml
Al Jazeera,aljazeera.com,https://www.aljazeera.com/news/2025/5/27/heartbreaking-chaos-in-gaza-as-starving-palestinians-seek-us-israeli-aid,2025-05-28T02:28:18Z,2026-02-19T09:34:13+00:00,06965347495b,aj_xml_sitemap,https://www.aljazeera.com/sitemaps/article-archive/2025/05.xml
Al Jazeera,aljazeera.com,https://www.aljazeera.com/news/2025/5/27/silhouetted-by-fire-6-year-old-girl-survives-israeli-attack-in-gaza,2025-05-27T19:54:37Z,2026-02-19T09:34:13+00:00,4e9c67324c24,aj_xml_sitemap,https://www.aljazeera.com/sitemaps/article-archive/2025/05.xml
Al Jazeera,aljazeera.com,https://www.aljazeera.com/news/2025/5/27/israeli-forces-raid-foreign-exchange-shops-in-occupied-west-bank-one-dead,2025-05-27T16:39:17Z,2026-02-19T09:34:13+00:00,cfe002616680,aj_xml_sitemap,https://www.aljazeera.com/sitemaps/article-archive/2025/05.xml
Al Jazeera,aljazeera.com,https://www.aljazeera.com/news/2025/5/27/how-has-israel-responded-to-claims-that-it-used-human-shields-in-gaza,2025-05-28T00:45:44Z,2026-02-19T09:34:13+00:00,8db2ee24b0e7,aj_xml_sitemap,https://www.aljazeera.com/sitemaps/article-archive/2025/05.xml
Al Jazeera,aljazeera.com,https://www.aljazeera.com/news/2025/5/27/us-backed-group-distributes-aid-in-gaza-amid-worsening-displacement,2025-05-27T14:12:46Z,2026-02-19T09:34:13+00:00,3734e2deb31f,aj_xml_sitemap,https://www.aljazeera.com/sitemaps/article-archive/2025/05.xml
Al Jazeera,aljazeera.com,https://www.aljazeera.com/news/2025/5/27/more-than-800-lawyers-judges-call-for-uk-sanctions-on-israel-over-gaza-war,2025-05-27T11:29:40Z,2026-02-19T09:34:13+00:00,3bfe645539d5,aj_xml_sitemap,https://www.aljazeera.com/sitemaps/article-archive/2025/05.xml
Al Jazeera,aljazeera.com,https://www.aljazeera.com/news/2025/5/27/hamas-agrees-to-a-gaza-ceasefire-sources-say-us-and-israel-dismiss-report,2025-05-27T05:48:31Z,2026-02-19T09:34:13+00:00,a6f034938263,aj_xml_sitemap,https://www.aljazeera.com/sitemaps/article-archive/2025/05.xml
Al Jazeera,aljazeera.com,https://www.aljazeera.com/news/2025/5/26/far-right-israelis-storm-al-aqsa-unrwa-compound-amid-jerusalem-day-march,2025-05-26T15:56:28Z,2026-02-19T09:34:13+00:00,af35badeae43,aj_xml_sitemap,https://www.aljazeera.com/sitemaps/article-archive/2025/05.xml
Al Jazeera,aljazeera.com,https://www.aljazeera.com/news/2025/5/26/more-than-95-percent-of-gazas-agricultural-land-unusable-un-warns,2025-05-26T14:12:10Z,2026-02-19T09:34:13+00:00,89c22133f907,aj_xml_sitemap,https://www.aljazeera.com/sitemaps/article-archive/2025/05.xml
Al Jazeera,aljazeera.com,https://www.aljazeera.com/news/2025/5/26/israel-kills-dozens-overnight-bombed-people-as-they-slept-in-school,2025-05-26T15:28:11Z,2026-02-19T09:34:13+00:00,1695e07d7208,aj_xml_sitemap,https://www.aljazeera.com/sitemaps/article-archive/2025/05.xml
Al Jazeera,aljazeera.com,https://www.aljazeera.com/news/2025/5/26/gaza-humanitarian-foundation-to-launch-aid-deliveries-despite-losing-chief,2025-05-26T08:44:11Z,2026-02-19T09:34:13+00:00,763d3d92f6d8,aj_xml_sitemap,https://www.aljazeera.com/sitemaps/article-archive/2025/05.xml
Al Jazeera,aljazeera.com,https://www.aljazeera.com/news/2025/5/25/spain-hosts-european-arab-nations-to-pressure-israel-to-halt-gaza-assault,2025-05-25T22:39:17Z,2026-02-19T09:34:13+00:00,f1f736ee6ac5,aj_xml_sitemap,https://www.aljazeera.com/sitemaps/article-archive/2025/05.xml
Al Jazeera,aljazeera.com,https://www.aljazeera.com/news/2025/5/25/gazas-youngest-influencer-among-11-children-killed-by-israel-in-two-days,2025-05-26T05:59:59Z,2026-02-19T09:34:13+00:00,7f6caf13f981,aj_xml_sitemap,https://www.aljazeera.com/sitemaps/article-archive/2025/05.xml
Al Jazeera,aljazeera.com,https://www.aljazeera.com/news/2025/5/25/malaysia-wants-myanmar-ceasefire-extended-amid-asean-ban-on-coup-leaders,2025-05-25T10:24:21Z,2026-02-19T09:34:13+00:00,4d9037a3baff,aj_xml_sitemap,https://www.aljazeera.com/sitemaps/article-archive/2025/05.xml
Al Jazeera,aljazeera.com,https://www.aljazeera.com/news/2025/5/24/families-of-israeli-captives-criticise-netanyahu-amid-large-protests,2025-05-24T21:53:08Z,2026-02-19T09:34:13+00:00,52e449952749,aj_xml_sitemap,https://www.aljazeera.com/sitemaps/article-archive/2025/05.xml
Al Jazeera,aljazeera.com,https://www.aljazeera.com/news/2025/5/24/outrage-horror-after-israeli-attack-kills-nine-children-of-gaza-doctor,2025-05-25T08:25:32Z,2026-02-19T09:34:13+00:00,6f6de0338b39,aj_xml_sitemap,https://www.aljazeera.com/sitemaps/article-archive/2025/05.xml
Al Jazeera,aljazeera.com,https://www.aljazeera.com/news/2025/5/24/un-chief-says-gaza-entering-cruellest-phase-of-war-as-palestinians-starve,2025-05-24T07:54:14Z,2026-02-19T09:34:13+00:00,bcac8653dd86,aj_xml_sitemap,https://www.aljazeera.com/sitemaps/article-archive/2025/05.xml
Al Jazeera,aljazeera.com,https://www.aljazeera.com/news/2025/5/23/lebanon-makes-plans-to-disarm-palestinian-factions-in-refugee-camps,2025-05-23T21:10:10Z,2026-02-19T09:34:13+00:00,605efa6b2f1e,aj_xml_sitemap,https://www.aljazeera.com/sitemaps/article-archive/2025/05.xml
Al Jazeera,aljazeera.com,https://www.aljazeera.com/news/2025/5/23/no-soldiers-no-occupation-israels-anti-war-protests-small-but-growing,2025-05-23T17:15:31Z,2026-02-19T09:34:13+00:00,eeefad089425,aj_xml_sitemap,https://www.aljazeera.com/sitemaps/article-archive/2025/05.xml
Al Jazeera,aljazeera.com,https://www.aljazeera.com/news/2025/5/23/israel-maintains-minimal-aid-deliveries-to-gaza-amid-hunger-crisis,2025-05-23T13:49:02Z,2026-02-19T09:34:13+00:00,ed5cb208d0b2,aj_xml_sitemap,https://www.aljazeera.com/sitemaps/article-archive/2025/05.xml
Al Jazeera,aljazeera.com,https://www.aljazeera.com/news/2025/5/23/g7-threatens-further-sanctions-if-russia-fails-to-agree-ukraine-ceasefire,2025-05-23T09:01:37Z,2026-02-19T09:34:13+00:00,2a42efeff9a9,aj_xml_sitemap,https://www.aljazeera.com/sitemaps/article-archive/2025/05.xml
Al Jazeera,aljazeera.com,https://www.aljazeera.com/news/2025/5/22/suspect-charged-with-murder-in-shooting-of-two-israeli-embassy-workers,2025-05-22T22:48:11Z,2026-02-19T09:34:13+00:00,cdd2f12697d8,aj_xml_sitemap,https://www.aljazeera.com/sitemaps/article-archive/2025/05.xml
Al Jazeera,aljazeera.com,https://www.aljazeera.com/news/2025/5/22/israeli-speculation-mounts-over-potential-rift-between-trump-and-netanyahu,2025-05-23T06:35:36Z,2026-02-19T09:34:13+00:00,3d36ef681662,aj_xml_sitemap,https://www.aljazeera.com/sitemaps/article-archive/2025/05.xml
Al Jazeera,aljazeera.com,https://www.aljazeera.com/news/2025/5/22/lebanese-pm-condemns-wave-of-israeli-attacks-on-southern-lebanon,2025-05-22T19:41:04Z,2026-02-19T09:34:13+00:00,b50f5d2bf5d9,aj_xml_sitemap,https://www.aljazeera.com/sitemaps/article-archive/2025/05.xml
Al Jazeera,aljazeera.com,https://www.aljazeera.com/news/2025/5/22/palestinian-health-minister-reports-29-starvation-related-deaths-in-gaza,2025-05-22T16:27:56Z,2026-02-19T09:34:13+00:00,cdc798216c74,aj_xml_sitemap,https://www.aljazeera.com/sitemaps/article-archive/2025/05.xml
Al Jazeera,aljazeera.com,https://www.aljazeera.com/news/2025/5/22/iran-says-will-hold-us-responsible-for-any-israeli-attack-on-nuclear-sites,2025-05-22T21:29:16Z,2026-02-19T09:34:13+00:00,3ed4f0486659,aj_xml_sitemap,https://www.aljazeera.com/sitemaps/article-archive/2025/05.xml
Al Jazeera,aljazeera.com,https://www.aljazeera.com/news/2025/5/22/israeli-strikes-kill-47-in-gaza-as-aid-groups-collect-limited-supplies,2025-05-22T11:18:51Z,2026-02-19T09:34:13+00:00,6f574af6cfe1,aj_xml_sitemap,https://www.aljazeera.com/sitemaps/article-archive/2025/05.xml
Al Jazeera,aljazeera.com,https://www.aljazeera.com/news/2025/5/22/pakistan-recommits-to-china-bond-amid-trump-shadow-over-india-ceasefire,2025-05-22T10:49:47Z,2026-02-19T09:34:13+00:00,fbbb32bdc084,aj_xml_sitemap,https://www.aljazeera.com/sitemaps/article-archive/2025/05.xml
Al Jazeera,aljazeera.com,https://www.aljazeera.com/news/2025/5/22/israeli-embassy-staffers-shot-dead-in-dc-what-we-know-on-attacker-victims,2025-05-23T08:33:19Z,2026-02-19T09:34:13+00:00,d752863bd1d0,aj_xml_sitemap,https://www.aljazeera.com/sitemaps/article-archive/2025/05.xml
Al Jazeera,aljazeera.com,https://www.aljazeera.com/news/2025/5/22/which-countries-trade-the-most-with-israel-and-what-do-they-buy-and-sell,2025-05-22T07:42:20Z,2026-02-19T09:34:13+00:00,fede524443e5,aj_xml_sitemap,https://www.aljazeera.com/sitemaps/article-archive/2025/05.xml
Al Jazeera,aljazeera.com,https://www.aljazeera.com/news/2025/5/22/governments-condemn-israel-for-firing-towards-diplomats-in-west-bank,2025-05-22T10:57:27Z,2026-02-19T09:34:13+00:00,cb7d0803d73b,aj_xml_sitemap,https://www.aljazeera.com/sitemaps/article-archive/2025/05.xml
Al Jazeera,aljazeera.com,https://www.aljazeera.com/news/2025/5/21/us-justice-department-ends-post-george-floyd-police-reform-settlements,2025-05-21T23:45:04Z,2026-02-19T09:34:13+00:00,5e5ec624e0bd,aj_xml_sitemap,https://www.aljazeera.com/sitemaps/article-archive/2025/05.xml
Al Jazeera,aljazeera.com,https://www.aljazeera.com/news/2025/5/21/netanyahu-says-israel-will-control-all-of-gaza-after-latest-offensive,2025-05-22T02:54:39Z,2026-02-19T09:34:13+00:00,045b167f4d8a,aj_xml_sitemap,https://www.aljazeera.com/sitemaps/article-archive/2025/05.xml
Al Jazeera,aljazeera.com,https://www.aljazeera.com/news/2025/5/21/israeli-top-court-rules-shin-bet-chief-bans-firing-by-netanyahu-unlawful,2025-05-21T18:06:10Z,2026-02-19T09:34:13+00:00,a89aab64205e,aj_xml_sitemap,https://www.aljazeera.com/sitemaps/article-archive/2025/05.xml
Al Jazeera,aljazeera.com,https://www.aljazeera.com/news/2025/5/21/eu-arab-diplomats-come-under-israeli-fire-in-occupied-west-banks-jenin,2025-05-21T19:48:29Z,2026-02-19T09:34:13+00:00,8b45721767f2,aj_xml_sitemap,https://www.aljazeera.com/sitemaps/article-archive/2025/05.xml
Al Jazeera,aljazeera.com,https://www.aljazeera.com/news/2025/5/21/israeli-aid-fails-to-address-the-risk-of-gazas-man-made-famine-agencies,2025-05-21T15:35:36Z,2026-02-19T09:34:13+00:00,4be2ecec040e,aj_xml_sitemap,https://www.aljazeera.com/sitemaps/article-archive/2025/05.xml
Al Jazeera,aljazeera.com,https://www.aljazeera.com/news/2025/5/21/israeli-attacks-kill-52-in-gaza-as-ngo-slams-ridiculously-inadequate-aid,2025-05-21T13:41:02Z,2026-02-19T09:34:13+00:00,32f354d2d950,aj_xml_sitemap,https://www.aljazeera.com/sitemaps/article-archive/2025/05.xml
Al Jazeera,aljazeera.com,https://www.aljazeera.com/news/2025/5/20/what-is-the-gaza-humanitarian-foundation-and-why-has-it-been-criticised,2025-05-20T19:31:41Z,2026-02-19T09:34:13+00:00,2b7b3ec094bf,aj_xml_sitemap,https://www.aljazeera.com/sitemaps/article-archive/2025/05.xml
Al Jazeera,aljazeera.com,https://www.aljazeera.com/news/2025/5/20/marco-rubio-suggests-us-engagement-led-to-limited-aid-entering-gaza,2025-05-20T19:24:39Z,2026-02-19T09:34:13+00:00,207aa77a37eb,aj_xml_sitemap,https://www.aljazeera.com/sitemaps/article-archive/2025/05.xml
Al Jazeera,aljazeera.com,https://www.aljazeera.com/news/2025/5/20/uk-france-canada-warn-israel-of-sanctions-is-opinion-shifting-on-gaza,2025-05-21T05:34:17Z,2026-02-19T09:34:13+00:00,4308935193be,aj_xml_sitemap,https://www.aljazeera.com/sitemaps/article-archive/2025/05.xml
Al Jazeera,aljazeera.com,https://www.aljazeera.com/news/2025/5/20/thousands-of-gazas-children-face-imminent-death-under-israeli-siege-un,2025-05-20T17:35:16Z,2026-02-19T09:34:13+00:00,5caf3e12208b,aj_xml_sitemap,https://www.aljazeera.com/sitemaps/article-archive/2025/05.xml
Al Jazeera,aljazeera.com,https://www.aljazeera.com/news/2025/5/20/uk-government-suspends-free-trade-talks-with-israel-over-gaza-war,2025-05-20T21:25:18Z,2026-02-19T09:34:13+00:00,e6cb1700de8c,aj_xml_sitemap,https://www.aljazeera.com/sitemaps/article-archive/2025/05.xml
Al Jazeera,aljazeera.com,https://www.aljazeera.com/news/2025/5/20/trump-fails-to-secure-ukraine-ceasefire-after-putin-call-whats-next,2025-05-20T14:05:32Z,2026-02-19T09:34:13+00:00,4b6d2f81b41a,aj_xml_sitemap,https://www.aljazeera.com/sitemaps/article-archive/2025/05.xml
Al Jazeera,aljazeera.com,https://www.aljazeera.com/news/2025/5/20/uk-france-and-canada-threaten-concrete-actions-against-israel,2025-05-20T14:10:11Z,2026-02-19T09:34:13+00:00,f6b49c79569c,aj_xml_sitemap,https://www.aljazeera.com/sitemaps/article-archive/2025/05.xml
Al Jazeera,aljazeera.com,https://www.aljazeera.com/news/2025/5/19/after-putin-call-trump-says-russia-ukraine-will-start-ceasefire-talks,2025-05-20T09:01:49Z,2026-02-19T09:34:13+00:00,1581523c62db,aj_xml_sitemap,https://www.aljazeera.com/sitemaps/article-archive/2025/05.xml
Al Jazeera,aljazeera.com,https://www.aljazeera.com/news/2025/5/19/measure-targeting-pro-palestine-ngos-disappears-from-us-tax-bill,2025-05-19T19:57:22Z,2026-02-19T09:34:13+00:00,0959a4800f61,aj_xml_sitemap,https://www.aljazeera.com/sitemaps/article-archive/2025/05.xml
Al Jazeera,aljazeera.com,https://www.aljazeera.com/news/2025/5/19/gazas-khan-younis-latest-focus-of-israeli-forced-displacement-bombing,2025-05-19T18:38:04Z,2026-02-19T09:34:13+00:00,c45bc6fdaf43,aj_xml_sitemap,https://www.aljazeera.com/sitemaps/article-archive/2025/05.xml
Al Jazeera,aljazeera.com,https://www.aljazeera.com/news/2025/5/19/trump-putin-call-whats-holding-up-a-russia-ukraine-ceasefire,2025-05-19T12:23:51Z,2026-02-19T09:34:13+00:00,30168b651fea,aj_xml_sitemap,https://www.aljazeera.com/sitemaps/article-archive/2025/05.xml
Al Jazeera,aljazeera.com,https://www.aljazeera.com/news/2025/5/19/israel-to-allow-limited-food-into-gaza-amid-intensified-military-offensive,2025-05-20T09:35:57Z,2026-02-19T09:34:13+00:00,5de51c0cf85d,aj_xml_sitemap,https://www.aljazeera.com/sitemaps/article-archive/2025/05.xml
Al Jazeera,aljazeera.com,https://www.aljazeera.com/news/2025/5/18/israeli-strikes-batter-gaza-hospitals-as-brutal-siege-bombing-intensify,2025-05-18T20:15:19Z,2026-02-19T09:34:13+00:00,749d9c257614,aj_xml_sitemap,https://www.aljazeera.com/sitemaps/article-archive/2025/05.xml
Al Jazeera,aljazeera.com,https://www.aljazeera.com/news/2025/5/18/children-among-over-100-palestinians-killed-in-israeli-barrage-across-gaza,2025-05-18T19:25:59Z,2026-02-19T09:34:13+00:00,ff006bfbb632,aj_xml_sitemap,https://www.aljazeera.com/sitemaps/article-archive/2025/05.xml
Al Jazeera,aljazeera.com,https://www.aljazeera.com/news/2025/5/17/hamas-says-new-gaza-truce-talks-under-way-as-israel-expands-ground-assault,2025-05-17T19:34:31Z,2026-02-19T09:34:13+00:00,8e740065a9e2,aj_xml_sitemap,https://www.aljazeera.com/sitemaps/article-archive/2025/05.xml
Al Jazeera,aljazeera.com,https://www.aljazeera.com/news/2025/5/17/seven-european-nations-urge-israel-to-reverse-its-current-policy-on-gaza,2025-05-17T11:37:59Z,2026-02-19T09:34:13+00:00,a93c119d1972,aj_xml_sitemap,https://www.aljazeera.com/sitemaps/article-archive/2025/05.xml
Al Jazeera,aljazeera.com,https://www.aljazeera.com/news/2025/5/17/gaza-likely-to-dominate-agenda-as-arab-league-meets-in-baghdad,2025-05-17T14:48:42Z,2026-02-19T09:34:13+00:00,e7ff196e6c4f,aj_xml_sitemap,https://www.aljazeera.com/sitemaps/article-archive/2025/05.xml
Al Jazeera,aljazeera.com,https://www.aljazeera.com/news/2025/5/16/israel-vows-to-kill-houthi-leader-after-striking-yemeni-ports,2025-05-16T18:25:32Z,2026-02-19T09:34:13+00:00,b95acd8328d5,aj_xml_sitemap,https://www.aljazeera.com/sitemaps/article-archive/2025/05.xml
Al Jazeera,aljazeera.com,https://www.aljazeera.com/news/2025/5/16/breaking-down-a-deadly-week-in-gaza-as-israel-kills-hundreds,2025-05-16T18:07:19Z,2026-02-19T09:34:13+00:00,57ad9484ed32,aj_xml_sitemap,https://www.aljazeera.com/sitemaps/article-archive/2025/05.xml
Al Jazeera,aljazeera.com,https://www.aljazeera.com/news/2025/5/16/russia-ukraine-talks-end-in-less-than-two-hours-with-no-ceasefire-deal,2025-05-16T17:30:16Z,2026-02-19T09:34:13+00:00,d1a82f0fcd0e,aj_xml_sitemap,https://www.aljazeera.com/sitemaps/article-archive/2025/05.xml
Al Jazeera,aljazeera.com,https://www.aljazeera.com/news/2025/5/16/gaza-death-toll-passes-53000-as-israel-drives-towards-conquest,2025-05-16T12:12:46Z,2026-02-19T09:34:13+00:00,3d5476629ba6,aj_xml_sitemap,https://www.aljazeera.com/sitemaps/article-archive/2025/05.xml
Al Jazeera,aljazeera.com,https://www.aljazeera.com/news/2025/5/16/what-is-famine-and-why-is-gaza-at-risk-of-reaching-it-soon,2025-05-16T04:17:51Z,2026-02-19T09:34:13+00:00,528dedfab8b7,aj_xml_sitemap,https://www.aljazeera.com/sitemaps/article-archive/2025/05.xml
Al Jazeera,aljazeera.com,https://www.aljazeera.com/news/2025/5/15/un-rejects-us-backed-gaza-aid-plan-citing-lack-of-neutrality,2025-05-15T20:33:28Z,2026-02-19T09:34:13+00:00,71b242de251c,aj_xml_sitemap,https://www.aljazeera.com/sitemaps/article-archive/2025/05.xml
Al Jazeera,aljazeera.com,https://www.aljazeera.com/news/2025/5/15/could-eu-tariffs-against-russia-bring-a-ceasefire-for-ukraine,2025-05-15T14:42:07Z,2026-02-19T09:34:13+00:00,eefef8a32282,aj_xml_sitemap,https://www.aljazeera.com/sitemaps/article-archive/2025/05.xml
Al Jazeera,aljazeera.com,https://www.aljazeera.com/news/2025/5/15/guest-house-in-japan-under-fire-for-asking-israeli-guests-about-war-crimes,2025-05-15T07:50:49Z,2026-02-19T09:34:13+00:00,cce961a0f138,aj_xml_sitemap,https://www.aljazeera.com/sitemaps/article-archive/2025/05.xml
Al Jazeera,aljazeera.com,https://www.aljazeera.com/news/2025/5/15/israel-kills-dozens-in-gaza-as-palestinians-mark-77-years-since-the-nakba,2025-05-23T21:53:46Z,2026-02-19T09:34:13+00:00,a583ce969664,aj_xml_sitemap,https://www.aljazeera.com/sitemaps/article-archive/2025/05.xml
Al Jazeera,aljazeera.com,https://www.aljazeera.com/news/2025/5/15/ben-jerrys-cofounder-arrested-at-us-senate-after-protesting-war-in-gaza,2025-05-19T01:43:07Z,2026-02-19T09:34:13+00:00,0c06ccfb22ef,aj_xml_sitemap,https://www.aljazeera.com/sitemaps/article-archive/2025/05.xml
Al Jazeera,aljazeera.com,https://www.aljazeera.com/news/2025/5/14/qatar-says-recent-israeli-gaza-attacks-show-lack-of-interest-in-ceasefire,2025-05-14T22:45:01Z,2026-02-19T09:34:13+00:00,eb2efcb32d5f,aj_xml_sitemap,https://www.aljazeera.com/sitemaps/article-archive/2025/05.xml
Al Jazeera,aljazeera.com,https://www.aljazeera.com/news/2025/5/14/israeli-army-fire-hits-un-south-lebanon-base-for-first-time-since-ceasefire,2025-05-14T20:12:14Z,2026-02-19T09:34:13+00:00,6d9ea825b965,aj_xml_sitemap,https://www.aljazeera.com/sitemaps/article-archive/2025/05.xml
Al Jazeera,aljazeera.com,https://www.aljazeera.com/news/2025/5/14/israeli-attacks-on-gaza-kill-70-as-ceasefire-talks-continue,2025-05-14T23:40:23Z,2026-02-19T09:34:13+00:00,5666f54333b1,aj_xml_sitemap,https://www.aljazeera.com/sitemaps/article-archive/2025/05.xml
Al Jazeera,aljazeera.com,https://www.aljazeera.com/news/2025/5/13/israel-normalisation-takes-backseat-as-trump-announces-saudi-deals,2025-05-14T07:25:16Z,2026-02-19T09:34:13+00:00,5983d75e23e4,aj_xml_sitemap,https://www.aljazeera.com/sitemaps/article-archive/2025/05.xml
Al Jazeera,aljazeera.com,https://www.aljazeera.com/news/2025/5/13/palestinian-journalist-among-two-killed-in-israeli-attack-on-gaza-hospital,2025-05-13T22:07:05Z,2026-02-19T09:34:13+00:00,785011465066,aj_xml_sitemap,https://www.aljazeera.com/sitemaps/article-archive/2025/05.xml
Al Jazeera,aljazeera.com,https://www.aljazeera.com/news/2025/5/13/campaigners-mount-legal-challenge-on-uk-over-export-of-f-35-parts-to-israel,2025-05-19T14:39:48Z,2026-02-19T09:34:13+00:00,9c0fdc2e12d2,aj_xml_sitemap,https://www.aljazeera.com/sitemaps/article-archive/2025/05.xml
Al Jazeera,aljazeera.com,https://www.aljazeera.com/news/2025/5/12/hamas-frees-us-israeli-soldier-as-gaza-faces-bombardment-risk-of-famine,2025-05-12T18:58:02Z,2026-02-19T09:34:13+00:00,b92038fbe47a,aj_xml_sitemap,https://www.aljazeera.com/sitemaps/article-archive/2025/05.xml
Al Jazeera,aljazeera.com,https://www.aljazeera.com/news/2025/5/12/famine-stalking-across-gaza-500000-face-starvation-analysis,2025-05-12T13:34:32Z,2026-02-19T09:34:13+00:00,b3fbaa9664ff,aj_xml_sitemap,https://www.aljazeera.com/sitemaps/article-archive/2025/05.xml
Al Jazeera,aljazeera.com,https://www.aljazeera.com/news/2025/5/12/ukraine-says-russia-fired-barrage-of-drones-amid-calls-for-ceasefire,2025-05-12T18:23:58Z,2026-02-19T09:34:13+00:00,0c9378c551a0,aj_xml_sitemap,https://www.aljazeera.com/sitemaps/article-archive/2025/05.xml
Al Jazeera,aljazeera.com,https://www.aljazeera.com/news/2025/5/12/israel-committed-to-intensified-gaza-operation-despite-us-captive-release,2025-05-12T08:41:41Z,2026-02-19T09:34:13+00:00,5e0b261ba94f,aj_xml_sitemap,https://www.aljazeera.com/sitemaps/article-archive/2025/05.xml
Al Jazeera,aljazeera.com,https://www.aljazeera.com/news/2025/5/12/do-israels-attacks-make-a-difference-to-yemen-houthis,2025-05-12T07:11:17Z,2026-02-19T09:34:13+00:00,60ada61f5a5c,aj_xml_sitemap,https://www.aljazeera.com/sitemaps/article-archive/2025/05.xml
Al Jazeera,aljazeera.com,https://www.aljazeera.com/news/2025/5/12/we-want-permanent-solution-fear-and-fatigue-in-kashmir-after-ceasefire,2025-05-12T05:29:21Z,2026-02-19T09:34:13+00:00,aab8f94d21f1,aj_xml_sitemap,https://www.aljazeera.com/sitemaps/article-archive/2025/05.xml
Al Jazeera,aljazeera.com,https://www.aljazeera.com/news/2025/5/11/hamas-says-it-will-release-israeli-american-captive-edan-alexander,2025-05-11T22:12:48Z,2026-02-19T09:34:13+00:00,fd6144bbcc1e,aj_xml_sitemap,https://www.aljazeera.com/sitemaps/article-archive/2025/05.xml
Al Jazeera,aljazeera.com,https://www.aljazeera.com/news/2025/5/11/israel-attacks-yemens-hodeidah-striking-port-areas,2025-05-12T08:12:31Z,2026-02-19T09:34:13+00:00,21dccd124b6a,aj_xml_sitemap,https://www.aljazeera.com/sitemaps/article-archive/2025/05.xml
Al Jazeera,aljazeera.com,https://www.aljazeera.com/news/2025/5/11/israel-kills13-including-children-amid-dire-humanitarian-crisis-in-gaza,2025-05-11T16:22:42Z,2026-02-19T09:34:13+00:00,002239859b44,aj_xml_sitemap,https://www.aljazeera.com/sitemaps/article-archive/2025/05.xml
Al Jazeera,aljazeera.com,https://www.aljazeera.com/news/2025/5/11/pope-leo-xiv-calls-for-gaza-ceasefire-in-first-sunday-message,2025-05-11T13:27:30Z,2026-02-19T09:34:13+00:00,ff2fdd20d962,aj_xml_sitemap,https://www.aljazeera.com/sitemaps/article-archive/2025/05.xml
Al Jazeera,aljazeera.com,https://www.aljazeera.com/news/2025/5/11/difficult-ceasefire-guns-silent-but-will-the-india-pakistan-truce-hold,2025-05-11T08:32:24Z,2026-02-19T09:34:13+00:00,29570897063b,aj_xml_sitemap,https://www.aljazeera.com/sitemaps/article-archive/2025/05.xml
Al Jazeera,aljazeera.com,https://www.aljazeera.com/news/2025/5/10/israeli-protesters-in-tel-aviv-demand-an-end-to-war-on-gaza,2025-05-10T22:41:28Z,2026-02-19T09:34:13+00:00,f94788491da9,aj_xml_sitemap,https://www.aljazeera.com/sitemaps/article-archive/2025/05.xml
Al Jazeera,aljazeera.com,https://www.aljazeera.com/news/2025/5/10/india-and-pakistan-agree-to-an-immediate-ceasefire-after-days-of-escalation,2025-05-11T08:03:33Z,2026-02-19T09:34:13+00:00,4c79ebc83a1c,aj_xml_sitemap,https://www.aljazeera.com/sitemaps/article-archive/2025/05.xml
Al Jazeera,aljazeera.com,https://www.aljazeera.com/news/2025/5/10/india-and-pakistan-agree-ceasefire-what-does-it-mean,2025-05-10T15:18:35Z,2026-02-19T09:34:13+00:00,644dcff4103e,aj_xml_sitemap,https://www.aljazeera.com/sitemaps/article-archive/2025/05.xml
Al Jazeera,aljazeera.com,https://www.aljazeera.com/news/2025/5/10/israel-kills-in-gaza-as-it-throttles-enclave-under-aid-blockade,2025-05-11T15:00:48Z,2026-02-19T09:34:13+00:00,cf9b0700ea06,aj_xml_sitemap,https://www.aljazeera.com/sitemaps/article-archive/2025/05.xml
Al Jazeera,aljazeera.com,https://www.aljazeera.com/news/2025/5/10/european-leaders-in-ukraines-kyiv-to-press-russia-for-30-day-ceasefire,2025-05-11T16:44:19Z,2026-02-19T09:34:13+00:00,e771f7ef0ecc,aj_xml_sitemap,https://www.aljazeera.com/sitemaps/article-archive/2025/05.xml
Al Jazeera,aljazeera.com,https://www.aljazeera.com/news/2025/5/10/netanyahus-war-choices-fuel-discord-in-israel-over-captives-fate-in-gaza,2025-05-11T05:52:11Z,2026-02-19T09:34:13+00:00,1e1c53c41a40,aj_xml_sitemap,https://www.aljazeera.com/sitemaps/article-archive/2025/05.xml
Al Jazeera,aljazeera.com,https://www.aljazeera.com/news/2025/5/9/gaza-could-experience-another-nakba-warns-un-committee,2025-05-09T21:32:52Z,2026-02-19T09:34:13+00:00,36a48ff238c4,aj_xml_sitemap,https://www.aljazeera.com/sitemaps/article-archive/2025/05.xml
Al Jazeera,aljazeera.com,https://www.aljazeera.com/news/2025/5/9/houthis-claim-responsibility-for-missile-attack-on-israel-airport,2025-05-09T18:37:40Z,2026-02-19T09:34:13+00:00,004662f092e2,aj_xml_sitemap,https://www.aljazeera.com/sitemaps/article-archive/2025/05.xml
Al Jazeera,aljazeera.com,https://www.aljazeera.com/news/2025/5/9/russia-and-ukraine-trade-accusations-of-victory-day-ceasefire-violations,2025-05-09T13:48:16Z,2026-02-19T09:34:13+00:00,b727d5da0e3b,aj_xml_sitemap,https://www.aljazeera.com/sitemaps/article-archive/2025/05.xml
Al Jazeera,aljazeera.com,https://www.aljazeera.com/news/2025/5/9/us-foundation-eyes-takeover-of-gaza-aid,2025-05-09T21:22:28Z,2026-02-19T09:34:13+00:00,5ee0b369b427,aj_xml_sitemap,https://www.aljazeera.com/sitemaps/article-archive/2025/05.xml
Al Jazeera,aljazeera.com,https://www.aljazeera.com/news/2025/5/8/israel-retrofitting-dji-commercial-drones-to-bomb-and-surveil-gaza,2025-05-20T08:40:40Z,2026-02-19T09:34:13+00:00,258be31428a1,aj_xml_sitemap,https://www.aljazeera.com/sitemaps/article-archive/2025/05.xml
Al Jazeera,aljazeera.com,https://www.aljazeera.com/news/2025/5/8/one-killed-eight-wounded-as-israel-hits-lebanon-in-major-post-truce-attack,2025-05-08T13:44:14Z,2026-02-19T09:34:13+00:00,92f111d88d48,aj_xml_sitemap,https://www.aljazeera.com/sitemaps/article-archive/2025/05.xml
Al Jazeera,aljazeera.com,https://www.aljazeera.com/news/2025/5/8/israeli-attacks-kill-16-in-gaza-as-aid-kitchens-shut-after-supplies-run-out,2025-05-08T19:00:15Z,2026-02-19T09:34:13+00:00,17bae96292ce,aj_xml_sitemap,https://www.aljazeera.com/sitemaps/article-archive/2025/05.xml
Al Jazeera,aljazeera.com,https://www.aljazeera.com/news/2025/5/8/us-official-says-washington-may-advance-saudi-deal-without-israel-reports,2025-05-08T08:16:31Z,2026-02-19T09:34:13+00:00,cd6cf7923584,aj_xml_sitemap,https://www.aljazeera.com/sitemaps/article-archive/2025/05.xml
Al Jazeera,aljazeera.com,https://www.aljazeera.com/news/2025/5/8/ukraine-accuses-russia-of-launching-bombs-after-3-day-ceasefire-kicks-in,2025-05-08T12:19:49Z,2026-02-19T09:34:13+00:00,7e3f39e7783b,aj_xml_sitemap,https://www.aljazeera.com/sitemaps/article-archive/2025/05.xml
Al Jazeera,aljazeera.com,https://www.aljazeera.com/news/2025/5/8/pro-palestinian-protesters-arrested-at-uss-columbia-university,2025-05-08T03:14:31Z,2026-02-19T09:34:13+00:00,895400a24d17,aj_xml_sitemap,https://www.aljazeera.com/sitemaps/article-archive/2025/05.xml
Al Jazeera,aljazeera.com,https://www.aljazeera.com/news/2025/5/7/syrias-al-sharaa-confirms-indirect-talks-with-israel-amid-soaring-tensions,2025-05-07T20:11:57Z,2026-02-19T09:34:13+00:00,d3d9d50e4704,aj_xml_sitemap,https://www.aljazeera.com/sitemaps/article-archive/2025/05.xml
Al Jazeera,aljazeera.com,https://www.aljazeera.com/news/2025/5/7/how-israels-plan-for-gaza-could-turbocharge-ethnic-cleansing,2025-05-07T12:53:25Z,2026-02-19T09:34:13+00:00,d5def5ff896f,aj_xml_sitemap,https://www.aljazeera.com/sitemaps/article-archive/2025/05.xml
Al Jazeera,aljazeera.com,https://www.aljazeera.com/news/2025/5/7/uk-arms-exports-to-israel-press-ahead-despite-licence-suspension-report,2025-05-07T11:05:05Z,2026-02-19T09:34:13+00:00,bd1e4e632667,aj_xml_sitemap,https://www.aljazeera.com/sitemaps/article-archive/2025/05.xml
Al Jazeera,aljazeera.com,https://www.aljazeera.com/news/2025/5/7/yemens-houthis-say-attacks-on-israel-not-in-ceasefire-deal-in-any-way,2025-05-07T14:42:47Z,2026-02-19T09:34:13+00:00,57cb0dbe97db,aj_xml_sitemap,https://www.aljazeera.com/sitemaps/article-archive/2025/05.xml
Al Jazeera,aljazeera.com,https://www.aljazeera.com/news/2025/5/7/israeli-attacks-kill-at-least-16-as-gaza-blockade-accelerates-starvation,2025-05-07T19:27:28Z,2026-02-19T09:34:13+00:00,43b1dce2f6af,aj_xml_sitemap,https://www.aljazeera.com/sitemaps/article-archive/2025/05.xml
Al Jazeera,aljazeera.com,https://www.aljazeera.com/news/2025/5/6/trump-says-bombing-of-yemen-to-stop-as-oman-confirms-us-houthi-ceasefire,2025-05-07T05:29:59Z,2026-02-19T09:34:13+00:00,9282ea1c6c60,aj_xml_sitemap,https://www.aljazeera.com/sitemaps/article-archive/2025/05.xml
Al Jazeera,aljazeera.com,https://www.aljazeera.com/news/2025/5/6/israeli-strikes-rock-yemens-sanaa-including-international-airport,2025-05-06T18:43:03Z,2026-02-19T09:34:13+00:00,2036b6664798,aj_xml_sitemap,https://www.aljazeera.com/sitemaps/article-archive/2025/05.xml
Al Jazeera,aljazeera.com,https://www.aljazeera.com/news/2025/5/6/israel-has-turned-70-of-gaza-into-no-go-zones-in-maps,2025-05-06T10:41:49Z,2026-02-19T09:34:13+00:00,c62a9678b0fd,aj_xml_sitemap,https://www.aljazeera.com/sitemaps/article-archive/2025/05.xml
Al Jazeera,aljazeera.com,https://www.aljazeera.com/news/2025/5/6/no-sense-in-gaza-ceasefire-talks-amid-israels-hunger-war-hamas,2025-05-06T09:38:31Z,2026-02-19T09:34:13+00:00,31845e78665f,aj_xml_sitemap,https://www.aljazeera.com/sitemaps/article-archive/2025/05.xml
Al Jazeera,aljazeera.com,https://www.aljazeera.com/news/2025/5/5/mosab-abu-toha-wins-pulitzer-for-gaza-essays,2025-05-06T08:34:22Z,2026-02-19T09:34:13+00:00,39121d13873f,aj_xml_sitemap,https://www.aljazeera.com/sitemaps/article-archive/2025/05.xml
Al Jazeera,aljazeera.com,https://www.aljazeera.com/news/2025/5/5/michigan-drops-charges-against-pro-palestine-us-student-protesters,2025-05-05T21:40:05Z,2026-02-19T09:34:13+00:00,7ae167a969cd,aj_xml_sitemap,https://www.aljazeera.com/sitemaps/article-archive/2025/05.xml
Al Jazeera,aljazeera.com,https://www.aljazeera.com/news/2025/5/5/israel-bombs-yemens-hodeidah-port-after-attack-near-tel-aviv,2025-05-06T07:25:35Z,2026-02-19T09:34:13+00:00,eb4abd2a4bbf,aj_xml_sitemap,https://www.aljazeera.com/sitemaps/article-archive/2025/05.xml
Al Jazeera,aljazeera.com,https://www.aljazeera.com/news/2025/5/5/erdogan-trump-phone-call-ukraine-russia-war-gaza-syria-us-turkiye-ties,2025-05-05T17:34:31Z,2026-02-19T09:34:13+00:00,f9b3d259cd18,aj_xml_sitemap,https://www.aljazeera.com/sitemaps/article-archive/2025/05.xml
Al Jazeera,aljazeera.com,https://www.aljazeera.com/news/2025/5/5/us-bill-to-ban-israel-boycotts-faces-right-wing-backlash-over-free-speech,2025-05-05T21:30:56Z,2026-02-19T09:34:13+00:00,294893bd9a3d,aj_xml_sitemap,https://www.aljazeera.com/sitemaps/article-archive/2025/05.xml
Al Jazeera,aljazeera.com,https://www.aljazeera.com/news/2025/5/5/how-rsf-is-adopting-israels-template-for-genocide-in-sudan,2025-05-05T15:10:22Z,2026-02-19T09:34:13+00:00,96add9163d7c,aj_xml_sitemap,https://www.aljazeera.com/sitemaps/article-archive/2025/05.xml
Al Jazeera,aljazeera.com,https://www.aljazeera.com/news/2025/5/5/israel-plans-conquest-of-gaza-in-expanded-offensive,2025-05-05T20:43:12Z,2026-02-19T09:34:13+00:00,d47e31991ef5,aj_xml_sitemap,https://www.aljazeera.com/sitemaps/article-archive/2025/05.xml
Al Jazeera,aljazeera.com,https://www.aljazeera.com/news/2025/5/4/ngo-in-talks-with-malta-to-repair-gaza-bound-aid-ship-attacked-by-israel,2025-05-05T06:00:27Z,2026-02-19T09:34:13+00:00,25b59ca83d70,aj_xml_sitemap,https://www.aljazeera.com/sitemaps/article-archive/2025/05.xml
Al Jazeera,aljazeera.com,https://www.aljazeera.com/news/2025/5/4/israel-calls-up-thousands-of-reservists-to-expand-war-on-gaza,2025-05-04T18:41:56Z,2026-02-19T09:34:13+00:00,baae3e329add,aj_xml_sitemap,https://www.aljazeera.com/sitemaps/article-archive/2025/05.xml
Al Jazeera,aljazeera.com,https://www.aljazeera.com/news/2025/5/4/israeli-soldiers-settlers-harass-palestinian-activist-featured-in-bbc-film,2025-05-04T13:37:24Z,2026-02-19T09:34:13+00:00,a344f075499e,aj_xml_sitemap,https://www.aljazeera.com/sitemaps/article-archive/2025/05.xml
Al Jazeera,aljazeera.com,https://www.aljazeera.com/news/2025/5/4/missile-launched-from-yemen-hits-israels-ben-gurion-airport-in-tel-aviv,2025-05-04T20:08:01Z,2026-02-19T09:34:13+00:00,5308567d5c3f,aj_xml_sitemap,https://www.aljazeera.com/sitemaps/article-archive/2025/05.xml
Al Jazeera,aljazeera.com,https://www.aljazeera.com/news/2025/5/3/israelis-protest-for-captives-against-netanyahus-gaza-war-expansion,2025-05-03T22:15:20Z,2026-02-19T09:34:13+00:00,c3c61044fec6,aj_xml_sitemap,https://www.aljazeera.com/sitemaps/article-archive/2025/05.xml
Al Jazeera,aljazeera.com,https://www.aljazeera.com/news/2025/5/3/houthis-maintain-pressure-on-israel-as-us-launches-more-strikes-on-yemen,2025-05-04T06:10:22Z,2026-02-19T09:34:13+00:00,75f0a018d01d,aj_xml_sitemap,https://www.aljazeera.com/sitemaps/article-archive/2025/05.xml
Al Jazeera,aljazeera.com,https://www.aljazeera.com/news/2025/5/3/57-palestinians-starved-to-death-under-israels-blockade-of-gaza,2025-05-04T08:39:43Z,2026-02-19T09:34:13+00:00,e864f13b6c58,aj_xml_sitemap,https://www.aljazeera.com/sitemaps/article-archive/2025/05.xml
Al Jazeera,aljazeera.com,https://www.aljazeera.com/news/2025/5/3/israeli-attacks-kill-two-more-as-syria-government-reaches-deal-with-druze,2025-05-03T15:45:06Z,2026-02-19T09:34:13+00:00,c3fb6605d479,aj_xml_sitemap,https://www.aljazeera.com/sitemaps/article-archive/2025/05.xml
Al Jazeera,aljazeera.com,https://www.aljazeera.com/news/2025/5/3/fear-pain-and-a-little-hope-volunteer-doctors-in-gaza,2025-05-03T15:16:13Z,2026-02-19T09:34:13+00:00,171fabd71e3a,aj_xml_sitemap,https://www.aljazeera.com/sitemaps/article-archive/2025/05.xml
Al Jazeera,aljazeera.com,https://www.aljazeera.com/news/2025/5/2/palestinian-children-face-starvation-under-israels-total-gaza-blockade,2025-05-02T20:40:16Z,2026-02-19T09:34:13+00:00,d3218165a068,aj_xml_sitemap,https://www.aljazeera.com/sitemaps/article-archive/2025/05.xml
Al Jazeera,aljazeera.com,https://www.aljazeera.com/news/2025/5/2/us-man-sentenced-to-53-years-for-the-murder-of-a-palestinian-american-child,2025-05-02T21:25:01Z,2026-02-19T09:34:13+00:00,d3e9ba8fa139,aj_xml_sitemap,https://www.aljazeera.com/sitemaps/article-archive/2025/05.xml
Al Jazeera,aljazeera.com,https://www.aljazeera.com/news/2025/5/2/icj-hearings-on-israels-obligation-to-allow-aid-to-palestine-key-takeawayicj-hearings-on-israels-obligation-to-allow-aid-to-palestine-key-takeaway,2025-05-02T19:14:11Z,2026-02-19T09:34:13+00:00,af790165d2dc,aj_xml_sitemap,https://www.aljazeera.com/sitemaps/article-archive/2025/05.xml
Al Jazeera,aljazeera.com,https://www.aljazeera.com/news/2025/5/2/yemens-houthis-launch-missiles-at-israel-army-says-it-intercepts,2025-05-02T21:25:53Z,2026-02-19T09:34:13+00:00,eda3bc3c0da9,aj_xml_sitemap,https://www.aljazeera.com/sitemaps/article-archive/2025/05.xml
Al Jazeera,aljazeera.com,https://www.aljazeera.com/news/2025/5/2/lebanon-warns-hamas-against-attacks-threatening-nations-security,2025-05-02T14:55:52Z,2026-02-19T09:34:13+00:00,cc2f368b2c3b,aj_xml_sitemap,https://www.aljazeera.com/sitemaps/article-archive/2025/05.xml
Al Jazeera,aljazeera.com,https://www.aljazeera.com/news/2025/5/2/red-cross-warns-gaza-aid-effort-on-verge-of-collapse-amid-israel-blockade,2025-05-02T11:51:57Z,2026-02-19T09:34:13+00:00,46471c3e7fad,aj_xml_sitemap,https://www.aljazeera.com/sitemaps/article-archive/2025/05.xml
Al Jazeera,aljazeera.com,https://www.aljazeera.com/news/2025/5/2/drones-hit-freedom-flotilla-ship-carrying-aid-to-gaza,2025-05-02T20:33:31Z,2026-02-19T09:34:13+00:00,fe552950c5b5,aj_xml_sitemap,https://www.aljazeera.com/sitemaps/article-archive/2025/05.xml
Al Jazeera,aljazeera.com,https://www.aljazeera.com/news/2025/5/2/palestine-worlds-most-dangerous-place-for-journalists-rsf-says,2025-05-02T06:21:21Z,2026-02-19T09:34:13+00:00,a6760bdb5ad2,aj_xml_sitemap,https://www.aljazeera.com/sitemaps/article-archive/2025/05.xml
Al Jazeera,aljazeera.com,https://www.aljazeera.com/news/2025/5/2/israel-strikes-near-syrias-presidential-palace-issues-warning-over-druze,2025-05-03T01:45:35Z,2026-02-19T09:34:13+00:00,f4fd9dcaa232,aj_xml_sitemap,https://www.aljazeera.com/sitemaps/article-archive/2025/05.xml
Al Jazeera,aljazeera.com,https://www.aljazeera.com/news/2025/5/1/al-jazeera-wins-two-peabody-awards-for-documentaries-on-gaza-war-carnage,2025-05-04T08:59:19Z,2026-02-19T09:34:13+00:00,f94770eeecad,aj_xml_sitemap,https://www.aljazeera.com/sitemaps/article-archive/2025/05.xml
Al Jazeera,aljazeera.com,https://www.aljazeera.com/news/2025/5/1/israeli-attacks-kill-dozens-as-un-demands-lifting-of-cruel-gaza-blockade,2025-05-01T18:20:04Z,2026-02-19T09:34:13+00:00,e6c69c7989c3,aj_xml_sitemap,https://www.aljazeera.com/sitemaps/article-archive/2025/05.xml
Al Jazeera,aljazeera.com,https://www.aljazeera.com/news/2025/5/1/pro-palestine-activist-arrested-in-belgium-after-attending-protest,2025-05-01T16:07:32Z,2026-02-19T09:34:13+00:00,381a28b375ae,aj_xml_sitemap,https://www.aljazeera.com/sitemaps/article-archive/2025/05.xml
Al Jazeera,aljazeera.com,https://www.aljazeera.com/news/2025/5/1/israel-wildfires-flare-near-jerusalem-for-a-second-day,2025-05-01T11:55:20Z,2026-02-19T09:34:13+00:00,328231eafe2c,aj_xml_sitemap,https://www.aljazeera.com/sitemaps/article-archive/2025/05.xml
Al Jazeera,aljazeera.com,https://www.aljazeera.com/news/longform/2025/5/29/visual-guide-to-how-the-gaza-aid-distribution-turmoil-unfolded,2025-05-29T11:52:30Z,2026-02-19T09:34:13+00:00,ee72aeaf836d,aj_xml_sitemap,https://www.aljazeera.com/sitemaps/article-archive/2025/05.xml
Al Jazeera,aljazeera.com,https://www.aljazeera.com/news/longform/2025/5/15/palestine-before-the-nakba-in-100-photos,2025-05-15T05:49:31Z,2026-02-19T09:34:13+00:00,e9a3655ef041,aj_xml_sitemap,https://www.aljazeera.com/sitemaps/article-archive/2025/05.xml
Al Jazeera,aljazeera.com,https://www.aljazeera.com/news/longform/2025/5/14/can-you-find-these-palestinian-cities,2025-05-14T10:32:44Z,2026-02-19T09:34:13+00:00,e8e3d0180f01,aj_xml_sitemap,https://www.aljazeera.com/sitemaps/article-archive/2025/05.xml
Al Jazeera,aljazeera.com,https://www.aljazeera.com/news/2025/4/30/syria-says-it-rejects-foreign-intervention-after-israeli-strikes,2025-04-30T21:43:02Z,2026-02-19T09:34:14+00:00,54c27672c382,aj_xml_sitemap,https://www.aljazeera.com/sitemaps/article-archive/2025/04.xml
Al Jazeera,aljazeera.com,https://www.aljazeera.com/news/2025/4/30/putin-responds-to-trumps-permanent-ceasefire-plan-with-a-three-day-offer,2025-04-30T16:29:31Z,2026-02-19T09:34:14+00:00,432e4ed9dcf0,aj_xml_sitemap,https://www.aljazeera.com/sitemaps/article-archive/2025/04.xml
Al Jazeera,aljazeera.com,https://www.aljazeera.com/news/2025/4/30/gaza-siege-reaches-60th-day-as-us-defends-israel-at-icj,2025-05-01T03:31:24Z,2026-02-19T09:34:14+00:00,f7e5d64b9c66,aj_xml_sitemap,https://www.aljazeera.com/sitemaps/article-archive/2025/04.xml
Al Jazeera,aljazeera.com,https://www.aljazeera.com/news/2025/4/30/iran-hangs-man-accused-of-spying-for-israel-mossad,2025-04-30T11:28:22Z,2026-02-19T09:34:14+00:00,c1ae3f891ca7,aj_xml_sitemap,https://www.aljazeera.com/sitemaps/article-archive/2025/04.xml
Al Jazeera,aljazeera.com,https://www.aljazeera.com/news/2025/4/29/israel-releases-gaza-paramedic-who-survived-deadly-attack-on-health-workers,2025-04-29T17:21:57Z,2026-02-19T09:34:14+00:00,b1e22037020a,aj_xml_sitemap,https://www.aljazeera.com/sitemaps/article-archive/2025/04.xml
Al Jazeera,aljazeera.com,https://www.aljazeera.com/news/2025/4/29/russia-dismisses-ukraines-proposal-to-extend-brief-ceasefire-to-30-days,2025-04-29T21:39:23Z,2026-02-19T09:34:14+00:00,a2c516b72444,aj_xml_sitemap,https://www.aljazeera.com/sitemaps/article-archive/2025/04.xml
Al Jazeera,aljazeera.com,https://www.aljazeera.com/news/2025/4/29/jordan-forcibly-evicted-palestinians-from-informal-refugee-camp-hrw,2025-04-29T11:11:18Z,2026-02-19T09:34:14+00:00,3eb1e3e9c0d1,aj_xml_sitemap,https://www.aljazeera.com/sitemaps/article-archive/2025/04.xml
Al Jazeera,aljazeera.com,https://www.aljazeera.com/news/2025/4/29/israel-carrying-out-live-streamed-genocide-in-gaza-amnesty-says,2025-04-29T04:44:10Z,2026-02-19T09:34:14+00:00,0c2c489a2e92,aj_xml_sitemap,https://www.aljazeera.com/sitemaps/article-archive/2025/04.xml
Al Jazeera,aljazeera.com,https://www.aljazeera.com/news/2025/4/28/hezbollah-leader-says-lebanese-govt-must-do-more-to-end-israeli-attacks,2025-04-28T20:56:25Z,2026-02-19T09:34:14+00:00,1561e9e0abdc,aj_xml_sitemap,https://www.aljazeera.com/sitemaps/article-archive/2025/04.xml
Al Jazeera,aljazeera.com,https://www.aljazeera.com/news/2025/4/28/israels-shin-bet-chief-ousted-by-netanyahu-says-will-stand-down-on-june-15,2025-04-28T19:32:04Z,2026-02-19T09:34:14+00:00,bee7a9c69689,aj_xml_sitemap,https://www.aljazeera.com/sitemaps/article-archive/2025/04.xml
Al Jazeera,aljazeera.com,https://www.aljazeera.com/news/2025/4/28/icj-opens-hearings-on-israeli-obligations-on-gaza-aid,2025-04-28T15:17:53Z,2026-02-19T09:34:14+00:00,f8bf66bbbd03,aj_xml_sitemap,https://www.aljazeera.com/sitemaps/article-archive/2025/04.xml
Al Jazeera,aljazeera.com,https://www.aljazeera.com/news/2025/4/28/iran-accuses-israel-of-seeking-to-disrupt-nuclear-talks-with-us,2025-04-28T11:34:29Z,2026-02-19T09:34:14+00:00,7c7ae4d168f0,aj_xml_sitemap,https://www.aljazeera.com/sitemaps/article-archive/2025/04.xml
Al Jazeera,aljazeera.com,https://www.aljazeera.com/news/2025/4/28/russia-declares-unilateral-two-day-ceasefire-in-ukraine,2025-04-28T19:19:54Z,2026-02-19T09:34:14+00:00,eb907de8ee3e,aj_xml_sitemap,https://www.aljazeera.com/sitemaps/article-archive/2025/04.xml
Al Jazeera,aljazeera.com,https://www.aljazeera.com/news/2025/4/27/israel-bombs-beirut-president-aoun-calls-for-international-pressure,2025-04-28T11:20:06Z,2026-02-19T09:34:14+00:00,30649e4d877a,aj_xml_sitemap,https://www.aljazeera.com/sitemaps/article-archive/2025/04.xml
Al Jazeera,aljazeera.com,https://www.aljazeera.com/news/2025/4/27/qatar-hints-at-progress-in-gaza-truce-talks-as-un-urges-lifting-of-blockade,2025-04-27T18:44:25Z,2026-02-19T09:34:14+00:00,e101d6e6cc1b,aj_xml_sitemap,https://www.aljazeera.com/sitemaps/article-archive/2025/04.xml
Al Jazeera,aljazeera.com,https://www.aljazeera.com/news/2025/4/26/palestinian-president-mahmoud-abbas-appoints-aide-as-plo-deputy,2025-04-26T21:19:24Z,2026-02-19T09:34:14+00:00,150fb626965f,aj_xml_sitemap,https://www.aljazeera.com/sitemaps/article-archive/2025/04.xml
Al Jazeera,aljazeera.com,https://www.aljazeera.com/news/2025/4/26/13-killed-dozens-under-rubble-as-israel-bombs-gaza-amid-food-crisis,2025-04-26T12:57:52Z,2026-02-19T09:34:14+00:00,1866695f03a7,aj_xml_sitemap,https://www.aljazeera.com/sitemaps/article-archive/2025/04.xml
Al Jazeera,aljazeera.com,https://www.aljazeera.com/news/2025/4/25/uns-food-stocks-in-gaza-completely-depleted-amid-israel-blockade,2025-04-26T03:34:28Z,2026-02-19T09:34:14+00:00,6c265f2c8858,aj_xml_sitemap,https://www.aljazeera.com/sitemaps/article-archive/2025/04.xml
Al Jazeera,aljazeera.com,https://www.aljazeera.com/news/2025/4/25/why-the-palestinian-authoritys-abbas-is-under-pressure-to-pick-a-successor,2025-04-28T11:01:22Z,2026-02-19T09:34:14+00:00,f6877c439e78,aj_xml_sitemap,https://www.aljazeera.com/sitemaps/article-archive/2025/04.xml
Al Jazeera,aljazeera.com,https://www.aljazeera.com/news/2025/4/24/deepest-contradictions-yale-bans-pro-palestine-group-amid-ben-gvir-visit,2025-04-25T06:09:54Z,2026-02-19T09:34:14+00:00,2f009e33895c,aj_xml_sitemap,https://www.aljazeera.com/sitemaps/article-archive/2025/04.xml
Al Jazeera,aljazeera.com,https://www.aljazeera.com/news/2025/4/24/palestinian-officials-vote-to-create-a-vice-presidency-under-mahmoud-abbas,2025-04-24T19:47:46Z,2026-02-19T09:34:14+00:00,d89c54340f7d,aj_xml_sitemap,https://www.aljazeera.com/sitemaps/article-archive/2025/04.xml
Al Jazeera,aljazeera.com,https://www.aljazeera.com/news/2025/4/24/at-least-59-palestinians-killed-as-israel-escalates-gaza-bombardment,2025-04-25T06:15:24Z,2026-02-19T09:34:14+00:00,692987f03819,aj_xml_sitemap,https://www.aljazeera.com/sitemaps/article-archive/2025/04.xml
Al Jazeera,aljazeera.com,https://www.aljazeera.com/news/2025/4/24/spain-halts-controversial-7-5m-deal-to-buy-ammunition-from-israeli-company,2025-04-25T07:39:59Z,2026-02-19T09:34:14+00:00,a19eab258b0d,aj_xml_sitemap,https://www.aljazeera.com/sitemaps/article-archive/2025/04.xml
Al Jazeera,aljazeera.com,https://www.aljazeera.com/news/2025/4/24/putin-tantalises-ukraine-with-a-truce-but-rejects-ceasefire-on-the-ground,2025-04-24T11:34:40Z,2026-02-19T09:34:14+00:00,4dd11346d6df,aj_xml_sitemap,https://www.aljazeera.com/sitemaps/article-archive/2025/04.xml
Al Jazeera,aljazeera.com,https://www.aljazeera.com/news/2025/4/24/hamas-condemns-abbass-remarks-over-gaza-hostages,2025-04-24T10:17:27Z,2026-02-19T09:34:14+00:00,e0dd6a595243,aj_xml_sitemap,https://www.aljazeera.com/sitemaps/article-archive/2025/04.xml
Al Jazeera,aljazeera.com,https://www.aljazeera.com/news/2025/4/24/no-mercy-israel-keeps-blocking-aid-amid-systematic-destruction-of-gaza,2025-04-24T08:11:17Z,2026-02-19T09:34:14+00:00,8fb647ff19c6,aj_xml_sitemap,https://www.aljazeera.com/sitemaps/article-archive/2025/04.xml
Al Jazeera,aljazeera.com,https://www.aljazeera.com/news/2025/4/23/ben-gvir-us-republicans-support-bombing-gaza-food-and-aid-depots,2025-04-23T18:07:12Z,2026-02-19T09:34:14+00:00,8e8bfdc80a2d,aj_xml_sitemap,https://www.aljazeera.com/sitemaps/article-archive/2025/04.xml
Al Jazeera,aljazeera.com,https://www.aljazeera.com/news/2025/4/23/yemens-houthis-launch-rare-attack-on-northern-israel,2025-04-23T12:39:28Z,2026-02-19T09:34:14+00:00,0ae2edd64f07,aj_xml_sitemap,https://www.aljazeera.com/sitemaps/article-archive/2025/04.xml
Al Jazeera,aljazeera.com,https://www.aljazeera.com/news/2025/4/23/child-among-at-least-10-killed-in-israeli-attack-on-school-shelter-in-gaza,2025-04-23T07:15:44Z,2026-02-19T09:34:14+00:00,df2ce98ef823,aj_xml_sitemap,https://www.aljazeera.com/sitemaps/article-archive/2025/04.xml
Al Jazeera,aljazeera.com,https://www.aljazeera.com/news/2025/4/22/he-gave-us-strength-gaza-christians-remember-calls-with-pope-francis,2025-04-22T23:30:33Z,2026-02-19T09:34:14+00:00,d8c13f990f67,aj_xml_sitemap,https://www.aljazeera.com/sitemaps/article-archive/2025/04.xml
Al Jazeera,aljazeera.com,https://www.aljazeera.com/news/2025/4/22/netanyahus-survival-tactics-tested-amid-israel-shin-bet-heads-accusations,2025-04-22T19:02:19Z,2026-02-19T09:34:14+00:00,e0056d5dd877,aj_xml_sitemap,https://www.aljazeera.com/sitemaps/article-archive/2025/04.xml
Al Jazeera,aljazeera.com,https://www.aljazeera.com/news/2025/4/22/detained-palestinian-activist-mohsen-mahdawi-says-hes-in-good-hands,2025-04-22T18:50:36Z,2026-02-19T09:34:14+00:00,000f97bd4488,aj_xml_sitemap,https://www.aljazeera.com/sitemaps/article-archive/2025/04.xml
Al Jazeera,aljazeera.com,https://www.aljazeera.com/news/2025/4/22/israeli-attacks-kill-28-in-gaza-destroy-bulldozers-for-recovering-the-dead,2025-04-22T22:34:23Z,2026-02-19T09:34:14+00:00,53ab381434dd,aj_xml_sitemap,https://www.aljazeera.com/sitemaps/article-archive/2025/04.xml
Al Jazeera,aljazeera.com,https://www.aljazeera.com/news/2025/4/22/israeli-strike-kills-jamaa-islamiya-commander-in-lebanon,2025-04-22T12:37:42Z,2026-02-19T09:34:14+00:00,04ce979f0c77,aj_xml_sitemap,https://www.aljazeera.com/sitemaps/article-archive/2025/04.xml
Al Jazeera,aljazeera.com,https://www.aljazeera.com/news/2025/4/22/israeli-spy-chief-accuses-netanyahu-of-demanding-illegal-operations,2025-04-22T09:17:32Z,2026-02-19T09:34:14+00:00,d80e91e3a818,aj_xml_sitemap,https://www.aljazeera.com/sitemaps/article-archive/2025/04.xml
Al Jazeera,aljazeera.com,https://www.aljazeera.com/news/2025/4/22/palestinian-activist-khalil-denied-release-for-sons-birth-wife-says,2025-04-22T05:23:21Z,2026-02-19T09:34:14+00:00,f26318027a9e,aj_xml_sitemap,https://www.aljazeera.com/sitemaps/article-archive/2025/04.xml
Al Jazeera,aljazeera.com,https://www.aljazeera.com/news/2025/4/21/iran-to-consult-china-after-accusing-israel-of-undermining-nuclear-talks-with-us,2025-04-21T15:52:51Z,2026-02-19T09:34:14+00:00,c202055996c6,aj_xml_sitemap,https://www.aljazeera.com/sitemaps/article-archive/2025/04.xml
Al Jazeera,aljazeera.com,https://www.aljazeera.com/news/2025/4/21/israeli-report-on-killing-of-palestinian-medics-in-gaza-what-to-know,2025-04-21T15:30:50Z,2026-02-19T09:34:14+00:00,d96e754ed127,aj_xml_sitemap,https://www.aljazeera.com/sitemaps/article-archive/2025/04.xml
Al Jazeera,aljazeera.com,https://www.aljazeera.com/news/2025/4/21/russia-resumes-strikes-on-ukraine-as-easter-ceasefire-ends,2025-04-21T22:08:48Z,2026-02-19T09:34:14+00:00,99b34e33d363,aj_xml_sitemap,https://www.aljazeera.com/sitemaps/article-archive/2025/04.xml
Al Jazeera,aljazeera.com,https://www.aljazeera.com/news/2025/4/20/israeli-army-only-finds-professional-failures-in-gaza-aid-worker-killings,2025-04-20T21:10:30Z,2026-02-19T09:34:14+00:00,6b42b673a17c,aj_xml_sitemap,https://www.aljazeera.com/sitemaps/article-archive/2025/04.xml
Al Jazeera,aljazeera.com,https://www.aljazeera.com/news/2025/4/20/palestinians-in-gaza-west-bank-mark-sorrowful-easter-amid-israeli-attacks,2025-04-20T16:51:08Z,2026-02-19T09:34:14+00:00,edb6acebdc02,aj_xml_sitemap,https://www.aljazeera.com/sitemaps/article-archive/2025/04.xml
Al Jazeera,aljazeera.com,https://www.aljazeera.com/news/2025/4/20/lebanese-president-says-disarming-hezbollah-delicate-as-israel-kills-two,2025-04-21T05:56:22Z,2026-02-19T09:34:14+00:00,c4d41324f620,aj_xml_sitemap,https://www.aljazeera.com/sitemaps/article-archive/2025/04.xml
Al Jazeera,aljazeera.com,https://www.aljazeera.com/news/2025/4/20/in-brief-easter-appearance-at-vatican-pope-francis-urges-gaza-ceasefire,2025-04-20T16:53:28Z,2026-02-19T09:34:14+00:00,d05adee2f737,aj_xml_sitemap,https://www.aljazeera.com/sitemaps/article-archive/2025/04.xml
Al Jazeera,aljazeera.com,https://www.aljazeera.com/news/2025/4/19/over-170-arrested-for-attacks-on-pakistan-kfc-outlets-in-gaza-war-protests,2025-04-19T14:41:17Z,2026-02-19T09:34:14+00:00,62a50b933c81,aj_xml_sitemap,https://www.aljazeera.com/sitemaps/article-archive/2025/04.xml
Al Jazeera,aljazeera.com,https://www.aljazeera.com/news/2025/4/19/russia-putin-declares-easter-ceasefire-in-ukraine-conflict,2025-04-19T20:42:46Z,2026-02-19T09:34:14+00:00,4467fc84e81c,aj_xml_sitemap,https://www.aljazeera.com/sitemaps/article-archive/2025/04.xml
Al Jazeera,aljazeera.com,https://www.aljazeera.com/news/2025/4/19/israeli-bombardment-kills-92-in-two-days-gaza-government,2025-04-19T16:33:05Z,2026-02-19T09:34:14+00:00,9f55b5531e62,aj_xml_sitemap,https://www.aljazeera.com/sitemaps/article-archive/2025/04.xml
Al Jazeera,aljazeera.com,https://www.aljazeera.com/news/2025/4/19/palestinian-government-denounces-settler-threat-to-al-aqsa-mosque,2025-04-19T16:23:06Z,2026-02-19T09:34:14+00:00,7089e8d337dd,aj_xml_sitemap,https://www.aljazeera.com/sitemaps/article-archive/2025/04.xml
Al Jazeera,aljazeera.com,https://www.aljazeera.com/news/2025/4/18/deadly-sombre-good-friday-as-50-people-killed-in-israeli-attacks-on-gaza,2025-04-18T22:13:05Z,2026-02-19T09:34:14+00:00,d4b332bd9bf7,aj_xml_sitemap,https://www.aljazeera.com/sitemaps/article-archive/2025/04.xml
Al Jazeera,aljazeera.com,https://www.aljazeera.com/news/2025/4/18/how-do-i-live-like-this-asks-gaza-boy-who-lost-arms-in-israeli-attack,2025-04-20T06:51:53Z,2026-02-19T09:34:14+00:00,07cfcde87857,aj_xml_sitemap,https://www.aljazeera.com/sitemaps/article-archive/2025/04.xml
Al Jazeera,aljazeera.com,https://www.aljazeera.com/news/2025/4/18/at-least-one-killed-by-israeli-strike-near-sidon-in-southern-lebanon,2025-04-18T22:51:49Z,2026-02-19T09:34:14+00:00,b20e416ab098,aj_xml_sitemap,https://www.aljazeera.com/sitemaps/article-archive/2025/04.xml
Al Jazeera,aljazeera.com,https://www.aljazeera.com/news/2025/4/18/aid-groups-warn-gazas-children-surviving-on-less-than-a-meal-a-day,2025-04-19T13:17:37Z,2026-02-19T09:34:14+00:00,7daf25b88f79,aj_xml_sitemap,https://www.aljazeera.com/sitemaps/article-archive/2025/04.xml
Al Jazeera,aljazeera.com,https://www.aljazeera.com/news/2025/4/18/us-to-screen-social-media-of-visa-applicants-who-spent-time-in-gaza,2025-04-18T06:56:09Z,2026-02-19T09:34:14+00:00,5eadd58dde4d,aj_xml_sitemap,https://www.aljazeera.com/sitemaps/article-archive/2025/04.xml
Al Jazeera,aljazeera.com,https://www.aljazeera.com/news/2025/4/17/putin-qatars-emir-discuss-syria-and-gaza-at-meeting-in-moscow,2025-04-17T15:14:30Z,2026-02-19T09:34:14+00:00,db1fa2426c9a,aj_xml_sitemap,https://www.aljazeera.com/sitemaps/article-archive/2025/04.xml
Al Jazeera,aljazeera.com,https://www.aljazeera.com/news/2025/4/17/portrait-of-amputee-palestinian-boy-from-gaza-wins-world-press-photo-award,2025-04-18T02:40:59Z,2026-02-19T09:34:14+00:00,58f3e01b7474,aj_xml_sitemap,https://www.aljazeera.com/sitemaps/article-archive/2025/04.xml
Al Jazeera,aljazeera.com,https://www.aljazeera.com/news/2025/4/17/hamas-blames-israel-for-weaponising-aid-as-gazas-hunger-crisis-worsens,2025-04-17T10:26:35Z,2026-02-19T09:34:14+00:00,2cd3c5d4911d,aj_xml_sitemap,https://www.aljazeera.com/sitemaps/article-archive/2025/04.xml
Al Jazeera,aljazeera.com,https://www.aljazeera.com/news/2025/4/17/a-nation-behind-bars-why-has-israel-imprisoned-10000-palestinians,2025-04-17T06:37:22Z,2026-02-19T09:34:14+00:00,a503cb779d6d,aj_xml_sitemap,https://www.aljazeera.com/sitemaps/article-archive/2025/04.xml
Al Jazeera,aljazeera.com,https://www.aljazeera.com/news/2025/4/16/us-envoy-says-war-in-gaza-would-end-immediately-if-captives-released,2025-04-17T06:14:44Z,2026-02-19T09:34:14+00:00,213d2f553b84,aj_xml_sitemap,https://www.aljazeera.com/sitemaps/article-archive/2025/04.xml
Al Jazeera,aljazeera.com,https://www.aljazeera.com/news/2025/4/16/israel-says-its-troops-will-remain-in-gaza-lebanon-and-syria-indefinitely,2025-04-16T22:37:04Z,2026-02-19T09:34:14+00:00,5f8dafe6dd26,aj_xml_sitemap,https://www.aljazeera.com/sitemaps/article-archive/2025/04.xml
Al Jazeera,aljazeera.com,https://www.aljazeera.com/news/2025/4/16/msf-says-gaza-is-a-mass-grave,2025-04-16T11:18:29Z,2026-02-19T09:34:14+00:00,bf3a44dc6f2c,aj_xml_sitemap,https://www.aljazeera.com/sitemaps/article-archive/2025/04.xml
Al Jazeera,aljazeera.com,https://www.aljazeera.com/news/2025/4/16/top-uk-barrister-israel-is-carrying-out-destruction-of-humanity-in-gaza,2025-04-16T07:59:10Z,2026-02-19T09:34:14+00:00,1b6b98786f84,aj_xml_sitemap,https://www.aljazeera.com/sitemaps/article-archive/2025/04.xml
Al Jazeera,aljazeera.com,https://www.aljazeera.com/news/2025/4/15/hamas-lost-contact-with-group-holding-gaza-captive-after-israeli-attack,2025-04-15T21:21:03Z,2026-02-19T09:34:14+00:00,74618fda5b25,aj_xml_sitemap,https://www.aljazeera.com/sitemaps/article-archive/2025/04.xml
Al Jazeera,aljazeera.com,https://www.aljazeera.com/news/2025/4/15/israeli-attacks-killed-over-70-in-lebanon-since-ceasefire-un,2025-04-15T16:10:58Z,2026-02-19T09:34:14+00:00,bc6704d2fa28,aj_xml_sitemap,https://www.aljazeera.com/sitemaps/article-archive/2025/04.xml
Al Jazeera,aljazeera.com,https://www.aljazeera.com/news/2025/4/15/palestinian-student-arrested-at-us-citizenship-interview-over-gaza-protests,2025-04-15T11:25:58Z,2026-02-19T09:34:14+00:00,faaa2cc047ca,aj_xml_sitemap,https://www.aljazeera.com/sitemaps/article-archive/2025/04.xml
Al Jazeera,aljazeera.com,https://www.aljazeera.com/news/2025/4/15/hamas-studying-israeli-ceasefire-proposal-demand-to-disarm-a-red-line,2025-04-15T04:05:23Z,2026-02-19T09:34:14+00:00,dab2099351e6,aj_xml_sitemap,https://www.aljazeera.com/sitemaps/article-archive/2025/04.xml
Al Jazeera,aljazeera.com,https://www.aljazeera.com/news/2025/4/14/qatar-egypt-leaders-renew-support-for-gaza-ceasefire-reconstruction-plan,2025-04-14T18:06:37Z,2026-02-19T09:34:14+00:00,35a5f99b206a,aj_xml_sitemap,https://www.aljazeera.com/sitemaps/article-archive/2025/04.xml
Al Jazeera,aljazeera.com,https://www.aljazeera.com/news/2025/4/14/germany-orders-deportation-of-pro-palestine-activists-what-you-should-know,2025-04-14T19:27:54Z,2026-02-19T09:34:14+00:00,d0b593f9f7b1,aj_xml_sitemap,https://www.aljazeera.com/sitemaps/article-archive/2025/04.xml
Al Jazeera,aljazeera.com,https://www.aljazeera.com/news/2025/4/13/israels-attack-on-al-alhi-hospital-in-gaza-city-draws-global-condemnation,2025-04-14T06:26:10Z,2026-02-19T09:34:14+00:00,5784d70597be,aj_xml_sitemap,https://www.aljazeera.com/sitemaps/article-archive/2025/04.xml
Al Jazeera,aljazeera.com,https://www.aljazeera.com/news/2025/4/13/how-the-sick-and-injured-fled-as-israel-bombed-gazas-al-ahli-hospital,2025-04-13T18:49:52Z,2026-02-19T09:34:14+00:00,9afc4b2259b9,aj_xml_sitemap,https://www.aljazeera.com/sitemaps/article-archive/2025/04.xml
Al Jazeera,aljazeera.com,https://www.aljazeera.com/news/2025/4/13/timeline-israels-attacks-on-hospitals-throughout-its-war-on-gaza,2025-04-14T13:56:23Z,2026-02-19T09:34:14+00:00,0078c5c83248,aj_xml_sitemap,https://www.aljazeera.com/sitemaps/article-archive/2025/04.xml
Al Jazeera,aljazeera.com,https://www.aljazeera.com/news/2025/4/13/israeli-forces-bomb-al-ahli-hospital-in-gaza-forcing-patients-to-flee,2025-04-13T09:58:07Z,2026-02-19T09:34:14+00:00,54398f7a73b8,aj_xml_sitemap,https://www.aljazeera.com/sitemaps/article-archive/2025/04.xml
Al Jazeera,aljazeera.com,https://www.aljazeera.com/news/2025/4/12/israel-cuts-off-rafah-issues-new-forced-displacement-orders-for-gaza,2025-04-12T17:54:53Z,2026-02-19T09:34:14+00:00,b67099936d8c,aj_xml_sitemap,https://www.aljazeera.com/sitemaps/article-archive/2025/04.xml
Al Jazeera,aljazeera.com,https://www.aljazeera.com/news/2025/4/12/at-least-500-gaza-children-killed-since-israel-broke-truce-official,2025-04-12T15:55:08Z,2026-02-19T09:34:14+00:00,d597ebf6bb77,aj_xml_sitemap,https://www.aljazeera.com/sitemaps/article-archive/2025/04.xml
Al Jazeera,aljazeera.com,https://www.aljazeera.com/news/2025/4/11/us-judge-rules-pro-palestine-activist-mahmoud-khalil-can-be-deported,2025-04-12T06:02:28Z,2026-02-19T09:34:14+00:00,c4210aaaf549,aj_xml_sitemap,https://www.aljazeera.com/sitemaps/article-archive/2025/04.xml
Al Jazeera,aljazeera.com,https://www.aljazeera.com/news/2025/4/11/un-says-israel-threatening-viability-of-palestinians-in-gaza-amid-attacks,2025-04-11T16:35:33Z,2026-02-19T09:34:14+00:00,9666a95bef6a,aj_xml_sitemap,https://www.aljazeera.com/sitemaps/article-archive/2025/04.xml
Al Jazeera,aljazeera.com,https://www.aljazeera.com/news/2025/4/10/palestinian-ahmad-manasra-released-from-israeli-prison-after-nine-years,2025-04-10T22:32:53Z,2026-02-19T09:34:14+00:00,24df7d178844,aj_xml_sitemap,https://www.aljazeera.com/sitemaps/article-archive/2025/04.xml
Al Jazeera,aljazeera.com,https://www.aljazeera.com/news/2025/4/10/turkiye-and-israel-hold-talks-to-avoid-clashes-in-syria,2025-04-10T17:26:03Z,2026-02-19T09:34:14+00:00,6548814bf165,aj_xml_sitemap,https://www.aljazeera.com/sitemaps/article-archive/2025/04.xml
Al Jazeera,aljazeera.com,https://www.aljazeera.com/news/2025/4/10/netanyahu-slams-reservists-urging-end-to-gaza-war-as-army-warns-dismissal,2025-04-10T13:56:57Z,2026-02-19T09:34:14+00:00,d314d6abd067,aj_xml_sitemap,https://www.aljazeera.com/sitemaps/article-archive/2025/04.xml
Al Jazeera,aljazeera.com,https://www.aljazeera.com/news/2025/4/10/mapping-which-countries-recognise-palestine-in-2025,2025-04-10T07:01:45Z,2026-02-19T09:34:14+00:00,de810473bb98,aj_xml_sitemap,https://www.aljazeera.com/sitemaps/article-archive/2025/04.xml
Al Jazeera,aljazeera.com,https://www.aljazeera.com/news/2025/4/9/macron-says-france-could-recognise-palestinian-state-in-june,2025-04-10T07:08:20Z,2026-02-19T09:34:14+00:00,b6b83eb51679,aj_xml_sitemap,https://www.aljazeera.com/sitemaps/article-archive/2025/04.xml
Al Jazeera,aljazeera.com,https://www.aljazeera.com/news/2025/4/9/desperate-rescue-effort-after-major-israeli-strike-on-gaza-apartment-block,2025-04-09T19:06:57Z,2026-02-19T09:34:14+00:00,b4f1b81b7778,aj_xml_sitemap,https://www.aljazeera.com/sitemaps/article-archive/2025/04.xml
Al Jazeera,aljazeera.com,https://www.aljazeera.com/news/2025/4/9/60000-gaza-children-malnourished-as-israels-blockade-continues,2025-04-09T13:07:35Z,2026-02-19T09:34:14+00:00,92d23968fd0a,aj_xml_sitemap,https://www.aljazeera.com/sitemaps/article-archive/2025/04.xml
Al Jazeera,aljazeera.com,https://www.aljazeera.com/news/2025/4/8/israel-shuts-down-unrwa-affiliated-schools-in-occupied-east-jerusalem,2025-04-08T20:39:11Z,2026-02-19T09:34:14+00:00,8a935ce44f68,aj_xml_sitemap,https://www.aljazeera.com/sitemaps/article-archive/2025/04.xml
Al Jazeera,aljazeera.com,https://www.aljazeera.com/news/2025/4/8/un-chief-says-palestinians-in-gaza-in-death-loop-demands-end-to-blockade,2025-04-08T19:49:29Z,2026-02-19T09:34:14+00:00,9e21ee709981,aj_xml_sitemap,https://www.aljazeera.com/sitemaps/article-archive/2025/04.xml
Al Jazeera,aljazeera.com,https://www.aljazeera.com/news/2025/4/8/germany-halts-un-refugee-resettlement-programme,2025-04-08T15:11:29Z,2026-02-19T09:34:14+00:00,5c426860c6e2,aj_xml_sitemap,https://www.aljazeera.com/sitemaps/article-archive/2025/04.xml
Al Jazeera,aljazeera.com,https://www.aljazeera.com/news/2025/4/8/explainer-why-is-israel-attacking-syria,2025-04-08T07:45:41Z,2026-02-19T09:34:14+00:00,879e28622438,aj_xml_sitemap,https://www.aljazeera.com/sitemaps/article-archive/2025/04.xml
Al Jazeera,aljazeera.com,https://www.aljazeera.com/news/2025/4/7/uk-lawyers-accuse-10-britons-who-fought-for-israel-in-gaza-of-war-crimes,2025-04-07T19:33:07Z,2026-02-19T09:34:14+00:00,c11d2f1c3887,aj_xml_sitemap,https://www.aljazeera.com/sitemaps/article-archive/2025/04.xml
Al Jazeera,aljazeera.com,https://www.aljazeera.com/news/2025/4/7/red-crescent-demands-international-probe-into-israel-killing-of-gaza-medics,2025-04-07T16:59:56Z,2026-02-19T09:34:14+00:00,24b6fd0356cc,aj_xml_sitemap,https://www.aljazeera.com/sitemaps/article-archive/2025/04.xml
Al Jazeera,aljazeera.com,https://www.aljazeera.com/news/2025/4/7/ukrainian-team-to-negotiate-latest-minerals-deal-with-us-as-ceasefire-lags,2025-04-07T13:51:20Z,2026-02-19T09:34:14+00:00,12bafc55864e,aj_xml_sitemap,https://www.aljazeera.com/sitemaps/article-archive/2025/04.xml
Al Jazeera,aljazeera.com,https://www.aljazeera.com/news/2025/4/7/israel-bombs-media-tent-in-gaza-killing-and-wounding-reporters,2025-04-07T10:52:56Z,2026-02-19T09:34:14+00:00,02ab78bf3c00,aj_xml_sitemap,https://www.aljazeera.com/sitemaps/article-archive/2025/04.xml
Al Jazeera,aljazeera.com,https://www.aljazeera.com/news/2025/4/7/palestinian-bedouins-say-israeli-settlers-terrorising-them-off-their-land,2025-04-07T08:55:59Z,2026-02-19T09:34:14+00:00,d8535113e1f0,aj_xml_sitemap,https://www.aljazeera.com/sitemaps/article-archive/2025/04.xml
Al Jazeera,aljazeera.com,https://www.aljazeera.com/news/2025/4/6/palestinian-us-teen-killed-by-israeli-settler-in-the-occupied-west-bank,2025-04-07T03:30:56Z,2026-02-19T09:34:14+00:00,c467ae88201f,aj_xml_sitemap,https://www.aljazeera.com/sitemaps/article-archive/2025/04.xml
Al Jazeera,aljazeera.com,https://www.aljazeera.com/news/2025/4/6/mass-protests-in-morocco-against-israels-war-in-gaza-and-us-support,2025-04-07T06:50:15Z,2026-02-19T09:34:14+00:00,8a455150e619,aj_xml_sitemap,https://www.aljazeera.com/sitemaps/article-archive/2025/04.xml
Al Jazeera,aljazeera.com,https://www.aljazeera.com/news/2025/4/6/israel-detains-two-british-mps-on-parliamentary-delegation,2025-04-06T11:17:36Z,2026-02-19T09:34:14+00:00,f7e5d1179914,aj_xml_sitemap,https://www.aljazeera.com/sitemaps/article-archive/2025/04.xml
Al Jazeera,aljazeera.com,https://www.aljazeera.com/news/2025/4/5/israels-netanyahu-set-for-talks-with-trump-in-washington-dc,2025-04-05T22:39:58Z,2026-02-19T09:34:14+00:00,9eb8711ac86a,aj_xml_sitemap,https://www.aljazeera.com/sitemaps/article-archive/2025/04.xml
Al Jazeera,aljazeera.com,https://www.aljazeera.com/news/2025/4/5/israeli-attacks-on-gaza-kill-at-least-30-as-ground-assault-expands,2025-04-06T06:59:32Z,2026-02-19T09:34:14+00:00,8b868838c087,aj_xml_sitemap,https://www.aljazeera.com/sitemaps/article-archive/2025/04.xml
Al Jazeera,aljazeera.com,https://www.aljazeera.com/news/2025/4/5/un-says-100-children-killed-or-injured-in-gaza-every-day-since-war-resumed,2025-04-05T14:28:22Z,2026-02-19T09:34:14+00:00,bcef7665cea5,aj_xml_sitemap,https://www.aljazeera.com/sitemaps/article-archive/2025/04.xml
Al Jazeera,aljazeera.com,https://www.aljazeera.com/news/2025/4/5/unprecedented-video-shows-last-moments-of-gaza-medics-killed-by-israel,2025-04-05T13:43:59Z,2026-02-19T09:34:14+00:00,a719ca78c6d0,aj_xml_sitemap,https://www.aljazeera.com/sitemaps/article-archive/2025/04.xml
Al Jazeera,aljazeera.com,https://www.aljazeera.com/news/2025/4/5/pro-palestinian-protesters-interrupt-microsofts-50th-anniversary-event,2025-04-05T06:03:53Z,2026-02-19T09:34:14+00:00,c8b1175a59ac,aj_xml_sitemap,https://www.aljazeera.com/sitemaps/article-archive/2025/04.xml
Al Jazeera,aljazeera.com,https://www.aljazeera.com/news/2025/4/4/us-will-know-in-weeks-if-russia-serious-about-ceasefire-rubio-says,2025-04-04T18:26:05Z,2026-02-19T09:34:14+00:00,f18a66276375,aj_xml_sitemap,https://www.aljazeera.com/sitemaps/article-archive/2025/04.xml
Al Jazeera,aljazeera.com,https://www.aljazeera.com/news/2025/4/4/russia-stalls-ceasefire-talks-as-it-intensifies-attacks-on-ukraine,2025-04-04T14:13:30Z,2026-02-19T09:34:14+00:00,00d024020846,aj_xml_sitemap,https://www.aljazeera.com/sitemaps/article-archive/2025/04.xml
Al Jazeera,aljazeera.com,https://www.aljazeera.com/news/2025/4/4/israel-has-turned-two-thirds-of-gaza-into-no-go-land-un-says,2025-04-04T22:43:16Z,2026-02-19T09:34:14+00:00,4d22e624ab8f,aj_xml_sitemap,https://www.aljazeera.com/sitemaps/article-archive/2025/04.xml
Al Jazeera,aljazeera.com,https://www.aljazeera.com/news/2025/4/4/palestinian-aid-workers-likely-shot-execution-style-forensic-expert-says,2025-04-04T07:43:14Z,2026-02-19T09:34:14+00:00,9d77b283e13b,aj_xml_sitemap,https://www.aljazeera.com/sitemaps/article-archive/2025/04.xml
Al Jazeera,aljazeera.com,https://www.aljazeera.com/news/2025/4/3/israel-launches-deadly-ground-incursion-amid-airstrikes-on-syria,2025-04-03T19:34:10Z,2026-02-19T09:34:14+00:00,4be18cc61cc6,aj_xml_sitemap,https://www.aljazeera.com/sitemaps/article-archive/2025/04.xml
Al Jazeera,aljazeera.com,https://www.aljazeera.com/news/2025/4/3/israeli-attacks-gaza-schools-turned-shelters-kill-dozens-displaced-palestinians,2025-04-04T06:38:22Z,2026-02-19T09:34:14+00:00,abee7274fb55,aj_xml_sitemap,https://www.aljazeera.com/sitemaps/article-archive/2025/04.xml
Al Jazeera,aljazeera.com,https://www.aljazeera.com/news/2025/4/3/gaza-faces-largest-orphan-crisis-in-modern-history-report-says,2025-04-03T14:55:54Z,2026-02-19T09:34:14+00:00,6eb3a96d9cf3,aj_xml_sitemap,https://www.aljazeera.com/sitemaps/article-archive/2025/04.xml
Al Jazeera,aljazeera.com,https://www.aljazeera.com/news/2025/4/3/hungary-says-it-will-withdraw-from-icc-as-israels-netanyahu-visits,2025-04-03T16:34:17Z,2026-02-19T09:34:14+00:00,4a63c56b30f3,aj_xml_sitemap,https://www.aljazeera.com/sitemaps/article-archive/2025/04.xml
Al Jazeera,aljazeera.com,https://www.aljazeera.com/news/2025/4/2/israel-launches-air-attacks-on-syrias-damascus-and-hama,2025-04-02T21:42:14Z,2026-02-19T09:34:14+00:00,7fa4608615bf,aj_xml_sitemap,https://www.aljazeera.com/sitemaps/article-archive/2025/04.xml
Al Jazeera,aljazeera.com,https://www.aljazeera.com/news/2025/4/2/israels-netanyahu-heads-to-hungary-in-defiance-of-icc-arrest-warrant,2025-04-02T12:51:49Z,2026-02-19T09:34:14+00:00,a103c81bb537,aj_xml_sitemap,https://www.aljazeera.com/sitemaps/article-archive/2025/04.xml
Al Jazeera,aljazeera.com,https://www.aljazeera.com/news/2025/4/2/gaza-war-deadliest-ever-for-journalists-says-report,2025-04-10T14:44:03Z,2026-02-19T09:34:14+00:00,f194e1397df4,aj_xml_sitemap,https://www.aljazeera.com/sitemaps/article-archive/2025/04.xml
Al Jazeera,aljazeera.com,https://www.aljazeera.com/news/2025/4/2/the-ups-and-downs-of-local-pro-palestine-organising,2025-04-02T10:02:35Z,2026-02-19T09:34:14+00:00,3e81090561cd,aj_xml_sitemap,https://www.aljazeera.com/sitemaps/article-archive/2025/04.xml
Al Jazeera,aljazeera.com,https://www.aljazeera.com/news/2025/4/2/israel-expands-ground-assault-on-gaza-seeks-to-seize-extensive-territory,2025-04-02T17:01:34Z,2026-02-19T09:34:14+00:00,da8632c0841f,aj_xml_sitemap,https://www.aljazeera.com/sitemaps/article-archive/2025/04.xml
Al Jazeera,aljazeera.com,https://www.aljazeera.com/news/2025/4/1/ukraine-working-on-minerals-deal-as-us-ceasefire-bid-grinds-on,2025-04-01T12:57:45Z,2026-02-19T09:34:14+00:00,2bb2248a382c,aj_xml_sitemap,https://www.aljazeera.com/sitemaps/article-archive/2025/04.xml
Al Jazeera,aljazeera.com,https://www.aljazeera.com/news/2025/4/1/netanyahu-reverses-israeli-spy-chief-nomination-amid-us-criticism,2025-04-01T10:14:27Z,2026-02-19T09:34:14+00:00,a4c3e88f733f,aj_xml_sitemap,https://www.aljazeera.com/sitemaps/article-archive/2025/04.xml
Al Jazeera,aljazeera.com,https://www.aljazeera.com/news/2025/4/1/israel-bombs-lebanons-beirut-again-testing-fragile-truce-with-hezbollah,2025-04-01T11:09:18Z,2026-02-19T09:34:14+00:00,798304b32454,aj_xml_sitemap,https://www.aljazeera.com/sitemaps/article-archive/2025/04.xml
Al Jazeera,aljazeera.com,https://www.aljazeera.com/news/2025/4/1/a-coup-detat-israels-netanyahu-pushes-ahead-with-his-judicial-changes,2025-04-01T05:31:56Z,2026-02-19T09:34:14+00:00,2d4240994eda,aj_xml_sitemap,https://www.aljazeera.com/sitemaps/article-archive/2025/04.xml
Al Jazeera,aljazeera.com,https://www.aljazeera.com/news/longform/2025/4/16/israeli-soldiers-filmed-themselves-destroying-gaza-see-the-video-evidence,2025-04-16T09:59:07Z,2026-02-19T09:34:14+00:00,b944ab53afe6,aj_xml_sitemap,https://www.aljazeera.com/sitemaps/article-archive/2025/04.xml
Al Jazeera,aljazeera.com,https://www.aljazeera.com/news/longform/2025/4/9/know-their-names-the-gaza-red-crescent-paramedics-israel-attacked,2025-04-09T12:20:52Z,2026-02-19T09:34:14+00:00,da5c83d36576,aj_xml_sitemap,https://www.aljazeera.com/sitemaps/article-archive/2025/04.xml
Al Jazeera,aljazeera.com,https://www.aljazeera.com/news/2025/3/31/israel-orders-rafah-evacuation-as-it-continues-bombardment-of-gaza,2025-03-31T12:16:40Z,2026-02-19T09:34:15+00:00,15daba80c75f,aj_xml_sitemap,https://www.aljazeera.com/sitemaps/article-archive/2025/03.xml
Al Jazeera,aljazeera.com,https://www.aljazeera.com/news/2025/3/31/netanyahu-nominates-new-israeli-spy-chief-despite-court-order,2025-03-31T10:48:15Z,2026-02-19T09:34:15+00:00,e7111684fe53,aj_xml_sitemap,https://www.aljazeera.com/sitemaps/article-archive/2025/03.xml
Al Jazeera,aljazeera.com,https://www.aljazeera.com/news/2025/3/30/israeli-air-attacks-kill-dozens-in-gaza-as-palestinians-mark-eid-al-fitr,2025-03-30T20:33:29Z,2026-02-19T09:34:15+00:00,7bc3c44d4a5b,aj_xml_sitemap,https://www.aljazeera.com/sitemaps/article-archive/2025/03.xml
Al Jazeera,aljazeera.com,https://www.aljazeera.com/news/2025/3/30/israels-pm-netanyahu-to-visit-hungary-despite-icc-arrest-warrant,2025-03-30T15:43:48Z,2026-02-19T09:34:15+00:00,5335105a9fa4,aj_xml_sitemap,https://www.aljazeera.com/sitemaps/article-archive/2025/03.xml
Al Jazeera,aljazeera.com,https://www.aljazeera.com/news/2025/3/30/israel-says-missile-intercepted-from-yemen-as-us-targets-houthi-sites,2025-03-30T11:56:32Z,2026-02-19T09:34:15+00:00,146f2bf3fea6,aj_xml_sitemap,https://www.aljazeera.com/sitemaps/article-archive/2025/03.xml
Al Jazeera,aljazeera.com,https://www.aljazeera.com/news/2025/3/30/palestine-red-crescent-says-missing-gaza-crew-either-dead-or-detained,2025-03-30T19:25:49Z,2026-02-19T09:34:15+00:00,86da214e02ab,aj_xml_sitemap,https://www.aljazeera.com/sitemaps/article-archive/2025/03.xml
Al Jazeera,aljazeera.com,https://www.aljazeera.com/news/2025/3/30/mapping-how-israels-land-grabs-are-reshaping-the-occupied-west-bank,2025-03-30T06:27:40Z,2026-02-19T09:34:15+00:00,a0689d9bbbba,aj_xml_sitemap,https://www.aljazeera.com/sitemaps/article-archive/2025/03.xml
Al Jazeera,aljazeera.com,https://www.aljazeera.com/news/2025/3/29/food-rotting-at-gaza-border-amid-israeli-blockade-un,2025-03-29T22:56:28Z,2026-02-19T09:34:15+00:00,a8d8293f54c9,aj_xml_sitemap,https://www.aljazeera.com/sitemaps/article-archive/2025/03.xml
Al Jazeera,aljazeera.com,https://www.aljazeera.com/news/2025/3/28/israel-launches-first-air-strike-on-lebanons-beirut-since-november-truce,2025-03-28T17:15:03Z,2026-02-19T09:34:15+00:00,40184816c40e,aj_xml_sitemap,https://www.aljazeera.com/sitemaps/article-archive/2025/03.xml
Al Jazeera,aljazeera.com,https://www.aljazeera.com/news/2025/3/28/voices-from-gaza-protests-demand-an-end-to-war-and-suffering,2025-03-28T13:18:39Z,2026-02-19T09:34:15+00:00,32c30f448260,aj_xml_sitemap,https://www.aljazeera.com/sitemaps/article-archive/2025/03.xml
Al Jazeera,aljazeera.com,https://www.aljazeera.com/news/2025/3/28/russias-putin-says-north-korea-brics-should-join-ukraine-ceasefire-talks,2025-03-28T03:31:35Z,2026-02-19T09:34:15+00:00,29428dc92083,aj_xml_sitemap,https://www.aljazeera.com/sitemaps/article-archive/2025/03.xml
Al Jazeera,aljazeera.com,https://www.aljazeera.com/news/2025/3/27/israels-parliament-passes-law-to-expand-coontrol-over-judge-appointments,2025-03-27T21:02:46Z,2026-02-19T09:34:15+00:00,0bdb1e983500,aj_xml_sitemap,https://www.aljazeera.com/sitemaps/article-archive/2025/03.xml
Al Jazeera,aljazeera.com,https://www.aljazeera.com/news/2025/3/27/israeli-drone-strikes-kill-four-people-in-southern-lebanon,2025-03-27T11:08:00Z,2026-02-19T09:34:15+00:00,62ea02614202,aj_xml_sitemap,https://www.aljazeera.com/sitemaps/article-archive/2025/03.xml
Al Jazeera,aljazeera.com,https://www.aljazeera.com/news/2025/3/27/palestinians-face-struggle-to-survive-in-gaza-or-being-forced-out-by-israel,2025-03-27T10:53:55Z,2026-02-19T09:34:15+00:00,be10266d7c8b,aj_xml_sitemap,https://www.aljazeera.com/sitemaps/article-archive/2025/03.xml
Al Jazeera,aljazeera.com,https://www.aljazeera.com/news/2025/3/27/israeli-military-kills-hamas-spokesman-as-gaza-assault-continues,2025-03-27T03:16:39Z,2026-02-19T09:34:15+00:00,8c80e15f47a0,aj_xml_sitemap,https://www.aljazeera.com/sitemaps/article-archive/2025/03.xml
Al Jazeera,aljazeera.com,https://www.aljazeera.com/news/2025/3/26/netanyahu-accuses-israels-opposition-of-fuelling-anarchy,2025-03-26T14:54:20Z,2026-02-19T09:34:15+00:00,b3ffaace3280,aj_xml_sitemap,https://www.aljazeera.com/sitemaps/article-archive/2025/03.xml
Al Jazeera,aljazeera.com,https://www.aljazeera.com/news/2025/3/26/palestinian-oscar-winner-feared-for-his-life-during-israeli-settler-attack,2025-03-26T12:57:49Z,2026-02-19T09:34:15+00:00,830ea8e16db4,aj_xml_sitemap,https://www.aljazeera.com/sitemaps/article-archive/2025/03.xml
Al Jazeera,aljazeera.com,https://www.aljazeera.com/news/2025/3/26/over-140000-displaced-in-a-week-in-gaza-amid-renewed-israeli-attacks-un,2025-03-26T11:16:28Z,2026-02-19T09:34:15+00:00,d654cd5aa3ad,aj_xml_sitemap,https://www.aljazeera.com/sitemaps/article-archive/2025/03.xml
Al Jazeera,aljazeera.com,https://www.aljazeera.com/news/2025/3/26/houthis-say-17-air-strikes-hit-yemen-as-rebels-attack-us-israeli-targets,2025-03-26T08:25:55Z,2026-02-19T09:34:15+00:00,503ee11f579e,aj_xml_sitemap,https://www.aljazeera.com/sitemaps/article-archive/2025/03.xml
Al Jazeera,aljazeera.com,https://www.aljazeera.com/news/2025/3/26/us-judge-blocks-deportation-of-another-pro-palestinian-student-activist,2025-03-26T03:46:22Z,2026-02-19T09:34:15+00:00,dd73e0eefb84,aj_xml_sitemap,https://www.aljazeera.com/sitemaps/article-archive/2025/03.xml
Al Jazeera,aljazeera.com,https://www.aljazeera.com/news/2025/3/25/at-least-six-people-killed-in-israeli-attacks-on-southern-syria,2025-03-25T18:39:33Z,2026-02-19T09:34:15+00:00,4aec1f762b46,aj_xml_sitemap,https://www.aljazeera.com/sitemaps/article-archive/2025/03.xml
Al Jazeera,aljazeera.com,https://www.aljazeera.com/news/2025/3/25/oscar-winning-palestinian-director-hamdan-ballal-released-from-detention,2025-03-25T18:11:47Z,2026-02-19T09:34:15+00:00,1ff415910358,aj_xml_sitemap,https://www.aljazeera.com/sitemaps/article-archive/2025/03.xml
Al Jazeera,aljazeera.com,https://www.aljazeera.com/news/2025/3/25/a-timeline-of-israels-weaponisation-of-aid-to-gaza,2025-03-26T11:12:27Z,2026-02-19T09:34:15+00:00,9336c2e5630c,aj_xml_sitemap,https://www.aljazeera.com/sitemaps/article-archive/2025/03.xml
Al Jazeera,aljazeera.com,https://www.aljazeera.com/news/2025/3/25/children-among-dozens-killed-as-israel-pounds-gaza-from-north-to-south,2025-03-25T16:06:13Z,2026-02-19T09:34:15+00:00,43fe4df23953,aj_xml_sitemap,https://www.aljazeera.com/sitemaps/article-archive/2025/03.xml
Al Jazeera,aljazeera.com,https://www.aljazeera.com/news/2025/3/25/what-is-betar-us-the-group-pushing-to-deport-pro-palestinian-students,2025-03-26T07:49:56Z,2026-02-19T09:34:15+00:00,4dcd6f8fc350,aj_xml_sitemap,https://www.aljazeera.com/sitemaps/article-archive/2025/03.xml
Al Jazeera,aljazeera.com,https://www.aljazeera.com/news/2025/3/25/un-to-downsize-international-staff-in-gaza-due-to-israeli-attacks,2025-03-25T10:09:35Z,2026-02-19T09:34:15+00:00,457712845987,aj_xml_sitemap,https://www.aljazeera.com/sitemaps/article-archive/2025/03.xml
Al Jazeera,aljazeera.com,https://www.aljazeera.com/news/2025/3/25/al-jazeera-condemns-israels-killing-of-journalist-hossam-shabat-in-gaza,2025-03-25T13:04:37Z,2026-02-19T09:34:15+00:00,cb196c2875fb,aj_xml_sitemap,https://www.aljazeera.com/sitemaps/article-archive/2025/03.xml
Al Jazeera,aljazeera.com,https://www.aljazeera.com/news/2025/3/24/no-other-land-co-director-attacked-by-israeli-settlers-and-arrested,2025-03-24T21:14:08Z,2026-02-19T09:34:15+00:00,332f33e4e9c0,aj_xml_sitemap,https://www.aljazeera.com/sitemaps/article-archive/2025/03.xml
Al Jazeera,aljazeera.com,https://www.aljazeera.com/news/2025/3/24/al-jazeera-journalist-killed-in-israeli-strikes-in-northern-gaza,2025-03-25T13:06:42Z,2026-02-19T09:34:15+00:00,cf63ccecf7c6,aj_xml_sitemap,https://www.aljazeera.com/sitemaps/article-archive/2025/03.xml
Al Jazeera,aljazeera.com,https://www.aljazeera.com/news/2025/3/24/israel-building-agency-to-steer-palestinian-voluntary-departure-from-gaza,2025-03-24T17:57:24Z,2026-02-19T09:34:15+00:00,707e9c4aa54d,aj_xml_sitemap,https://www.aljazeera.com/sitemaps/article-archive/2025/03.xml
Al Jazeera,aljazeera.com,https://www.aljazeera.com/news/2025/3/24/israeli-strike-on-gaza-hospital-kills-hamas-leader-teen-officials-say,2025-03-24T05:21:41Z,2026-02-19T09:34:15+00:00,1dec50f5e9f5,aj_xml_sitemap,https://www.aljazeera.com/sitemaps/article-archive/2025/03.xml
Al Jazeera,aljazeera.com,https://www.aljazeera.com/news/2025/3/23/israeli-cabinet-casts-no-confidence-vote-against-attorney-general,2025-03-23T19:39:52Z,2026-02-19T09:34:15+00:00,6f000b1478ea,aj_xml_sitemap,https://www.aljazeera.com/sitemaps/article-archive/2025/03.xml
Al Jazeera,aljazeera.com,https://www.aljazeera.com/news/2025/3/23/analysis-israelis-protest-as-netanyahu-focuses-on-securing-political-power,2025-04-22T15:42:34Z,2026-02-19T09:34:15+00:00,e156ed3602a6,aj_xml_sitemap,https://www.aljazeera.com/sitemaps/article-archive/2025/03.xml
Al Jazeera,aljazeera.com,https://www.aljazeera.com/news/2025/3/23/detained-columbia-activist-khalils-wife-slams-claims-he-is-hamas-supporter,2025-03-23T18:07:22Z,2026-02-19T09:34:15+00:00,c8f7d1bfc70b,aj_xml_sitemap,https://www.aljazeera.com/sitemaps/article-archive/2025/03.xml
Al Jazeera,aljazeera.com,https://www.aljazeera.com/news/2025/3/23/israeli-offensive-in-gaza-has-killed-50000-palestinians-since-october-2023,2025-03-23T20:25:13Z,2026-02-19T09:34:15+00:00,041c518d2ad1,aj_xml_sitemap,https://www.aljazeera.com/sitemaps/article-archive/2025/03.xml
Al Jazeera,aljazeera.com,https://www.aljazeera.com/news/2025/3/23/senior-hamas-leader-among-23-killed-in-israeli-strikes-in-southern-gaza,2025-03-23T13:31:49Z,2026-02-19T09:34:15+00:00,24c891d972ad,aj_xml_sitemap,https://www.aljazeera.com/sitemaps/article-archive/2025/03.xml
Al Jazeera,aljazeera.com,https://www.aljazeera.com/news/2025/3/22/thousands-of-israelis-protest-shin-bet-chiefs-dismissal-for-captives,2025-03-22T20:54:54Z,2026-02-19T09:34:15+00:00,119f3ef4a8f5,aj_xml_sitemap,https://www.aljazeera.com/sitemaps/article-archive/2025/03.xml
Al Jazeera,aljazeera.com,https://www.aljazeera.com/news/2025/3/22/lebanon-warns-of-new-war-as-israel-launches-fresh-deadly-strikes,2025-03-23T11:29:08Z,2026-02-19T09:34:15+00:00,569a59914266,aj_xml_sitemap,https://www.aljazeera.com/sitemaps/article-archive/2025/03.xml
Al Jazeera,aljazeera.com,https://www.aljazeera.com/news/2025/3/22/israel-blows-up-gazas-only-specialised-cancer-hospital-in-massive-strike,2025-03-22T11:11:39Z,2026-02-19T09:34:15+00:00,61bbcf7af97f,aj_xml_sitemap,https://www.aljazeera.com/sitemaps/article-archive/2025/03.xml
Al Jazeera,aljazeera.com,https://www.aljazeera.com/news/2025/3/21/trying-to-heal-the-trauma-of-israeli-raids-in-the-occupied-west-bank,2025-03-21T17:09:25Z,2026-02-19T09:34:15+00:00,7bc1e16e60ac,aj_xml_sitemap,https://www.aljazeera.com/sitemaps/article-archive/2025/03.xml
Al Jazeera,aljazeera.com,https://www.aljazeera.com/news/2025/3/21/israeli-forces-conduct-ground-operations-air-strikes-across-gaza-strip,2025-03-22T02:36:25Z,2026-02-19T09:34:15+00:00,e2e7d8a80086,aj_xml_sitemap,https://www.aljazeera.com/sitemaps/article-archive/2025/03.xml
Al Jazeera,aljazeera.com,https://www.aljazeera.com/news/2025/3/21/israels-cabinet-approves-sacking-of-shin-bet-chief-amid-protests,2025-03-21T20:51:04Z,2026-02-19T09:34:15+00:00,b1ebad94eba8,aj_xml_sitemap,https://www.aljazeera.com/sitemaps/article-archive/2025/03.xml
Al Jazeera,aljazeera.com,https://www.aljazeera.com/news/2025/3/20/houthis-claim-missile-launch-at-israel-amid-renewed-fighting-in-gaza,2025-03-20T11:03:28Z,2026-02-19T09:34:15+00:00,c25c3aeda2c5,aj_xml_sitemap,https://www.aljazeera.com/sitemaps/article-archive/2025/03.xml
Al Jazeera,aljazeera.com,https://www.aljazeera.com/news/2025/3/20/israeli-attacks-in-gaza-kill-more-than-70-including-newborn-baby,2025-03-20T21:07:42Z,2026-02-19T09:34:15+00:00,5c17a0fe8fcb,aj_xml_sitemap,https://www.aljazeera.com/sitemaps/article-archive/2025/03.xml
Al Jazeera,aljazeera.com,https://www.aljazeera.com/news/2025/3/20/spring-brings-more-russian-advances-as-putin-rejects-a-ceasefire-in-ukraine,2025-03-20T07:29:50Z,2026-02-19T09:34:15+00:00,b5a852d785f9,aj_xml_sitemap,https://www.aljazeera.com/sitemaps/article-archive/2025/03.xml
Al Jazeera,aljazeera.com,https://www.aljazeera.com/news/2025/3/20/trump-administration-detains-indian-pro-palestinian-student-for-deportation,2025-03-20T15:23:11Z,2026-02-19T09:34:15+00:00,5bd0e365b432,aj_xml_sitemap,https://www.aljazeera.com/sitemaps/article-archive/2025/03.xml
Al Jazeera,aljazeera.com,https://www.aljazeera.com/news/2025/3/19/how-trump-took-credit-for-the-gaza-ceasefire-and-then-let-it,2025-03-19T21:52:18Z,2026-02-19T09:34:15+00:00,82a763d86942,aj_xml_sitemap,https://www.aljazeera.com/sitemaps/article-archive/2025/03.xml
Al Jazeera,aljazeera.com,https://www.aljazeera.com/news/2025/3/19/israeli-forces-resume-gaza-ground-assault-seize-part-of-netzarim-corridor,2025-03-19T20:56:45Z,2026-02-19T09:34:15+00:00,1b56e10dcbb7,aj_xml_sitemap,https://www.aljazeera.com/sitemaps/article-archive/2025/03.xml
Al Jazeera,aljazeera.com,https://www.aljazeera.com/news/2025/3/19/two-thirds-of-people-israel-killed-in-strikes-were-women-and-children,2025-03-19T16:05:19Z,2026-02-19T09:34:15+00:00,c43e14b8cc7c,aj_xml_sitemap,https://www.aljazeera.com/sitemaps/article-archive/2025/03.xml
Al Jazeera,aljazeera.com,https://www.aljazeera.com/news/2025/3/19/israels-netanyahu-backed-down-on-signed-agreement-hamas-official-says,2025-03-19T12:12:59Z,2026-02-19T09:34:15+00:00,5b0987f67c33,aj_xml_sitemap,https://www.aljazeera.com/sitemaps/article-archive/2025/03.xml
Al Jazeera,aljazeera.com,https://www.aljazeera.com/news/2025/3/19/israeli-attacks-on-gaza-kill-14-palestinians-overnight,2025-03-19T15:39:53Z,2026-02-19T09:34:15+00:00,761a838a209c,aj_xml_sitemap,https://www.aljazeera.com/sitemaps/article-archive/2025/03.xml
Al Jazeera,aljazeera.com,https://www.aljazeera.com/news/2025/3/19/political-prisoner-palestinian-mahmoud-khalil-decries-arrest-in-the-us,2025-03-19T09:42:35Z,2026-02-19T09:34:15+00:00,354a1a875ac9,aj_xml_sitemap,https://www.aljazeera.com/sitemaps/article-archive/2025/03.xml
Al Jazeera,aljazeera.com,https://www.aljazeera.com/news/2025/3/19/israels-netanyahu-warns-deadly-gaza-onslaught-only-the-beginning,2025-03-19T05:33:24Z,2026-02-19T09:34:15+00:00,2d47da03be35,aj_xml_sitemap,https://www.aljazeera.com/sitemaps/article-archive/2025/03.xml
Al Jazeera,aljazeera.com,https://www.aljazeera.com/news/2025/3/18/congolese-rwandan-leaders-meet-in-qatar-call-for-ceasefire-in-eastern-drc,2025-03-18T21:30:04Z,2026-02-19T09:34:15+00:00,e4a8c9c22a55,aj_xml_sitemap,https://www.aljazeera.com/sitemaps/article-archive/2025/03.xml
Al Jazeera,aljazeera.com,https://www.aljazeera.com/news/2025/3/18/children-a-doctor-here-are-some-of-the-people-israel-killed-in-gaza,2025-03-19T04:25:55Z,2026-02-19T09:34:15+00:00,b740f03267ba,aj_xml_sitemap,https://www.aljazeera.com/sitemaps/article-archive/2025/03.xml
Al Jazeera,aljazeera.com,https://www.aljazeera.com/news/2025/3/18/sacrifice-captives-israel-divided-over-end-of-ceasefire-in-gaza,2025-03-19T06:13:08Z,2026-02-19T09:34:15+00:00,11497d3ead29,aj_xml_sitemap,https://www.aljazeera.com/sitemaps/article-archive/2025/03.xml
Al Jazeera,aljazeera.com,https://www.aljazeera.com/news/2025/3/18/israels-ben-gvir-to-rejoin-netanyahus-government,2025-03-18T19:08:32Z,2026-02-19T09:34:15+00:00,f6666f9258b5,aj_xml_sitemap,https://www.aljazeera.com/sitemaps/article-archive/2025/03.xml
Al Jazeera,aljazeera.com,https://www.aljazeera.com/news/2025/3/18/ukraine-presses-for-unconditional-ceasefire-ahead-of-trump-putin-talks,2025-03-18T17:14:02Z,2026-02-19T09:34:15+00:00,ae5e4fc7dbd2,aj_xml_sitemap,https://www.aljazeera.com/sitemaps/article-archive/2025/03.xml
Al Jazeera,aljazeera.com,https://www.aljazeera.com/news/2025/3/18/killing-box-gaza-reacts-to-renewed-israeli-strikes,2025-03-18T13:07:17Z,2026-02-19T09:34:15+00:00,f19313b57f15,aj_xml_sitemap,https://www.aljazeera.com/sitemaps/article-archive/2025/03.xml
Al Jazeera,aljazeera.com,https://www.aljazeera.com/news/2025/3/18/gaza-tracker,2025-12-12T16:07:37Z,2026-02-19T09:34:15+00:00,3ebd452c6a80,aj_xml_sitemap,https://www.aljazeera.com/sitemaps/article-archive/2025/03.xml
Al Jazeera,aljazeera.com,https://www.aljazeera.com/news/2025/3/18/why-did-israel-break-the-ceasefire-in-gaza,2025-03-18T11:19:15Z,2026-02-19T09:34:15+00:00,57c2db36af2e,aj_xml_sitemap,https://www.aljazeera.com/sitemaps/article-archive/2025/03.xml
Al Jazeera,aljazeera.com,https://www.aljazeera.com/news/2025/3/18/israel-informed-us-before-new-gaza-strikes,2025-03-18T11:39:04Z,2026-02-19T09:34:15+00:00,cb3b943ec99f,aj_xml_sitemap,https://www.aljazeera.com/sitemaps/article-archive/2025/03.xml
Al Jazeera,aljazeera.com,https://www.aljazeera.com/news/2025/3/18/israeli-army-issues-evacuation-orders-after-striking-gaza,2025-03-18T10:19:37Z,2026-02-19T09:34:15+00:00,1777785df528,aj_xml_sitemap,https://www.aljazeera.com/sitemaps/article-archive/2025/03.xml
Al Jazeera,aljazeera.com,https://www.aljazeera.com/news/2025/3/18/israels-resumes-its-war-onus-the-people-of-gaza,2025-03-18T08:31:30Z,2026-02-19T09:34:15+00:00,28c2490b166f,aj_xml_sitemap,https://www.aljazeera.com/sitemaps/article-archive/2025/03.xml
Al Jazeera,aljazeera.com,https://www.aljazeera.com/news/2025/3/18/world-reaction-to-israels-wave-of-deadly-attacks-on-gaza,2025-03-18T15:59:08Z,2026-02-19T09:34:15+00:00,33cdca193bf4,aj_xml_sitemap,https://www.aljazeera.com/sitemaps/article-archive/2025/03.xml
Al Jazeera,aljazeera.com,https://www.aljazeera.com/news/2025/3/18/what-israel-and-palestinian-groups-are-saying-about-the-deadly-attacks,2025-03-18T10:20:09Z,2026-02-19T09:34:15+00:00,2147e429ba98,aj_xml_sitemap,https://www.aljazeera.com/sitemaps/article-archive/2025/03.xml
Al Jazeera,aljazeera.com,https://www.aljazeera.com/news/2025/3/18/israel-launches-gaza-assault-killing-hundreds-and-shattering-ceasefire,2025-03-18T11:02:25Z,2026-02-19T09:34:15+00:00,3bd1bf6620a4,aj_xml_sitemap,https://www.aljazeera.com/sitemaps/article-archive/2025/03.xml
Al Jazeera,aljazeera.com,https://www.aljazeera.com/news/2025/3/17/two-people-killed-in-israeli-air-strike-on-deraa-in-southern-syria,2025-03-17T20:53:07Z,2026-02-19T09:34:15+00:00,48ac9288b943,aj_xml_sitemap,https://www.aljazeera.com/sitemaps/article-archive/2025/03.xml
Al Jazeera,aljazeera.com,https://www.aljazeera.com/news/2025/3/16/trump-and-putin-to-discuss-proposed-ukraine-ceasefire-this-week,2025-03-17T06:56:17Z,2026-02-19T09:34:15+00:00,d44bfbe56dd0,aj_xml_sitemap,https://www.aljazeera.com/sitemaps/article-archive/2025/03.xml
Al Jazeera,aljazeera.com,https://www.aljazeera.com/news/2025/3/16/i-was-a-human-shield-what-israeli-soldiers-did-to-a-gaza-father,2025-03-16T11:40:14Z,2026-02-19T09:34:15+00:00,0f60bf5a0b9f,aj_xml_sitemap,https://www.aljazeera.com/sitemaps/article-archive/2025/03.xml
Al Jazeera,aljazeera.com,https://www.aljazeera.com/news/2025/3/15/israel-kills-at-least-nine-palestinians-including-journalists-in-gaza,2025-03-16T11:57:17Z,2026-02-19T09:34:15+00:00,9785c6020665,aj_xml_sitemap,https://www.aljazeera.com/sitemaps/article-archive/2025/03.xml
Al Jazeera,aljazeera.com,https://www.aljazeera.com/news/2025/3/14/hamas-ready-to-hand-over-israeli-captive-and-four-bodies-held-in-gaza,2025-03-14T14:01:26Z,2026-02-19T09:34:15+00:00,b08a2c080fe0,aj_xml_sitemap,https://www.aljazeera.com/sitemaps/article-archive/2025/03.xml
Al Jazeera,aljazeera.com,https://www.aljazeera.com/news/2025/3/14/what-are-putins-conditions-for-a-ceasefire-in-ukraine,2025-03-15T10:52:35Z,2026-02-19T09:34:15+00:00,d530e8052965,aj_xml_sitemap,https://www.aljazeera.com/sitemaps/article-archive/2025/03.xml
Al Jazeera,aljazeera.com,https://www.aljazeera.com/news/2025/3/14/did-putins-military-fatigues-signal-resistance-to-a-ceasefire-in-ukraine,2025-03-14T11:06:20Z,2026-02-19T09:34:15+00:00,5acd08604eb1,aj_xml_sitemap,https://www.aljazeera.com/sitemaps/article-archive/2025/03.xml
Al Jazeera,aljazeera.com,https://www.aljazeera.com/news/2025/3/14/us-and-israel-look-to-africa-for-resettling-palestinians-uprooted-from-gaza,2025-03-14T11:54:45Z,2026-02-19T09:34:15+00:00,7f7dbe53da27,aj_xml_sitemap,https://www.aljazeera.com/sitemaps/article-archive/2025/03.xml
Al Jazeera,aljazeera.com,https://www.aljazeera.com/news/2025/3/14/columbia-university-punishes-pro-palestine-students-who-occupied-building,2025-03-14T05:09:12Z,2026-02-19T09:34:15+00:00,0a61262e5625,aj_xml_sitemap,https://www.aljazeera.com/sitemaps/article-archive/2025/03.xml
Al Jazeera,aljazeera.com,https://www.aljazeera.com/news/2025/3/13/what-is-happening-with-talks-between-israel-the-us-and-hamas,2025-03-14T09:11:26Z,2026-02-19T09:34:15+00:00,10338d461d06,aj_xml_sitemap,https://www.aljazeera.com/sitemaps/article-archive/2025/03.xml
Al Jazeera,aljazeera.com,https://www.aljazeera.com/news/2025/3/13/russias-putin-backs-idea-of-ukraine-ceasefire-but-voices-doubts,2025-03-13T20:27:37Z,2026-02-19T09:34:15+00:00,3bffecb94948,aj_xml_sitemap,https://www.aljazeera.com/sitemaps/article-archive/2025/03.xml
Al Jazeera,aljazeera.com,https://www.aljazeera.com/news/2025/3/13/us-ukraine-ceasefire-proposal-what-could-russia-demand,2025-03-13T12:05:19Z,2026-02-19T09:34:15+00:00,1bf152f6aef2,aj_xml_sitemap,https://www.aljazeera.com/sitemaps/article-archive/2025/03.xml
Al Jazeera,aljazeera.com,https://www.aljazeera.com/news/2025/3/13/russian-us-delegation-to-meet-in-moscow-for-ukraine-ceasefire-talks,2025-11-27T22:43:25Z,2026-02-19T09:34:15+00:00,e92e72cfe10d,aj_xml_sitemap,https://www.aljazeera.com/sitemaps/article-archive/2025/03.xml
Al Jazeera,aljazeera.com,https://www.aljazeera.com/news/2025/3/13/israels-attacks-on-reproductive-healthcare-in-gaza-genocidal-un,2025-03-13T11:38:57Z,2026-02-19T09:34:15+00:00,e135f6d75f05,aj_xml_sitemap,https://www.aljazeera.com/sitemaps/article-archive/2025/03.xml
Al Jazeera,aljazeera.com,https://www.aljazeera.com/news/2025/3/13/hamas-welcomes-trumps-pullback-from-gaza-mass-displacement-plan,2025-03-13T09:52:44Z,2026-02-19T09:34:15+00:00,63513c57931f,aj_xml_sitemap,https://www.aljazeera.com/sitemaps/article-archive/2025/03.xml
Al Jazeera,aljazeera.com,https://www.aljazeera.com/news/2025/3/12/russia-tight-lipped-on-ceasefire-deal-as-us-arms-to-ukraine-resume,2025-03-12T13:28:36Z,2026-02-19T09:34:15+00:00,bfb8b7e04d0b,aj_xml_sitemap,https://www.aljazeera.com/sitemaps/article-archive/2025/03.xml
Al Jazeera,aljazeera.com,https://www.aljazeera.com/news/2025/3/12/ukraine-accepts-30-day-ceasefire-in-us-talks-what-it-means-for-russia-war,2025-04-07T12:25:04Z,2026-02-19T09:34:15+00:00,42a01c343e2b,aj_xml_sitemap,https://www.aljazeera.com/sitemaps/article-archive/2025/03.xml
Al Jazeera,aljazeera.com,https://www.aljazeera.com/news/2025/3/12/yemens-houthis-to-resume-shipping-attacks-over-gaza-aid-cutoff,2025-03-12T08:17:27Z,2026-02-19T09:34:15+00:00,5f504fed2af0,aj_xml_sitemap,https://www.aljazeera.com/sitemaps/article-archive/2025/03.xml
Al Jazeera,aljazeera.com,https://www.aljazeera.com/news/2025/3/11/us-lifts-aid-and-intelligence-suspension-as-ukraine-backs-ceasefire-plan,2025-03-12T03:31:42Z,2026-02-19T09:34:15+00:00,a371d093685a,aj_xml_sitemap,https://www.aljazeera.com/sitemaps/article-archive/2025/03.xml
Al Jazeera,aljazeera.com,https://www.aljazeera.com/news/2025/3/11/israel-releases-four-lebanese-captives-agrees-to-join-border-dispute-talks,2025-03-11T19:28:01Z,2026-02-19T09:34:15+00:00,5edc021cfd95,aj_xml_sitemap,https://www.aljazeera.com/sitemaps/article-archive/2025/03.xml
Al Jazeera,aljazeera.com,https://www.aljazeera.com/news/2025/3/11/israeli-forces-kill-several-people-in-the-occupied-west-bank,2025-03-11T18:09:06Z,2026-02-19T09:34:15+00:00,be3728f5103c,aj_xml_sitemap,https://www.aljazeera.com/sitemaps/article-archive/2025/03.xml
Al Jazeera,aljazeera.com,https://www.aljazeera.com/news/2025/3/11/unrwa-chief-warns-of-deepening-hunger-in-gaza-as-israel-blocks-all-food,2025-03-11T05:21:35Z,2026-02-19T09:34:15+00:00,56626045bca2,aj_xml_sitemap,https://www.aljazeera.com/sitemaps/article-archive/2025/03.xml
Al Jazeera,aljazeera.com,https://www.aljazeera.com/news/2025/3/11/israeli-warplane-attack-military-sites-in-syrias-southern-deraa-province,2025-03-11T01:37:11Z,2026-02-19T09:34:15+00:00,02ffed6cb368,aj_xml_sitemap,https://www.aljazeera.com/sitemaps/article-archive/2025/03.xml
Al Jazeera,aljazeera.com,https://www.aljazeera.com/news/2025/3/10/what-does-israel-cutting-off-gazas-power-mean,2025-03-10T17:48:50Z,2026-02-19T09:34:15+00:00,65db7321f7ef,aj_xml_sitemap,https://www.aljazeera.com/sitemaps/article-archive/2025/03.xml
Al Jazeera,aljazeera.com,https://www.aljazeera.com/news/2025/3/9/israeli-forces-kill-2-in-gaza-even-as-truce-talks-momentum-grows-stronger,2025-03-09T20:43:19Z,2026-02-19T09:34:15+00:00,51ce37db1deb,aj_xml_sitemap,https://www.aljazeera.com/sitemaps/article-archive/2025/03.xml
Al Jazeera,aljazeera.com,https://www.aljazeera.com/news/2025/3/9/israel-to-send-team-for-gaza-ceasefire-talks-in-qatar,2025-03-09T07:32:26Z,2026-02-19T09:34:15+00:00,d1b8f4aff730,aj_xml_sitemap,https://www.aljazeera.com/sitemaps/article-archive/2025/03.xml
Al Jazeera,aljazeera.com,https://www.aljazeera.com/news/2025/3/8/at-least-three-people-killed-in-israeli-attack-on-rafah,2025-03-08T20:53:52Z,2026-02-19T09:34:15+00:00,7c06931756e4,aj_xml_sitemap,https://www.aljazeera.com/sitemaps/article-archive/2025/03.xml
Al Jazeera,aljazeera.com,https://www.aljazeera.com/news/2025/3/8/muslim-nations-european-leaders-back-arab-proposal-for-gaza,2025-03-08T14:39:05Z,2026-02-19T09:34:15+00:00,a40cf095bae5,aj_xml_sitemap,https://www.aljazeera.com/sitemaps/article-archive/2025/03.xml
Al Jazeera,aljazeera.com,https://www.aljazeera.com/news/2025/3/8/yemens-houthis-threaten-israel-over-gaza-aid-blockade,2025-03-16T16:21:40Z,2026-02-19T09:34:15+00:00,2b66688276ca,aj_xml_sitemap,https://www.aljazeera.com/sitemaps/article-archive/2025/03.xml
Al Jazeera,aljazeera.com,https://www.aljazeera.com/news/2025/3/7/we-have-nothing-left-to-lose-gazans-respond-to-trumps-warnings,2025-03-08T14:50:29Z,2026-02-19T09:34:15+00:00,a16d137fad71,aj_xml_sitemap,https://www.aljazeera.com/sitemaps/article-archive/2025/03.xml
Al Jazeera,aljazeera.com,https://www.aljazeera.com/news/2025/3/6/hamas-accuses-trump-of-aiding-israels-netanyahu-in-gaza-blockade,2025-03-06T16:32:35Z,2026-02-19T09:34:15+00:00,53803a0b9ab9,aj_xml_sitemap,https://www.aljazeera.com/sitemaps/article-archive/2025/03.xml
Al Jazeera,aljazeera.com,https://www.aljazeera.com/news/2025/3/6/us-hamas-direct-talks-whats-happening-and-what-comes-next,2025-03-06T11:27:04Z,2026-02-19T09:34:15+00:00,c276015bed53,aj_xml_sitemap,https://www.aljazeera.com/sitemaps/article-archive/2025/03.xml
Al Jazeera,aljazeera.com,https://www.aljazeera.com/news/2025/3/6/israels-gaza-aid-blockade-could-breach-humanitarian-law-european-nations,2025-03-06T10:06:01Z,2026-02-19T09:34:15+00:00,972b75cd4204,aj_xml_sitemap,https://www.aljazeera.com/sitemaps/article-archive/2025/03.xml
Al Jazeera,aljazeera.com,https://www.aljazeera.com/news/2025/3/5/trump-threatens-palestinians-in-gaza-if-you-hold-captives-you-are-dead,2025-03-06T12:24:05Z,2026-02-19T09:34:15+00:00,45f48c123891,aj_xml_sitemap,https://www.aljazeera.com/sitemaps/article-archive/2025/03.xml
Al Jazeera,aljazeera.com,https://www.aljazeera.com/news/2025/3/5/us-confirms-direct-talks-with-hamas,2025-03-06T12:08:04Z,2026-02-19T09:34:15+00:00,691ea1d9807e,aj_xml_sitemap,https://www.aljazeera.com/sitemaps/article-archive/2025/03.xml
Al Jazeera,aljazeera.com,https://www.aljazeera.com/news/2025/3/5/israel-new-army-chief-eyal-zamir-says-hamas-mission-not-accomplished,2025-03-06T06:38:51Z,2026-02-19T09:34:15+00:00,02678187db74,aj_xml_sitemap,https://www.aljazeera.com/sitemaps/article-archive/2025/03.xml
Al Jazeera,aljazeera.com,https://www.aljazeera.com/news/2025/3/4/what-is-egypts-plan-for-the-reconstruction-of-gaza,2025-03-05T21:36:08Z,2026-02-19T09:34:15+00:00,7b5731938343,aj_xml_sitemap,https://www.aljazeera.com/sitemaps/article-archive/2025/03.xml
Al Jazeera,aljazeera.com,https://www.aljazeera.com/news/2025/3/4/arab-leaders-meet-to-discuss-egypts-53bn-gaza-plan,2025-03-04T19:38:51Z,2026-02-19T09:34:15+00:00,8300d6ead5f4,aj_xml_sitemap,https://www.aljazeera.com/sitemaps/article-archive/2025/03.xml
Al Jazeera,aljazeera.com,https://www.aljazeera.com/news/2025/3/4/who-is-eyal-zamir-the-israeli-armys-new-chief-of-staff,2025-03-04T11:36:27Z,2026-02-19T09:34:15+00:00,618f0246b443,aj_xml_sitemap,https://www.aljazeera.com/sitemaps/article-archive/2025/03.xml
Al Jazeera,aljazeera.com,https://www.aljazeera.com/news/2025/3/3/israel-launches-air-attacks-near-syrias-tartous,2025-03-03T20:48:44Z,2026-02-19T09:34:15+00:00,f430f730f227,aj_xml_sitemap,https://www.aljazeera.com/sitemaps/article-archive/2025/03.xml
Al Jazeera,aljazeera.com,https://www.aljazeera.com/news/2025/3/3/israeli-anger-at-ceasefire-delay-focused-on-captives-not-gazas-aid-crisis,2025-04-22T15:43:12Z,2026-02-19T09:34:15+00:00,ba8e9b92a722,aj_xml_sitemap,https://www.aljazeera.com/sitemaps/article-archive/2025/03.xml
Al Jazeera,aljazeera.com,https://www.aljazeera.com/news/2025/3/3/arab-nations-rights-groups-condemn-israels-decision-to-block-gaza-aid,2025-03-03T10:09:31Z,2026-02-19T09:34:15+00:00,1efeeb95dcc5,aj_xml_sitemap,https://www.aljazeera.com/sitemaps/article-archive/2025/03.xml
Al Jazeera,aljazeera.com,https://www.aljazeera.com/news/2025/3/3/one-dead-in-stabbing-attack-in-israels-haifa-assailant-killed,2025-03-03T16:16:10Z,2026-02-19T09:34:15+00:00,b98ad65c7320,aj_xml_sitemap,https://www.aljazeera.com/sitemaps/article-archive/2025/03.xml
Al Jazeera,aljazeera.com,https://www.aljazeera.com/news/2025/3/3/whats-the-emergency-arab-summit-on-gaza-reconstruction-everything-to-know,2025-03-03T08:49:41Z,2026-02-19T09:34:15+00:00,8925fd6b1497,aj_xml_sitemap,https://www.aljazeera.com/sitemaps/article-archive/2025/03.xml
Al Jazeera,aljazeera.com,https://www.aljazeera.com/news/2025/3/3/israeli-palestinian-film-no-other-land-wins-oscar-for-best-documentary,2025-03-03T09:39:10Z,2026-02-19T09:34:15+00:00,4ff39629f784,aj_xml_sitemap,https://www.aljazeera.com/sitemaps/article-archive/2025/03.xml
Al Jazeera,aljazeera.com,https://www.aljazeera.com/news/2025/3/2/israel-reneges-on-ceasefire-deal-warns-hamas-of-consequences,2025-03-02T14:07:27Z,2026-02-19T09:34:15+00:00,cc9f70656759,aj_xml_sitemap,https://www.aljazeera.com/sitemaps/article-archive/2025/03.xml
Al Jazeera,aljazeera.com,https://www.aljazeera.com/news/2025/3/1/hamas-rejects-israels-formulation-to-extend-phase-one-of-gaza-ceasefire,2025-03-01T11:06:30Z,2026-02-19T09:34:15+00:00,cd794ad42296,aj_xml_sitemap,https://www.aljazeera.com/sitemaps/article-archive/2025/03.xml
Al Jazeera,aljazeera.com,https://www.aljazeera.com/news/2025/3/1/us-man-convicted-in-hate-crime-murder-of-palestinian-american-boy,2025-03-01T08:06:39Z,2026-02-19T09:34:15+00:00,5c30b31ccc2c,aj_xml_sitemap,https://www.aljazeera.com/sitemaps/article-archive/2025/03.xml
Al Jazeera,aljazeera.com,https://www.aljazeera.com/news/2025/3/1/pkk-declares-ceasefire-in-40-year-conflict-with-turkiye-kurdish-media,2025-03-01T18:06:21Z,2026-02-19T09:34:15+00:00,9c85eb68e9c7,aj_xml_sitemap,https://www.aljazeera.com/sitemaps/article-archive/2025/03.xml
Al Jazeera,aljazeera.com,https://www.aljazeera.com/news/longform/2025/3/26/gazas-stolen-childhood-the-thousands-of-children-israel-killed,2025-03-26T10:26:10Z,2026-02-19T09:34:15+00:00,336ab5a55c11,aj_xml_sitemap,https://www.aljazeera.com/sitemaps/article-archive/2025/03.xml
Al Jazeera,aljazeera.com,https://www.aljazeera.com/news/2025/2/28/what-has-the-report-into-israeli-military-failures-on-october-7-said,2025-02-28T17:23:48Z,2026-02-19T09:34:15+00:00,1a2d0c19b30a,aj_xml_sitemap,https://www.aljazeera.com/sitemaps/article-archive/2025/02.xml
Al Jazeera,aljazeera.com,https://www.aljazeera.com/news/2025/2/28/talks-under-way-in-egypt-for-second-phase-of-israel-hamas-ceasefire-in-gaza,2025-02-28T17:29:09Z,2026-02-19T09:34:15+00:00,52ac66c40c2f,aj_xml_sitemap,https://www.aljazeera.com/sitemaps/article-archive/2025/02.xml
Al Jazeera,aljazeera.com,https://www.aljazeera.com/news/2025/2/28/israel-army-probe-reveals-complete-failure-in-preventing-october-7-attack,2025-02-28T07:49:53Z,2026-02-19T09:34:15+00:00,6dfd5cfa7844,aj_xml_sitemap,https://www.aljazeera.com/sitemaps/article-archive/2025/02.xml
Al Jazeera,aljazeera.com,https://www.aljazeera.com/news/2025/2/27/nakba-survivors-see-echoes-of-the-past-in-trumps-calls-for-gaza-expulsion,2025-02-27T23:39:47Z,2026-02-19T09:34:15+00:00,211724e4575a,aj_xml_sitemap,https://www.aljazeera.com/sitemaps/article-archive/2025/02.xml
Al Jazeera,aljazeera.com,https://www.aljazeera.com/news/2025/2/27/how-is-israel-violating-the-gaza-ceasefire-deal,2025-02-27T21:37:08Z,2026-02-19T09:34:15+00:00,e460715951dd,aj_xml_sitemap,https://www.aljazeera.com/sitemaps/article-archive/2025/02.xml
Al Jazeera,aljazeera.com,https://www.aljazeera.com/news/2025/2/27/israel-releases-palestinian-prisoners-sends-negotiators-to-cairo,2025-02-27T20:26:14Z,2026-02-19T09:34:15+00:00,49ec8d2a2340,aj_xml_sitemap,https://www.aljazeera.com/sitemaps/article-archive/2025/02.xml
Al Jazeera,aljazeera.com,https://www.aljazeera.com/news/2025/2/27/palestinian-released-by-israel-show-signs-of-torture-starvation,2025-02-27T08:20:32Z,2026-02-19T09:34:15+00:00,30f0c02b945e,aj_xml_sitemap,https://www.aljazeera.com/sitemaps/article-archive/2025/02.xml
Al Jazeera,aljazeera.com,https://www.aljazeera.com/news/2025/2/26/israel-detains-dozens-of-palestinians-in-overnight-west-bank-raids,2025-02-26T13:23:00Z,2026-02-19T09:34:15+00:00,4706e314f7e8,aj_xml_sitemap,https://www.aljazeera.com/sitemaps/article-archive/2025/02.xml
Al Jazeera,aljazeera.com,https://www.aljazeera.com/news/2025/2/26/hamas-says-deal-reached-with-israel-to-release-more-than-600-palestinians,2025-02-26T11:24:51Z,2026-02-19T09:34:15+00:00,d4e94793433c,aj_xml_sitemap,https://www.aljazeera.com/sitemaps/article-archive/2025/02.xml
Al Jazeera,aljazeera.com,https://www.aljazeera.com/news/2025/2/26/designed-to-humiliate-israel-targets-gazas-healthcare-workers,2025-02-26T15:05:23Z,2026-02-19T09:34:15+00:00,4b23455ea68d,aj_xml_sitemap,https://www.aljazeera.com/sitemaps/article-archive/2025/02.xml
Al Jazeera,aljazeera.com,https://www.aljazeera.com/news/2025/2/26/israel-bombs-military-targets-in-southern-syria-outside-damascus,2025-08-27T22:58:30Z,2026-02-19T09:34:15+00:00,a227664ec31c,aj_xml_sitemap,https://www.aljazeera.com/sitemaps/article-archive/2025/02.xml
Al Jazeera,aljazeera.com,https://www.aljazeera.com/news/2025/2/26/a-gaza-mothers-heartbreak-as-her-sons-release-is-postponed,2025-02-26T07:24:15Z,2026-02-19T09:34:15+00:00,bfffff07b25f,aj_xml_sitemap,https://www.aljazeera.com/sitemaps/article-archive/2025/02.xml
Al Jazeera,aljazeera.com,https://www.aljazeera.com/news/2025/2/26/nurse-in-australia-charged-over-video-about-killing-israelis,2025-02-26T04:33:48Z,2026-02-19T09:34:15+00:00,25d01db02529,aj_xml_sitemap,https://www.aljazeera.com/sitemaps/article-archive/2025/02.xml
Al Jazeera,aljazeera.com,https://www.aljazeera.com/news/2025/2/25/six-children-die-of-hypothermia-amid-freezing-conditions-in-gaza,2025-02-26T16:10:36Z,2026-02-19T09:34:15+00:00,b2063ee6c1af,aj_xml_sitemap,https://www.aljazeera.com/sitemaps/article-archive/2025/02.xml
Al Jazeera,aljazeera.com,https://www.aljazeera.com/news/2025/2/24/israeli-tanks-roll-jenin-palestinians-prepare-lengthy-invasion,2025-02-25T05:13:52Z,2026-02-19T09:34:15+00:00,4c80b9cd35d3,aj_xml_sitemap,https://www.aljazeera.com/sitemaps/article-archive/2025/02.xml
Al Jazeera,aljazeera.com,https://www.aljazeera.com/news/2025/2/24/hamas-official-says-netanyahu-intentionally-sabotaging-gaza-ceasefire,2025-02-24T18:42:37Z,2026-02-19T09:34:15+00:00,33165787df39,aj_xml_sitemap,https://www.aljazeera.com/sitemaps/article-archive/2025/02.xml
Al Jazeera,aljazeera.com,https://www.aljazeera.com/news/2025/2/24/why-are-israeli-tanks-in-the-occupied-west-bank,2025-02-24T17:58:42Z,2026-02-19T09:34:15+00:00,e2396b587245,aj_xml_sitemap,https://www.aljazeera.com/sitemaps/article-archive/2025/02.xml
Al Jazeera,aljazeera.com,https://www.aljazeera.com/news/2025/2/24/israel-deploys-tanks-as-assault-on-occupied-west-bank-intensifies,2025-02-24T16:23:57Z,2026-02-19T09:34:15+00:00,e1fef1dfae41,aj_xml_sitemap,https://www.aljazeera.com/sitemaps/article-archive/2025/02.xml
Al Jazeera,aljazeera.com,https://www.aljazeera.com/news/2025/2/23/israel-wont-allow-syria-military-forces-south-of-damascus-netanyahu,2025-02-23T21:26:35Z,2026-02-19T09:34:15+00:00,4135a315a987,aj_xml_sitemap,https://www.aljazeera.com/sitemaps/article-archive/2025/02.xml
Al Jazeera,aljazeera.com,https://www.aljazeera.com/news/2025/2/23/israel-expands-west-bank-offensive-says-troops-to-remain-for-next-year,2025-02-23T12:25:39Z,2026-02-19T09:34:15+00:00,28860c24ce84,aj_xml_sitemap,https://www.aljazeera.com/sitemaps/article-archive/2025/02.xml
Al Jazeera,aljazeera.com,https://www.aljazeera.com/news/2025/2/23/israel-halts-palestinian-prisoners-release-demanding-guarantee-on-captives,2025-02-23T17:19:19Z,2026-02-19T09:34:15+00:00,dfd90bdba728,aj_xml_sitemap,https://www.aljazeera.com/sitemaps/article-archive/2025/02.xml
Al Jazeera,aljazeera.com,https://www.aljazeera.com/news/2025/2/22/netanyahu-playing-dirty-games-to-sabotage-gaza-truce-deal-hamas,2025-02-22T18:26:11Z,2026-02-19T09:34:15+00:00,50c8dafdda5a,aj_xml_sitemap,https://www.aljazeera.com/sitemaps/article-archive/2025/02.xml
Al Jazeera,aljazeera.com,https://www.aljazeera.com/news/2025/2/22/hamas-releases-two-more-israeli-captives-in-gaza-as-part-of-ceasefire,2025-02-22T15:31:19Z,2026-02-19T09:34:15+00:00,67fbac5ca87e,aj_xml_sitemap,https://www.aljazeera.com/sitemaps/article-archive/2025/02.xml
Al Jazeera,aljazeera.com,https://www.aljazeera.com/news/2025/2/22/two-children-killed-in-occupied-west-bank-as-israel-steps-up-sweeping-raids,2025-02-22T09:47:08Z,2026-02-19T09:34:15+00:00,537d7c3f7f7f,aj_xml_sitemap,https://www.aljazeera.com/sitemaps/article-archive/2025/02.xml
Al Jazeera,aljazeera.com,https://www.aljazeera.com/news/2025/2/22/hamas-releases-remains-of-captive-shiri-bibas-after-mix-up-of-bodies,2025-02-22T11:10:00Z,2026-02-19T09:34:15+00:00,114cf2168bff,aj_xml_sitemap,https://www.aljazeera.com/sitemaps/article-archive/2025/02.xml
Al Jazeera,aljazeera.com,https://www.aljazeera.com/news/2025/2/21/sinn-fein-leaders-to-boycott-white-house-visit-over-us-gaza-plan,2025-02-22T12:16:44Z,2026-02-19T09:34:15+00:00,c264425f4760,aj_xml_sitemap,https://www.aljazeera.com/sitemaps/article-archive/2025/02.xml
Al Jazeera,aljazeera.com,https://www.aljazeera.com/news/2025/2/21/arab-leaders-discuss-alternative-to-trump-gaza-plan-at-saudi-arabia-meet,2025-02-21T19:58:21Z,2026-02-19T09:34:15+00:00,58b49f0f7f44,aj_xml_sitemap,https://www.aljazeera.com/sitemaps/article-archive/2025/02.xml
Al Jazeera,aljazeera.com,https://www.aljazeera.com/news/2025/2/21/bus-explosion-in-israels-tel-aviv-what-happened-and-what-we-know-so-far,2025-02-21T10:08:31Z,2026-02-19T09:34:15+00:00,ba900dbfbc0f,aj_xml_sitemap,https://www.aljazeera.com/sitemaps/article-archive/2025/02.xml
Al Jazeera,aljazeera.com,https://www.aljazeera.com/news/2025/2/21/bathing-once-every-10-days-the-reality-of-northern-gazas-water-crisis,2025-02-21T07:52:31Z,2026-02-19T09:34:15+00:00,dfa4357954af,aj_xml_sitemap,https://www.aljazeera.com/sitemaps/article-archive/2025/02.xml
