source_name,source_domain,url,published_at,retrieved_at,article_id,discovery_method,sitemap_url,title,description,fetched_at,http_status,notes,shortlist,relevance_score,relevance_hits
BBC,bbc.com,https://www.bbc.com/news/world-middle-east-54116567,2023-10-11T10:56:44Z,2026-02-19T08:04:48+00:00,54116567,bbc_xml_sitemap,https://www.bbc.com/sitemaps/https-sitemap-com-archive-84.xml,Israel's borders explained in maps,The conflict between Israel and Palestinians has roots which precede the formation of the country itself. Here's how the shape of the Jewish state has changed.,2026-02-19T08:15:08+00:00,200,,1,7,israel|palestin|pa|un
BBC,bbc.com,https://www.bbc.com/news/world-middle-east-20385306,2024-10-16T10:29:53Z,2026-02-19T08:04:54+00:00,20385306,bbc_xml_sitemap,https://www.bbc.com/sitemaps/https-sitemap-com-archive-88.xml,"What are Israelâs Iron Dome, Davidâs Sling, Arrow and Thaad missile defences?",Israel has used its elaborate system of air defences to counter missile and drone attacks.,2026-02-19T08:15:10+00:00,200,,1,4,israel|missile|un
BBC,bbc.com,https://www.bbc.com/news/world-middle-east-20415675,2025-01-16T15:25:38Z,2026-02-19T08:04:54+00:00,20415675,bbc_xml_sitemap,https://www.bbc.com/sitemaps/https-sitemap-com-archive-88.xml,Gaza war in maps and satellite images,"A visual guide to the Gaza Strip since Israel began its military response to Hamas's attacks on 7 October - mapping the destruction, evacuation orders and how things have changed",2026-02-19T08:15:10+00:00,200,,1,7,israel|gaza|hamas
BBC,bbc.com,https://www.bbc.com/news/world-middle-east-18008697,2024-11-21T18:01:12Z,2026-02-19T08:05:11+00:00,18008697,bbc_xml_sitemap,https://www.bbc.com/sitemaps/https-sitemap-com-archive-99.xml,"Benjamin Netanyahu, Israel's controversial leader",Israel's longest serving leader has faced trial and the deadliest attack in the country's history.,2026-02-19T08:15:14+00:00,200,,1,3,israel|un
BBC,bbc.com,https://www.bbc.com/news/world-middle-east-67036625,2023-10-07T22:06:34Z,2026-02-19T08:05:21+00:00,67036625,bbc_xml_sitemap,https://www.bbc.com/sitemaps/https-sitemap-com-archive-103.xml,Israel attack: PM says Israel at war after 250 killed in attack from Gaza,Palestinian militants take dozens of Israelis hostage as they launch biggest attack in years.,2026-02-19T08:15:16+00:00,200,,1,13,israel|israeli|palestin|gaza|pa|hostage|un
BBC,bbc.com,https://www.bbc.com/news/world-middle-east-67037806,2023-10-07T05:38:23Z,2026-02-19T08:05:21+00:00,67037806,bbc_xml_sitemap,https://www.bbc.com/sitemaps/https-sitemap-com-archive-103.xml,Rockets launched from Gaza streak across sky towards Israel,"Video footage shows rockets fired from Gaza, and the aftermath of strikes on Ashkelon, Israel.",2026-02-19T08:15:17+00:00,200,,1,8,israel|gaza|strike|rocket|un
BBC,bbc.com,https://www.bbc.com/news/world-middle-east-67037807,2023-10-07T08:27:04Z,2026-02-19T08:05:21+00:00,67037807,bbc_xml_sitemap,https://www.bbc.com/sitemaps/https-sitemap-com-archive-103.xml,Video 'shows captured Israeli tank in Gaza',"Palestinians are seen jumping on the military vehicle, as smoke pours from it.",2026-02-19T08:15:19+00:00,200,,1,10,israel|israeli|palestin|gaza|pa
BBC,bbc.com,https://www.bbc.com/news/world-middle-east-67037808,2023-10-07T12:00:43Z,2026-02-19T08:05:21+00:00,67037808,bbc_xml_sitemap,https://www.bbc.com/sitemaps/https-sitemap-com-archive-103.xml,Footage emerges of 'gunmen in Sderot',The white truck is thought to be carrying Palestinian militants through the Israeli town.,2026-02-19T08:15:21+00:00,200,,1,9,israel|israeli|palestin|pa|un
BBC,bbc.com,https://www.bbc.com/news/world-middle-east-67040221,2023-10-07T13:09:32Z,2026-02-19T08:05:21+00:00,67040221,bbc_xml_sitemap,https://www.bbc.com/sitemaps/https-sitemap-com-archive-103.xml,How did Israeli intelligence fail to stop major attack from Gaza?,Israeli officials tell BBC an investigation into Gaza's surprise attack will go on for years.,2026-02-19T08:15:24+00:00,200,,1,7,israel|israeli|gaza
BBC,bbc.com,https://www.bbc.com/news/world-middle-east-67037812,2023-10-07T13:12:32Z,2026-02-19T08:05:21+00:00,67037812,bbc_xml_sitemap,https://www.bbc.com/sitemaps/https-sitemap-com-archive-103.xml,BBC in Gaza: 'People here are starting to feel the war',"Israel is carrying out retaliatory strikes in the Gaza strip, after Hamas militants launched a surprise attack.",2026-02-19T08:15:26+00:00,200,,1,9,israel|gaza|hamas|strike|un
BBC,bbc.com,https://www.bbc.com/news/world-middle-east-67040167,2023-10-07T20:02:33Z,2026-02-19T08:05:21+00:00,67040167,bbc_xml_sitemap,https://www.bbc.com/sitemaps/https-sitemap-com-archive-103.xml,People hide in homes as Palestinian militants enter from Gaza,People in towns near the Gaza Strip are phoning news stations saying they are trapped in their homes.,2026-02-19T08:15:28+00:00,200,,1,6,palestin|gaza|pa
BBC,bbc.com,https://www.bbc.com/news/world-middle-east-67044255,2023-10-08T02:38:54Z,2026-02-19T08:05:21+00:00,67044255,bbc_xml_sitemap,https://www.bbc.com/sitemaps/https-sitemap-com-archive-103.xml,What we know about Israeli hostages taken by Hamas,"A ""significant number"" of Israelis are being held by Hamas in the Gaza Strip, the Israeli military says.",2026-02-19T08:15:30+00:00,200,,1,14,israel|israeli|gaza|hamas|israeli military|hostage|hostages
BBC,bbc.com,https://www.bbc.com/news/world-middle-east-67044504,2023-10-08T04:49:10Z,2026-02-19T08:05:21+00:00,67044504,bbc_xml_sitemap,https://www.bbc.com/sitemaps/https-sitemap-com-archive-103.xml,Israelis flee outdoor rave as Hamas militants attack,Distressing footage emerged of people fleeing an outdoor party near a kibbutz after Hamas launched a major offensive.,2026-02-19T08:15:30+00:00,200,,1,9,israel|israeli|hamas|pa|un
BBC,bbc.com,https://www.bbc.com/news/world-middle-east-67044787,2023-10-08T06:50:56Z,2026-02-19T08:05:21+00:00,67044787,bbc_xml_sitemap,https://www.bbc.com/sitemaps/https-sitemap-com-archive-103.xml,'They were going tree by tree and shooting' - Israeli partygoer describes festival attack,Partygoer describes how she survived gunmen at an Israeli festival by lying in a field as shots rang out.,2026-02-19T08:15:31+00:00,200,,1,7,israel|israeli|pa|un
BBC,bbc.com,https://www.bbc.com/news/world-middle-east-67045704,2023-10-08T08:30:52Z,2026-02-19T08:05:21+00:00,67045704,bbc_xml_sitemap,https://www.bbc.com/sitemaps/https-sitemap-com-archive-103.xml,Israel's Iron Dome intercepts rockets from Gaza,"Sirens are heard in the Israeli city of Ashkelon, as missiles fired from Gaza are intercepted.",2026-02-19T08:15:33+00:00,200,,1,9,israel|israeli|gaza|rocket|missile
BBC,bbc.com,https://www.bbc.com/news/world-middle-east-67045650,2023-10-08T08:53:46Z,2026-02-19T08:05:21+00:00,67045650,bbc_xml_sitemap,https://www.bbc.com/sitemaps/https-sitemap-com-archive-103.xml,Footage shows scale of destruction after Israeli air strikes on Gaza,"Israeli air strikes have killed at least 313 people, Palestinian officials say.",2026-02-19T08:15:34+00:00,200,,1,12,israel|israeli|palestin|gaza|pa|air strike|strike
BBC,bbc.com,https://www.bbc.com/news/world-middle-east-67045138,2023-10-08T16:09:03Z,2026-02-19T08:05:21+00:00,67045138,bbc_xml_sitemap,https://www.bbc.com/sitemaps/https-sitemap-com-archive-103.xml,Israeli forces fight to drive out Hamas militants as death toll passes 600,"Troops try to clear gunmen from several areas, as the Israeli death toll reportedly passes 600.",2026-02-19T08:15:35+00:00,200,,1,9,israel|israeli|hamas|pa|un
BBC,bbc.com,https://www.bbc.com/news/world-middle-east-67045651,2023-10-08T11:05:24Z,2026-02-19T08:05:21+00:00,67045651,bbc_xml_sitemap,https://www.bbc.com/sitemaps/https-sitemap-com-archive-103.xml,Fierce gun battle on Israeli highway,"Motorists duck for cover as multiple shots are fired during a gun battle on Route 4, between Ashdod and the Gaza border.",2026-02-19T08:15:36+00:00,200,,1,8,israel|israeli|gaza|un
BBC,bbc.com,https://www.bbc.com/news/world-middle-east-67046258,2023-10-08T11:20:37Z,2026-02-19T08:05:21+00:00,67046258,bbc_xml_sitemap,https://www.bbc.com/sitemaps/https-sitemap-com-archive-103.xml,Moment after Israeli hostage pushed into car,Dozens of Israelis are believed to have been captured by Palestinian militants in an assault into Israeli territory.,2026-02-19T08:15:37+00:00,200,,1,10,israel|israeli|palestin|pa|hostage
BBC,bbc.com,https://www.bbc.com/news/world-middle-east-67046394,2023-10-08T11:41:30Z,2026-02-19T08:05:21+00:00,67046394,bbc_xml_sitemap,https://www.bbc.com/sitemaps/https-sitemap-com-archive-103.xml,"Two Israeli tourists and local guide shot dead in Egypt, Israel says","Another Israeli was wounded in the attack in the city of Alexandria, Israel's foreign ministry says.",2026-02-19T08:15:38+00:00,200,,1,6,israel|israeli|un
BBC,bbc.com,https://www.bbc.com/news/world-middle-east-67046261,2023-10-08T12:00:30Z,2026-02-19T08:05:21+00:00,67046261,bbc_xml_sitemap,https://www.bbc.com/sitemaps/https-sitemap-com-archive-103.xml,Gazans run from Israeli missile strike,Footage shows people flee as an Israeli missile strikes a residential neighbourhood in north west Gaza.,2026-02-19T08:15:39+00:00,200,,1,10,israel|israeli|gaza|strike|missile|un
BBC,bbc.com,https://www.bbc.com/news/world-middle-east-67046262,2023-10-08T12:06:08Z,2026-02-19T08:05:21+00:00,67046262,bbc_xml_sitemap,https://www.bbc.com/sitemaps/https-sitemap-com-archive-103.xml,Missile strikes next to BBC Gaza rooftop base,Video footage shows an Israeli missile destroy a building close to the BBC's broadcast position.,2026-02-19T08:15:40+00:00,200,,1,9,israel|israeli|gaza|strike|missile
BBC,bbc.com,https://www.bbc.com/news/world-middle-east-67046444,2023-10-08T15:14:37Z,2026-02-19T08:05:21+00:00,67046444,bbc_xml_sitemap,https://www.bbc.com/sitemaps/https-sitemap-com-archive-103.xml,Shani Louk: Mother pleads for help as daughter goes missing at festival,Shani Louk's family believe she was taken away by Hamas militants in the back of a pick-up truck.,2026-02-19T08:15:41+00:00,200,,1,2,hamas
BBC,bbc.com,https://www.bbc.com/news/world-middle-east-67045078,2023-10-09T06:41:06Z,2026-02-19T08:05:21+00:00,67045078,bbc_xml_sitemap,https://www.bbc.com/sitemaps/https-sitemap-com-archive-103.xml,Gaza hospital deluged as Israel retaliation kills and wounds hundreds,A BBC reporter in Gaza says there is almost no power and hospitals are overrun after Israeli air strikes.,2026-02-19T08:15:42+00:00,200,,1,10,israel|israeli|gaza|air strike|strike|un
BBC,bbc.com,https://www.bbc.com/news/world-middle-east-67047034,2023-10-09T14:28:42Z,2026-02-19T08:05:21+00:00,67047034,bbc_xml_sitemap,https://www.bbc.com/sitemaps/https-sitemap-com-archive-103.xml,Israeli music festival: 260 bodies recovered from site where people fled in hail of bullets,Festival-goers describe mass panic as they fled and hid in bushes as a trance music party came under attack.,2026-02-19T08:15:43+00:00,200,,1,7,israel|israeli|pa|un
BBC,bbc.com,https://www.bbc.com/news/world-middle-east-67048672,2023-10-08T20:13:54Z,2026-02-19T08:05:21+00:00,67048672,bbc_xml_sitemap,https://www.bbc.com/sitemaps/https-sitemap-com-archive-103.xml,'Nobody could help us' - Shock and anger in Israel's Ashkelon,Many people are shocked at how their powerful security forces were overwhelmed by Hamas.,2026-02-19T08:15:44+00:00,200,,1,5,israel|hamas
BBC,bbc.com,https://www.bbc.com/news/world-middle-east-67050445,2023-10-08T23:09:08Z,2026-02-19T08:05:21+00:00,67050445,bbc_xml_sitemap,https://www.bbc.com/sitemaps/https-sitemap-com-archive-103.xml,Loud explosion heard in Gaza halts BBC journalist's on air report,Rushdi Abu Alouf was speaking to the BBC News Channel when a loud explosion was heard.,2026-02-19T08:15:45+00:00,200,,1,3,gaza|plo
BBC,bbc.com,https://www.bbc.com/news/world-middle-east-67039975,2025-01-21T17:08:56Z,2026-02-19T08:05:21+00:00,67039975,bbc_xml_sitemap,https://www.bbc.com/sitemaps/https-sitemap-com-archive-103.xml,What is Hamas and why is it fighting with Israel in Gaza?,"Hamas attacked Israel on 7 October 2023, killing about 1,200 people and taking 251 hostages.",2026-02-19T08:15:46+00:00,200,,1,11,israel|gaza|hamas|hostage|hostages
BBC,bbc.com,https://www.bbc.com/news/world-middle-east-67041495,2023-10-07T16:30:19Z,2026-02-19T08:05:21+00:00,67041495,bbc_xml_sitemap,https://www.bbc.com/sitemaps/https-sitemap-com-archive-103.xml,Massive explosion as Gaza high-rises destroyed by jets,The IDF says it struck military infrastructure belonging to senior Hamas terrorist organization operatives.,2026-02-19T08:15:47+00:00,200,,1,8,gaza|hamas|idf|plo
BBC,bbc.com,https://www.bbc.com/news/world-middle-east-67041679,2023-10-07T16:33:39Z,2026-02-19T08:05:21+00:00,67041679,bbc_xml_sitemap,https://www.bbc.com/sitemaps/https-sitemap-com-archive-103.xml,Hamas blindsides Israel with most serious attack in a generation - Jeremy Bowen,"Risk of flare-up between Palestinian militants and Israel has been deepening for months, writes Jeremy Bowen.",2026-02-19T08:15:48+00:00,200,,1,8,israel|palestin|hamas|pa
BBC,bbc.com,https://www.bbc.com/news/world-middle-east-67043574,2023-10-07T19:55:27Z,2026-02-19T08:05:21+00:00,67043574,bbc_xml_sitemap,https://www.bbc.com/sitemaps/https-sitemap-com-archive-103.xml,Israeli partygoers who witnessed militant attack,Palestinian militants attacked an outdoor party in Israel attended by thousands of young people.,2026-02-19T08:15:49+00:00,200,,1,9,israel|israeli|palestin|pa|un
BBC,bbc.com,https://www.bbc.com/news/world-middle-east-67043563,2023-10-07T20:27:03Z,2026-02-19T08:05:21+00:00,67043563,bbc_xml_sitemap,https://www.bbc.com/sitemaps/https-sitemap-com-archive-103.xml,"Hamas attack shocks Israel, but what comes next?",Tensions had recently risen in Gaza - but this attack was unexpected on a Jewish holiday.,2026-02-19T08:15:50+00:00,200,,1,8,israel|gaza|hamas|un
BBC,bbc.com,https://www.bbc.com/news/world-middle-east-67041499,2023-10-07T21:43:58Z,2026-02-19T08:05:21+00:00,67041499,bbc_xml_sitemap,https://www.bbc.com/sitemaps/https-sitemap-com-archive-103.xml,Watch: How Hamas' shock attack on Israel unfolded,"Watch the footage of unprecedented scenes in Israel and Gaza, verified and explained by the BBC.",2026-02-19T08:15:52+00:00,200,,1,8,israel|gaza|hamas|un
BBC,bbc.com,https://www.bbc.com/news/world-middle-east-67044182,2023-10-08T06:28:35Z,2026-02-19T08:05:21+00:00,67044182,bbc_xml_sitemap,https://www.bbc.com/sitemaps/https-sitemap-com-archive-103.xml,"Israel faces 'long, difficult war' after Hamas attack from Gaza","Militants are still fighting in Israel, says the military, after an unprecedented Hamas attack.",2026-02-19T08:15:53+00:00,200,,1,8,israel|gaza|hamas|un
BBC,bbc.com,https://www.bbc.com/news/world-middle-east-67051618,2023-10-09T08:42:18Z,2026-02-19T08:05:21+00:00,67051618,bbc_xml_sitemap,https://www.bbc.com/sitemaps/https-sitemap-com-archive-103.xml,Watch: From party to chaos - inside Supernova site,More than 260 bodies have reportedly been recovered from the festival in the desert in southern Israel.,2026-02-19T08:15:54+00:00,200,,1,3,israel|pa
BBC,bbc.com,https://www.bbc.com/news/world-middle-east-67051619,2023-10-09T10:55:06Z,2026-02-19T08:05:21+00:00,67051619,bbc_xml_sitemap,https://www.bbc.com/sitemaps/https-sitemap-com-archive-103.xml,Israel: Ashkelon hit by rockets as BBC team run for cover,The BBC's team in the southern Israeli city runs for cover when a missile siren sounded.,2026-02-19T08:15:55+00:00,200,,1,8,israel|israeli|rocket|missile|un
BBC,bbc.com,https://www.bbc.com/news/world-middle-east-67053011,2025-02-27T13:36:24Z,2026-02-19T08:05:21+00:00,67053011,bbc_xml_sitemap,https://www.bbc.com/sitemaps/https-sitemap-com-archive-103.xml,Hamas hostages: Stories of the people taken from Israel,Around 59 hostages taken during 7 October attacks are still believed to be in Gaza.,2026-02-19T08:15:56+00:00,200,,1,12,israel|gaza|hamas|hostage|hostages|un
BBC,bbc.com,https://www.bbc.com/news/world-middle-east-67050127,2023-10-09T15:16:52Z,2026-02-19T08:05:21+00:00,67050127,bbc_xml_sitemap,https://www.bbc.com/sitemaps/https-sitemap-com-archive-103.xml,Israel's military says it fully controls communities on Gaza border,"The military clears areas seized by Hamas two days ago, but it says gunmen may still be at large.",2026-02-19T08:15:57+00:00,200,,1,8,israel|gaza|hamas|un
BBC,bbc.com,https://www.bbc.com/news/world-middle-east-67051620,2023-10-09T12:36:17Z,2026-02-19T08:05:21+00:00,67051620,bbc_xml_sitemap,https://www.bbc.com/sitemaps/https-sitemap-com-archive-103.xml,Driving through Gaza streets hit by Israel strikes,More than 500 people have died since Israel began striking the area in response to attacks from Hamas.,2026-02-19T08:15:58+00:00,200,,1,8,israel|gaza|hamas|strike
BBC,bbc.com,https://www.bbc.com/news/world-middle-east-67051292,2023-10-09T20:27:20Z,2026-02-19T08:05:21+00:00,67051292,bbc_xml_sitemap,https://www.bbc.com/sitemaps/https-sitemap-com-archive-103.xml,"Gaza 'soon without fuel, medicine and food' - Israel authorities","Israel has announced a ""complete siege"" on the Strip in response to Saturday's attacks.",2026-02-19T08:15:58+00:00,200,,1,7,israel|gaza|siege|un
BBC,bbc.com,https://www.bbc.com/news/world-middle-east-67072161,2023-10-10T16:55:35Z,2026-02-19T08:05:21+00:00,67072161,bbc_xml_sitemap,https://www.bbc.com/sitemaps/https-sitemap-com-archive-103.xml,Elite Israeli soldiers gain control of border areas,The BBC's Jeremy Bowen reports from Kfar Aza in southern Israel.,2026-02-19T08:15:59+00:00,200,,1,5,israel|israeli
BBC,bbc.com,https://www.bbc.com/news/world-middle-east-67072901,2023-10-10T18:17:00Z,2026-02-19T08:05:21+00:00,67072901,bbc_xml_sitemap,https://www.bbc.com/sitemaps/https-sitemap-com-archive-103.xml,Kibbutz Kfar Aza: Hamas killed whole families,The BBC's International Editor Jeremy Bowen has visited the village Kfar Aza - the site of a massacre committed by Hamas near the border with Gaza.,2026-02-19T08:15:59+00:00,200,,1,5,gaza|hamas
BBC,bbc.com,https://www.bbc.com/news/world-middle-east-67067595,2023-10-10T18:24:51Z,2026-02-19T08:05:21+00:00,67067595,bbc_xml_sitemap,https://www.bbc.com/sitemaps/https-sitemap-com-archive-103.xml,"'A lot of adrenaline, a lot of unknowns': Reservists flock to join Israel's fight","In the hours after Saturday's Hamas attack, tens of thousands of Israelis prepared to go back to duty.",2026-02-19T08:16:00+00:00,200,,1,9,israel|israeli|hamas|pa|un
BBC,bbc.com,https://www.bbc.com/news/world-middle-east-67065341,2023-10-10T20:08:39Z,2026-02-19T08:05:21+00:00,67065341,bbc_xml_sitemap,https://www.bbc.com/sitemaps/https-sitemap-com-archive-103.xml,'Where do we go?' - Nowhere safe in Gaza as Israeli strikes intensify,"Rimal, Gaza City's wealthiest area, was a safe haven before a wave of Israeli strikes overnight.",2026-02-19T08:16:01+00:00,200,,1,8,israel|israeli|gaza|strike
BBC,bbc.com,https://www.bbc.com/news/world-middle-east-67065205,2023-10-11T04:37:02Z,2026-02-19T08:05:21+00:00,67065205,bbc_xml_sitemap,https://www.bbc.com/sitemaps/https-sitemap-com-archive-103.xml,Inside Kfar Aza where Hamas militants killed families in their homes,"In Kfar Aza, Israeli soldiers tell the BBC they have uncovered a massacre of civilians, including children and babies.",2026-02-19T08:16:02+00:00,200,,1,8,israel|israeli|hamas|un
BBC,bbc.com,https://www.bbc.com/news/world-middle-east-67067555,2023-10-10T22:28:45Z,2026-02-19T08:05:21+00:00,67067555,bbc_xml_sitemap,https://www.bbc.com/sitemaps/https-sitemap-com-archive-103.xml,Israel festival massacre - how key video was verified,Caroline Hawley works through video from the Supernova festival that was attacked by Hamas militants.,2026-02-19T08:16:03+00:00,200,,1,5,israel|hamas
BBC,bbc.com,https://www.bbc.com/news/world-middle-east-67074435,2023-10-11T06:04:15Z,2026-02-19T08:05:21+00:00,67074435,bbc_xml_sitemap,https://www.bbc.com/sitemaps/https-sitemap-com-archive-103.xml,"Hiding at home, blinded and choked by dust - life in Gaza",A journalist films a video diary evacuating from house to house showing the extreme level of dust from air strikes.,2026-02-19T08:16:03+00:00,200,,1,4,gaza|air strike|strike
BBC,bbc.com,https://www.bbc.com/news/world-middle-east-67048805,2023-10-08T16:10:04Z,2026-02-19T08:05:21+00:00,67048805,bbc_xml_sitemap,https://www.bbc.com/sitemaps/https-sitemap-com-archive-103.xml,Destroyed cars line road near Israel festival in chilling video,The remains of cars can be seen after militants attacked people attending an outdoor party.,2026-02-19T08:16:04+00:00,200,,1,3,israel|pa
BBC,bbc.com,https://www.bbc.com/news/world-middle-east-67048564,2023-10-08T16:35:17Z,2026-02-19T08:05:21+00:00,67048564,bbc_xml_sitemap,https://www.bbc.com/sitemaps/https-sitemap-com-archive-103.xml,Militants attack Israel/Gaza border crossing point in propaganda footage,Propaganda footage released on the Qassam Brigades Telegram channel shows militants' assault on the Erez/Beit Hanoun border crossing between Israel and Gaza.,2026-02-19T08:16:06+00:00,200,,1,8,israel|gaza|pa|un|border crossing
BBC,bbc.com,https://www.bbc.com/news/world-middle-east-67046750,2023-10-08T17:47:22Z,2026-02-19T08:05:21+00:00,67046750,bbc_xml_sitemap,https://www.bbc.com/sitemaps/https-sitemap-com-archive-103.xml,How Hamas staged Israel lightning assault no-one thought possible,Palestinian militants launched the type of widespread surprise attack that no one expected.,2026-02-19T08:16:07+00:00,200,,1,9,israel|palestin|hamas|pa|un
BBC,bbc.com,https://www.bbc.com/news/world-middle-east-67059870,2023-10-09T16:38:54Z,2026-02-19T08:05:21+00:00,67059870,bbc_xml_sitemap,https://www.bbc.com/sitemaps/https-sitemap-com-archive-103.xml,Israeli soldier's funeral interrupted by sirens,"During a soldier's funeral in Israel, a crowd of hundreds were forced to take cover as sirens went off.",2026-02-19T08:16:07+00:00,200,,1,6,israel|israeli|un
BBC,bbc.com,https://www.bbc.com/news/world-middle-east-67056987,2023-10-09T16:44:04Z,2026-02-19T08:05:21+00:00,67056987,bbc_xml_sitemap,https://www.bbc.com/sitemaps/https-sitemap-com-archive-103.xml,Why did it take Israel so long to deal with Hamas's attack from Gaza?,It took two full days for Israel to clear Hamas fighters from its land - and some are asking why.,2026-02-19T08:16:08+00:00,200,,1,7,israel|gaza|hamas
BBC,bbc.com,https://www.bbc.com/news/world-middle-east-67058244,2023-10-09T17:21:22Z,2026-02-19T08:05:21+00:00,67058244,bbc_xml_sitemap,https://www.bbc.com/sitemaps/https-sitemap-com-archive-103.xml,Did Iran support plan for attack on Israel?,"Iran has long backed Hamas, and questions are being asked about its role in the militant group's attack on Israel.",2026-02-19T08:16:09+00:00,200,,1,5,israel|hamas
BBC,bbc.com,https://www.bbc.com/news/world-middle-east-67056741,2023-10-10T16:02:40Z,2026-02-19T08:05:21+00:00,67056741,bbc_xml_sitemap,https://www.bbc.com/sitemaps/https-sitemap-com-archive-103.xml,Supernova festival: How massacre unfolded from verified video and social media,The footage that shows joy turning to horror at an Israeli music festival in the desert.,2026-02-19T08:16:10+00:00,200,,1,6,israel|israeli|un
BBC,bbc.com,https://www.bbc.com/news/world-middle-east-67058544,2023-10-09T20:15:51Z,2026-02-19T08:05:21+00:00,67058544,bbc_xml_sitemap,https://www.bbc.com/sitemaps/https-sitemap-com-archive-103.xml,Watch: Israeli festivalgoer kidnapped by Hamas militants,Watch: Israeli festivalgoer kidnapped by Hamas militants,2026-02-19T08:16:11+00:00,200,,1,7,israel|israeli|hamas
BBC,bbc.com,https://www.bbc.com/news/world-middle-east-67058549,2023-10-09T22:37:41Z,2026-02-19T08:05:21+00:00,67058549,bbc_xml_sitemap,https://www.bbc.com/sitemaps/https-sitemap-com-archive-103.xml,Gaza: Aftermath of airstrike on Jabalia refugee camp,"BBC Arabic footage shows people amidst ruins, following an Israeli airstrike in Jabalia refugee camp.",2026-02-19T08:16:11+00:00,200,,1,10,israel|israeli|gaza|jabalia|airstrike|strike
BBC,bbc.com,https://www.bbc.com/news/world-middle-east-67062491,2023-10-10T05:26:35Z,2026-02-19T08:05:21+00:00,67062491,bbc_xml_sitemap,https://www.bbc.com/sitemaps/https-sitemap-com-archive-103.xml,BBC reporter in Gaza: 'I could hear kids screaming',The BBC's Rushdi Abu Alouf describes the situation in Gaza as the region reels from Israeli air strikes.,2026-02-19T08:16:12+00:00,200,,1,9,israel|israeli|gaza|air strike|strike
BBC,bbc.com,https://www.bbc.com/news/world-middle-east-67062240,2023-10-10T06:10:22Z,2026-02-19T08:05:21+00:00,67062240,bbc_xml_sitemap,https://www.bbc.com/sitemaps/https-sitemap-com-archive-103.xml,Doctor in Gaza: I woke up to sounds of explosions,British doctor Abdul Qadir Hammad was in Gaza a day before Hamas launched its deadly attack on Israel.,2026-02-19T08:16:13+00:00,200,,1,9,israel|gaza|hamas|plo|un
BBC,bbc.com,https://www.bbc.com/news/world-middle-east-67065234,2023-10-10T09:39:48Z,2026-02-19T08:05:21+00:00,67065234,bbc_xml_sitemap,https://www.bbc.com/sitemaps/https-sitemap-com-archive-103.xml,Inside Israel and Gaza as rockets and gun fights hit region,"Since Hamas attacked Israel on Saturday, more than 1,700 people have been killed in shootings and air strikes.",2026-02-19T08:16:14+00:00,200,,1,11,israel|gaza|hamas|air strike|strike|rocket|un
BBC,bbc.com,https://www.bbc.com/news/world-middle-east-67065398,2023-10-10T09:57:41Z,2026-02-19T08:05:21+00:00,67065398,bbc_xml_sitemap,https://www.bbc.com/sitemaps/https-sitemap-com-archive-103.xml,How Hamas' shock attack on Israel unfolded,"Palestinian militant group Hamas launched an attack on Israel, with rocket strikes, killings and hostage taking. Israel launched a retaliatory wave of air strikes on Gaza.",2026-02-19T08:16:15+00:00,200,,1,16,israel|palestin|gaza|hamas|pa|air strike|strike|rocket|hostage|un
BBC,bbc.com,https://www.bbc.com/news/world-middle-east-67054825,2023-10-11T15:21:51Z,2026-02-19T08:05:21+00:00,67054825,bbc_xml_sitemap,https://www.bbc.com/sitemaps/https-sitemap-com-archive-103.xml,Hamas Israel attacks: The international victims of the assault on Israel,A number of those identified as dead or missing since Hamas launched attacks on Israel are from overseas.,2026-02-19T08:16:16+00:00,200,,1,6,israel|hamas|un
BBC,bbc.com,https://www.bbc.com/news/world-middle-east-67058540,2023-10-09T15:04:27Z,2026-02-19T08:05:21+00:00,67058540,bbc_xml_sitemap,https://www.bbc.com/sitemaps/https-sitemap-com-archive-103.xml,Explosions as surgeon stuck in Gaza interviewed,"Abdelkader Hammad is a surgeon currently stuck in Gaza, and was speaking to the BBC when two explosions went off in the building next door.",2026-02-19T08:16:17+00:00,200,,1,3,gaza|plo
BBC,bbc.com,https://www.bbc.com/news/world-middle-east-67058592,2023-10-09T16:02:54Z,2026-02-19T08:05:21+00:00,67058592,bbc_xml_sitemap,https://www.bbc.com/sitemaps/https-sitemap-com-archive-103.xml,Gaza: 'I wish I could be a normal child living with no war',Children in Gaza have been expressing their longing for an end to the air strikes.,2026-02-19T08:16:18+00:00,200,,1,4,gaza|air strike|strike
BBC,bbc.com,https://www.bbc.com/news/world-middle-east-67056981,2023-10-09T16:12:43Z,2026-02-19T08:05:21+00:00,67056981,bbc_xml_sitemap,https://www.bbc.com/sitemaps/https-sitemap-com-archive-103.xml,"Israelis, united in shock, rally behind war to punish Hamas",The country is adjusting to a new reality as the conflict enters uncharted territory,2026-02-19T08:16:20+00:00,200,,1,8,israel|israeli|hamas|un
BBC,bbc.com,https://www.bbc.com/news/world-middle-east-67077736,2023-10-11T15:22:31Z,2026-02-19T08:05:21+00:00,67077736,bbc_xml_sitemap,https://www.bbc.com/sitemaps/https-sitemap-com-archive-103.xml,Lebanon: Israel shells militant targets across border,Israel's military said the Lebanese movement Hezbollah fired anti-tank missiles across the border.,2026-02-19T08:16:20+00:00,200,,1,7,israel|hezbollah|shell|missile
BBC,bbc.com,https://www.bbc.com/news/world-middle-east-67072162,2023-10-11T15:16:27Z,2026-02-19T08:05:21+00:00,67072162,bbc_xml_sitemap,https://www.bbc.com/sitemaps/https-sitemap-com-archive-103.xml,Watch: Buildings in Lebanon damaged after Israel shelling,Land can be seen smouldering and homes heavily damaged with chunks taken out of them.,2026-02-19T08:16:22+00:00,200,,1,4,israel|shell|un
BBC,bbc.com,https://www.bbc.com/news/world-middle-east-67082351,2023-10-11T21:58:35Z,2026-02-19T08:05:21+00:00,67082351,bbc_xml_sitemap,https://www.bbc.com/sitemaps/https-sitemap-com-archive-103.xml,"Every Hamas member is a dead man, Netanyahu says","It comes after the first meeting of Israel's emergency government, formed on Wednesday.",2026-02-19T08:16:24+00:00,200,,1,5,israel|hamas
BBC,bbc.com,https://www.bbc.com/news/world-middle-east-67082047,2023-10-12T08:56:31Z,2026-02-19T08:05:21+00:00,67082047,bbc_xml_sitemap,https://www.bbc.com/sitemaps/https-sitemap-com-archive-103.xml,"Egypt warned Israel days before Hamas struck, US committee chairman says","But Israel's PM describes any claim it received a specific warning as ""totally fake news"".",2026-02-19T08:16:25+00:00,200,,1,5,israel|hamas
BBC,bbc.com,https://www.bbc.com/news/world-middle-east-67064742,2023-10-10T13:47:42Z,2026-02-19T08:05:21+00:00,67064742,bbc_xml_sitemap,https://www.bbc.com/sitemaps/https-sitemap-com-archive-103.xml,Hamas hostages: 'The terrorists have her and her babies',Yossi Sneider says his cousin and her two children were taken from their home in southern Israel.,2026-02-19T08:16:26+00:00,200,,1,9,israel|hamas|hostage|hostages
BBC,bbc.com,https://www.bbc.com/news/world-middle-east-67065338,2023-10-11T06:58:11Z,2026-02-19T08:05:21+00:00,67065338,bbc_xml_sitemap,https://www.bbc.com/sitemaps/https-sitemap-com-archive-103.xml,Israeli soldiers and militants killed in confrontation on Lebanon frontier,Israeli soldiers were killed on Monday in a clash with Palestinian gunmen who crossed from Lebanon.,2026-02-19T08:16:26+00:00,200,,1,9,israel|israeli|palestin|pa|un
BBC,bbc.com,https://www.bbc.com/news/world-middle-east-67084408,2023-10-11T20:40:17Z,2026-02-19T08:05:21+00:00,67084408,bbc_xml_sitemap,https://www.bbc.com/sitemaps/https-sitemap-com-archive-103.xml,Israel hostage crisis is every government's worst nightmare,Israel has to decide whether to attempt a rescue of those held in Gaza - or wait to strike a deal.,2026-02-19T08:16:27+00:00,200,,1,8,israel|gaza|strike|hostage
BBC,bbc.com,https://www.bbc.com/news/world-middle-east-67087583,2023-10-12T18:40:41Z,2026-02-19T08:05:21+00:00,67087583,bbc_xml_sitemap,https://www.bbc.com/sitemaps/https-sitemap-com-archive-103.xml,Blinken says US will 'always be there' for Israel,The US secretary of state also urges restraint as concerns mount for civilians caught in crossfire.,2026-02-19T08:16:28+00:00,200,,1,3,israel|un
BBC,bbc.com,https://www.bbc.com/news/world-middle-east-67087035,2023-10-12T16:40:31Z,2026-02-19T08:05:21+00:00,67087035,bbc_xml_sitemap,https://www.bbc.com/sitemaps/https-sitemap-com-archive-103.xml,"Gaza hospitals risk turning into morgues, Red Cross says","There is no mains power and fuel for generators could run out in hours, the humanitarian group says.",2026-02-19T08:16:30+00:00,200,,1,4,gaza|un|humanitarian
BBC,bbc.com,https://www.bbc.com/news/world-middle-east-67087828,2023-10-12T12:18:49Z,2026-02-19T08:05:21+00:00,67087828,bbc_xml_sitemap,https://www.bbc.com/sitemaps/https-sitemap-com-archive-103.xml,Israel sends soldiers to north fearing attack from Hezbollah in Lebanon,The tension is palpable as Israel reinforces its border against the threat from Hezbollah.,2026-02-19T08:16:30+00:00,200,,1,6,israel|pa|hezbollah
BBC,bbc.com,https://www.bbc.com/news/world-middle-east-67075939,2023-10-11T09:32:19Z,2026-02-19T08:05:21+00:00,67075939,bbc_xml_sitemap,https://www.bbc.com/sitemaps/https-sitemap-com-archive-103.xml,Lyse Doucet moves to safety during live Israel report,"The BBC's chief international correspondent was told to move while broadcasting in Ashkelon, southern Israel.",2026-02-19T08:16:32+00:00,200,,1,2,israel
BBC,bbc.com,https://www.bbc.com/news/world-middle-east-67077224,2023-10-11T12:50:52Z,2026-02-19T08:05:21+00:00,67077224,bbc_xml_sitemap,https://www.bbc.com/sitemaps/https-sitemap-com-archive-103.xml,Gaza: Children screamed in street as we fled 2am air strike,Power runs out in Gaza after another night of massive destruction by Israeli forces.,2026-02-19T08:16:33+00:00,200,,1,10,israel|israeli|gaza|air strike|strike|un
BBC,bbc.com,https://www.bbc.com/news/world-middle-east-67096316,2023-10-12T19:18:46Z,2026-02-19T08:05:21+00:00,67096316,bbc_xml_sitemap,https://www.bbc.com/sitemaps/https-sitemap-com-archive-103.xml,"Land, air and sea: Video analysis shows how Hamas coordinated huge Israel attack",The BBC’s Gordon Corera investigates exactly how the Palestinian militant group was able to launch its surprise attack on Israel.,2026-02-19T08:16:34+00:00,200,,1,9,israel|palestin|hamas|pa|un
BBC,bbc.com,https://www.bbc.com/news/world-middle-east-67095483,2023-10-12T19:26:38Z,2026-02-19T08:05:21+00:00,67095483,bbc_xml_sitemap,https://www.bbc.com/sitemaps/https-sitemap-com-archive-103.xml,Bodies line corridors as Gaza hospital warns it's at breaking point,Gaza City's hospital is over full capacity and relying on generators to keep the wounded alive.,2026-02-19T08:16:35+00:00,200,,1,4,gaza|pa|un
BBC,bbc.com,https://www.bbc.com/news/world-middle-east-67094214,2023-10-12T21:29:10Z,2026-02-19T08:05:21+00:00,67094214,bbc_xml_sitemap,https://www.bbc.com/sitemaps/https-sitemap-com-archive-103.xml,BBC crew find injured friends in overrun Gaza hospital,"BBC Arabic reporter Adnan El-Bursh visits the main hospital in Gaza City, which is at breaking point.",2026-02-19T08:16:36+00:00,200,,1,3,gaza|un
BBC,bbc.com,https://www.bbc.com/news/world-middle-east-67092442,2023-10-12T22:47:40Z,2026-02-19T08:05:21+00:00,67092442,bbc_xml_sitemap,https://www.bbc.com/sitemaps/https-sitemap-com-archive-103.xml,Drone video shows aftermath of air strikes in Gaza,"More than 1,400 people have been killed by Israeli air strikes on Gaza so far, according to the health ministry in the Palestinian territory.",2026-02-19T08:16:37+00:00,200,,1,12,israel|israeli|palestin|gaza|pa|air strike|strike
BBC,bbc.com,https://www.bbc.com/news/world-middle-east-67097124,2023-10-13T00:10:45Z,2026-02-19T08:05:21+00:00,67097124,bbc_xml_sitemap,https://www.bbc.com/sitemaps/https-sitemap-com-archive-103.xml,Israel targets Hamas’s labyrinth of tunnels under Gaza,Palestinian militants are thought to have built hundreds of kilometres of tunnels underneath Gaza.,2026-02-19T08:16:39+00:00,200,,1,11,israel|palestin|gaza|hamas|pa|un
BBC,bbc.com,https://www.bbc.com/news/world-middle-east-67094215,2023-10-13T06:47:50Z,2026-02-19T08:05:21+00:00,67094215,bbc_xml_sitemap,https://www.bbc.com/sitemaps/https-sitemap-com-archive-103.xml,Shots fired as BBC visits scene of Israel festival massacre,Lucy Williamson visits the site of the Israeli music festival where 260 bodies were discovered.,2026-02-19T08:16:41+00:00,200,,1,5,israel|israeli
BBC,bbc.com,https://www.bbc.com/news/world-middle-east-67083432,2023-10-11T17:34:55Z,2026-02-19T08:05:21+00:00,67083432,bbc_xml_sitemap,https://www.bbc.com/sitemaps/https-sitemap-com-archive-103.xml,Why BBC doesn't call Hamas militants 'terrorists' - John Simpson,"It's simply not the BBC's job to tell people who to support and who to condemn, writes the BBC's World Affairs editor.",2026-02-19T08:16:43+00:00,200,,1,2,hamas
BBC,bbc.com,https://www.bbc.com/news/world-middle-east-67106103,2023-10-13T15:26:44Z,2026-02-19T08:05:21+00:00,67106103,bbc_xml_sitemap,https://www.bbc.com/sitemaps/https-sitemap-com-archive-103.xml,CCTV shows how Hamas militants broke into Be'eri kibbutz,Footage verified by the BBC shows militants hiding in a booth at the gates of the community before ambushing a car.,2026-02-19T08:16:45+00:00,200,,1,3,hamas|un
BBC,bbc.com,https://www.bbc.com/news/world-middle-east-67105618,2023-10-13T16:59:56Z,2026-02-19T08:05:21+00:00,67105618,bbc_xml_sitemap,https://www.bbc.com/sitemaps/https-sitemap-com-archive-103.xml,Hamas attack on Israel kibbutz Be’eri captured by mothers’ WhatsApp group,Messages reveal how trapped families called for help and shared words of comfort as militants killed 100 in their kibbutz.,2026-02-19T08:16:47+00:00,200,,1,5,israel|hamas
BBC,bbc.com,https://www.bbc.com/news/world-middle-east-67102956,2023-10-15T11:43:53Z,2026-02-19T08:05:21+00:00,67102956,bbc_xml_sitemap,https://www.bbc.com/sitemaps/https-sitemap-com-archive-103.xml,BBC journalists held at gunpoint by Israeli police,A BBC Arabic team was driving to back to a hotel when they were stopped and dragged from their car.,2026-02-19T08:16:49+00:00,200,,1,6,israel|israeli|un
BBC,bbc.com,https://www.bbc.com/news/world-middle-east-67106104,2023-10-13T19:28:25Z,2026-02-19T08:05:21+00:00,67106104,bbc_xml_sitemap,https://www.bbc.com/sitemaps/https-sitemap-com-archive-103.xml,Voices from across Gaza: We don't know where we can go,"With more than a million people told to leave their homes, two people from across Gaza share their fears.",2026-02-19T08:16:50+00:00,200,,1,2,gaza
BBC,bbc.com,https://www.bbc.com/news/world-middle-east-67101434,2023-10-13T11:05:22Z,2026-02-19T08:05:21+00:00,67101434,bbc_xml_sitemap,https://www.bbc.com/sitemaps/https-sitemap-com-archive-103.xml,Kibbutz massacre survivor describes attack by Hamas gunmen,Neta Portal describes the horror of a Hamas attack after being shot in the legs six times.,2026-02-19T08:16:52+00:00,200,,1,3,hamas|un
BBC,bbc.com,https://www.bbc.com/news/world-middle-east-67100036,2023-10-13T11:58:09Z,2026-02-19T08:05:21+00:00,67100036,bbc_xml_sitemap,https://www.bbc.com/sitemaps/https-sitemap-com-archive-103.xml,How would an Israeli ground assault on Gaza unfold?,Sending forces into Gaza's densely populated urban areas is an operation fraught with peril.,2026-02-19T08:16:54+00:00,200,,1,8,israel|israeli|gaza|un
BBC,bbc.com,https://www.bbc.com/news/world-middle-east-67101436,2023-10-13T13:35:18Z,2026-02-19T08:05:21+00:00,67101436,bbc_xml_sitemap,https://www.bbc.com/sitemaps/https-sitemap-com-archive-103.xml,Palestinian Islamic Jihad have rearmed and replenished ranks - archive report,There are growing fears that the war in the Gaza Strip could start again (Feb 2015).,2026-02-19T08:16:56+00:00,200,,1,7,palestin|gaza|pa|islamic jihad
BBC,bbc.com,https://www.bbc.com/news/world-middle-east-67101437,2023-10-13T14:16:07Z,2026-02-19T08:05:21+00:00,67101437,bbc_xml_sitemap,https://www.bbc.com/sitemaps/https-sitemap-com-archive-103.xml,Searching for my peace activist mother in Israel,Yonatan Ziegen's mother Vivian Silver texted her son to say her home had been attacked.,2026-02-19T08:16:57+00:00,200,,1,2,israel
BBC,bbc.com,https://www.bbc.com/news/world-middle-east-67113144,2023-10-14T15:54:01Z,2026-02-19T08:05:21+00:00,67113144,bbc_xml_sitemap,https://www.bbc.com/sitemaps/https-sitemap-com-archive-103.xml,Palestinian convoy hit while fleeing northern Gaza,BBC Verify has confirmed women and young children were among those killed.,2026-02-19T08:16:57+00:00,200,,1,7,palestin|gaza|pa|un
BBC,bbc.com,https://www.bbc.com/news/world-middle-east-67075437,2023-10-12T12:24:14Z,2026-02-19T08:05:21+00:00,67075437,bbc_xml_sitemap,https://www.bbc.com/sitemaps/https-sitemap-com-archive-103.xml,"Hiding at home, blinded and choked by dust - life in Gaza",A journalist films a video diary evacuating from house to house showing the extreme level of dust from air strikes.,2026-02-19T08:16:59+00:00,200,,1,4,gaza|air strike|strike
BBC,bbc.com,https://www.bbc.com/news/world-middle-east-67092441,2023-10-12T13:44:02Z,2026-02-19T08:05:21+00:00,67092441,bbc_xml_sitemap,https://www.bbc.com/sitemaps/https-sitemap-com-archive-103.xml,Drone footage shows aftermath of Israeli airstrikes,"More than 1,100 people have been killed by strikes on the Gaza Strip so far.",2026-02-19T08:17:01+00:00,200,,1,9,israel|israeli|gaza|airstrike|strike
BBC,bbc.com,https://www.bbc.com/news/world-middle-east-67090617,2023-10-12T14:01:57Z,2026-02-19T08:05:21+00:00,67090617,bbc_xml_sitemap,https://www.bbc.com/sitemaps/https-sitemap-com-archive-103.xml,CCTV shows moment women escape Israeli moshav attack,The two women managed to run away after Israeli military arrived at the scene.,2026-02-19T08:17:03+00:00,200,,1,7,israel|israeli|israeli military|un
BBC,bbc.com,https://www.bbc.com/news/world-middle-east-67093081,2023-10-12T18:54:24Z,2026-02-19T08:05:21+00:00,67093081,bbc_xml_sitemap,https://www.bbc.com/sitemaps/https-sitemap-com-archive-103.xml,Syria says Damascus and Aleppo airports hit by Israeli missiles,Israel has previously hit targets in war-torn Syria linked to Iranian arms supplies.,2026-02-19T08:17:04+00:00,200,,1,6,israel|israeli|missile
BBC,bbc.com,https://www.bbc.com/news/world-middle-east-67091158,2023-10-12T15:51:30Z,2026-02-19T08:05:21+00:00,67091158,bbc_xml_sitemap,https://www.bbc.com/sitemaps/https-sitemap-com-archive-103.xml,Humza Yousaf's mother-in-law in tearful plea from Gaza,Elizabeth El-Nakla says her family have no water or electricity and food is running out.,2026-02-19T08:17:06+00:00,200,,1,3,gaza|un
BBC,bbc.com,https://www.bbc.com/news/world-middle-east-67089113,2023-10-12T16:14:37Z,2026-02-19T08:05:21+00:00,67089113,bbc_xml_sitemap,https://www.bbc.com/sitemaps/https-sitemap-com-archive-103.xml,Ex-soldier fought off Hamas and saved kibbutz neighbours,"""I took my pistol, my clothes, my bulletproof vest and the other thing was cigarettes,"" says Adam.",2026-02-19T08:17:09+00:00,200,,1,2,hamas
BBC,bbc.com,https://www.bbc.com/news/world-middle-east-67113145,2023-10-14T17:27:41Z,2026-02-19T08:05:21+00:00,67113145,bbc_xml_sitemap,https://www.bbc.com/sitemaps/https-sitemap-com-archive-103.xml,"'I just find bombs, dead people... it's really scary' - British-Palestinian girl in Gaza","Mariam, a young British-Palestinian trying to cross the border into Egypt, speaks of her fears.",2026-02-19T08:17:11+00:00,200,,1,7,palestin|gaza|pa|un
BBC,bbc.com,https://www.bbc.com/news/world-middle-east-67113392,2023-10-14T18:12:56Z,2026-02-19T08:05:21+00:00,67113392,bbc_xml_sitemap,https://www.bbc.com/sitemaps/https-sitemap-com-archive-103.xml,BBC in Khan Younis: The scene is tragic,The BBC's Rushdi Abualouf says the city is struggling to cope as refugees from northern Gaza flood in.,2026-02-19T08:17:12+00:00,200,,1,4,gaza|khan younis|un
BBC,bbc.com,https://www.bbc.com/news/world-middle-east-67112202,2023-10-14T18:34:35Z,2026-02-19T08:05:21+00:00,67112202,bbc_xml_sitemap,https://www.bbc.com/sitemaps/https-sitemap-com-archive-103.xml,'I don't eat or sleep' says husband of new mother missing after Hamas attacks,New mother Celine Ben David Nagar was on a weekend away with friends - now she's thought to be in Gaza.,2026-02-19T08:17:13+00:00,200,,1,5,gaza|hamas
BBC,bbc.com,https://www.bbc.com/news/world-middle-east-67100014,2023-10-14T19:17:35Z,2026-02-19T08:05:21+00:00,67100014,bbc_xml_sitemap,https://www.bbc.com/sitemaps/https-sitemap-com-archive-103.xml,Zaka: The volunteers giving dignity to Israel's dead,"Zaka volunteers are used to being called to traumatic scenes, but nothing prepared them for the past week.",2026-02-19T08:17:14+00:00,200,,1,4,israel|pa|un
BBC,bbc.com,https://www.bbc.com/news/world-middle-east-67114281,2023-10-16T17:13:49Z,2026-02-19T08:05:21+00:00,67114281,bbc_xml_sitemap,https://www.bbc.com/sitemaps/https-sitemap-com-archive-103.xml,Strike on civilian convoy fleeing Gaza: What we know from verified video,Women and children were killed in Friday's strike on vehicles that were heading away from northern Gaza.,2026-02-19T08:17:14+00:00,200,,1,3,gaza|strike
BBC,bbc.com,https://www.bbc.com/news/world-middle-east-67084141,2023-11-07T15:10:23Z,2026-02-19T08:05:21+00:00,67084141,bbc_xml_sitemap,https://www.bbc.com/sitemaps/https-sitemap-com-archive-103.xml,Could an Israeli ground invasion of Gaza meet its aims?,"Israeli forces are expanding ground operations in Gaza, and their ultimate goal is to dismantle Hamas.",2026-02-19T08:17:16+00:00,200,,1,11,israel|israeli|gaza|hamas|pa|un
BBC,bbc.com,https://www.bbc.com/news/world-middle-east-67117157,2023-10-15T14:41:16Z,2026-02-19T08:05:21+00:00,67117157,bbc_xml_sitemap,https://www.bbc.com/sitemaps/https-sitemap-com-archive-103.xml,Supernova festival: One week on - survivor recalls traumatic escape from party,"Shye Weinstein recorded on camera how he and his friends fled the site stormed by Hamas gunmen, who killed at least 260 people.",2026-02-19T08:17:16+00:00,200,,1,4,hamas|pa|un
BBC,bbc.com,https://www.bbc.com/news/world-middle-east-67116403,2023-10-15T15:38:43Z,2026-02-19T08:05:21+00:00,67116403,bbc_xml_sitemap,https://www.bbc.com/sitemaps/https-sitemap-com-archive-103.xml,"Khan Younis: A Gaza city on its knees, now with a million mouths to feed",A desperate and destitute tide of humanity has washed into Khan Younis. And there is no help.,2026-02-19T08:17:18+00:00,200,,1,4,gaza|khan younis|un
BBC,bbc.com,https://www.bbc.com/news/world-middle-east-67118465,2023-10-15T16:46:21Z,2026-02-19T08:05:21+00:00,67118465,bbc_xml_sitemap,https://www.bbc.com/sitemaps/https-sitemap-com-archive-103.xml,Israel must affirm shared values for human life - Antony Blinken,"The US Secretary of State says Israel must take ""every possible precaution"" to avoid harming civilians.",2026-02-19T08:17:19+00:00,200,,1,2,israel
BBC,bbc.com,https://www.bbc.com/news/world-middle-east-67118468,2023-10-15T18:07:43Z,2026-02-19T08:05:21+00:00,67118468,bbc_xml_sitemap,https://www.bbc.com/sitemaps/https-sitemap-com-archive-103.xml,Gaza woman's bedtime routine in case she needs to flee home,"Filmmaker Bisan Owda has been posting video updates on Instagram, documenting life on the Gaza Strip in the past week.",2026-02-19T08:17:20+00:00,200,,1,3,gaza|pa
BBC,bbc.com,https://www.bbc.com/news/world-middle-east-67118467,2023-10-15T18:09:15Z,2026-02-19T08:05:21+00:00,67118467,bbc_xml_sitemap,https://www.bbc.com/sitemaps/https-sitemap-com-archive-103.xml,It's the first clean water I have drank for three days,Filmmaker Bisan Owda has been posting video updates on Instagram documenting life on the Gaza Strip.,2026-02-19T08:17:21+00:00,200,,1,2,gaza
BBC,bbc.com,https://www.bbc.com/news/world-middle-east-67116407,2023-10-15T18:34:33Z,2026-02-19T08:05:21+00:00,67116407,bbc_xml_sitemap,https://www.bbc.com/sitemaps/https-sitemap-com-archive-103.xml,One week in Gaza: 'There are no safe places here',"Bombs, shortages, a life on the run. Bisan Owda, a filmmaker, has been documenting her days under siege.",2026-02-19T08:17:21+00:00,200,,1,4,gaza|siege|un
BBC,bbc.com,https://www.bbc.com/news/world-middle-east-67118471,2023-10-15T19:08:04Z,2026-02-19T08:05:21+00:00,67118471,bbc_xml_sitemap,https://www.bbc.com/sitemaps/https-sitemap-com-archive-103.xml,Gaza doctor: We consume a month’s medical supplies a day,"British Palestinian Surgeon, Prof Ghassan Abu-Sittah, describes the ""overwhelming"" numbers of wounded coming to Gaza’s Al-Shifa hospital.",2026-02-19T08:17:22+00:00,200,,1,7,palestin|gaza|pa|un
BBC,bbc.com,https://www.bbc.com/news/world-middle-east-67121800,2023-10-16T09:10:39Z,2026-02-19T08:05:21+00:00,67121800,bbc_xml_sitemap,https://www.bbc.com/sitemaps/https-sitemap-com-archive-103.xml,Entire streets destroyed in Gaza refugee camp,"In footage from Saturday, people can be seen walking through huge piles of rubble.",2026-02-19T08:17:24+00:00,200,,1,2,gaza
BBC,bbc.com,https://www.bbc.com/news/world-middle-east-67121372,2023-11-01T16:39:07Z,2026-02-19T08:05:21+00:00,67121372,bbc_xml_sitemap,https://www.bbc.com/sitemaps/https-sitemap-com-archive-103.xml,What is the Rafah crossing and why is it Gaza's lifeline?,The border crossing with Egypt is the only point of exit for Palestinians looking to flee Gaza.,2026-02-19T08:17:24+00:00,200,,1,10,palestin|gaza|rafah|pa|border crossing|rafah crossing
BBC,bbc.com,https://www.bbc.com/news/world-middle-east-67121831,2023-10-16T13:58:35Z,2026-02-19T08:05:21+00:00,67121831,bbc_xml_sitemap,https://www.bbc.com/sitemaps/https-sitemap-com-archive-103.xml,Israel evacuates communities near Lebanon border amid fears of escalation,Israel accuses of Iran of ordering attacks by Hezbollah militants that killed two Israelis on Sunday.,2026-02-19T08:17:25+00:00,200,,1,8,israel|israeli|hezbollah|un
BBC,bbc.com,https://www.bbc.com/news/world-middle-east-67124297,2023-10-16T12:03:24Z,2026-02-19T08:05:21+00:00,67124297,bbc_xml_sitemap,https://www.bbc.com/sitemaps/https-sitemap-com-archive-103.xml,Long queues for bread as displaced Gazans flee to southern city of Khan Younis,"The BBC's Rushdi Abualouf reports from Khan Younis, where hundreds of thousands of refugees have arrived.",2026-02-19T08:17:26+00:00,200,,1,4,gaza|khan younis|un
BBC,bbc.com,https://www.bbc.com/news/world-middle-east-67122520,2023-10-16T17:22:12Z,2026-02-19T08:05:21+00:00,67122520,bbc_xml_sitemap,https://www.bbc.com/sitemaps/https-sitemap-com-archive-103.xml,Israeli fighter follows in father's footsteps,The BBC's Clive Myrie speaks to a father whose son is following in his footsteps to fight for Israel.,2026-02-19T08:17:27+00:00,200,,1,5,israel|israeli
BBC,bbc.com,https://www.bbc.com/news/world-middle-east-67128769,2023-10-16T17:52:01Z,2026-02-19T08:05:21+00:00,67128769,bbc_xml_sitemap,https://www.bbc.com/sitemaps/https-sitemap-com-archive-103.xml,Israel Gaza war: The families who won't evacuate Gaza city,"Some Palestinians are choosing to stay in the north of the Gaza strip, even though Israel readies for an expected ground offensive.",2026-02-19T08:17:28+00:00,200,,1,10,israel|palestin|gaza|pa|ground offensive|un
BBC,bbc.com,https://www.bbc.com/news/world-middle-east-67124768,2023-10-16T18:46:08Z,2026-02-19T08:05:21+00:00,67124768,bbc_xml_sitemap,https://www.bbc.com/sitemaps/https-sitemap-com-archive-103.xml,Rafah crossing: Thousands of people arrive at Gaza-Egypt border,Palestinians with dual citizenship have headed to the border ahead of Israel's expected ground operation.,2026-02-19T08:17:29+00:00,200,,1,12,israel|palestin|gaza|rafah|pa|un|rafah crossing
BBC,bbc.com,https://www.bbc.com/news/world-middle-east-67128770,2023-10-17T05:15:18Z,2026-02-19T08:05:21+00:00,67128770,bbc_xml_sitemap,https://www.bbc.com/sitemaps/https-sitemap-com-archive-103.xml,Israel Gaza war: Explosion at Rafah crossing between Gaza and Egypt,CCTV footage appears to show the moment an airstrike hits the Rafah crossing area between Gaza and Egypt.,2026-02-19T08:17:30+00:00,200,,1,11,israel|gaza|rafah|plo|airstrike|strike|rafah crossing
BBC,bbc.com,https://www.bbc.com/news/world-middle-east-67127567,2023-10-16T20:17:11Z,2026-02-19T08:05:21+00:00,67127567,bbc_xml_sitemap,https://www.bbc.com/sitemaps/https-sitemap-com-archive-103.xml,'We are not leaving' - The families who won't evacuate Gaza City,"Despite a looming Israeli ground assault, many families are unwilling or unable to leave northern Gaza.",2026-02-19T08:17:32+00:00,200,,1,8,israel|israeli|gaza|un
BBC,bbc.com,https://www.bbc.com/news/world-middle-east-67128533,2023-10-16T20:24:36Z,2026-02-19T08:05:21+00:00,67128533,bbc_xml_sitemap,https://www.bbc.com/sitemaps/https-sitemap-com-archive-103.xml,Week 2: BBC correspondents answer your questions on the conflict between Israel and Hamas,Our correspondents answer your questions on the conflict between Israel and Hamas.,2026-02-19T08:17:33+00:00,200,,1,5,israel|hamas
BBC,bbc.com,https://www.bbc.com/news/world-middle-east-67124298,2023-10-16T21:39:07Z,2026-02-19T08:05:21+00:00,67124298,bbc_xml_sitemap,https://www.bbc.com/sitemaps/https-sitemap-com-archive-103.xml,Entire streets destroyed in Gaza refugee camp,"In footage from Saturday, people can be seen walking through huge piles of rubble.",2026-02-19T08:17:33+00:00,200,,1,2,gaza
BBC,bbc.com,https://www.bbc.com/news/world-middle-east-67114313,2023-10-15T07:46:02Z,2026-02-19T08:05:21+00:00,67114313,bbc_xml_sitemap,https://www.bbc.com/sitemaps/https-sitemap-com-archive-103.xml,Who's behind Israel-Gaza disinformation and hate online?,"How false claims, conspiracy theories and hateful content shapes the general public's view of the war.",2026-02-19T08:17:34+00:00,200,,1,5,israel|gaza
BBC,bbc.com,https://www.bbc.com/news/world-middle-east-67133675,2023-10-17T15:46:12Z,2026-02-19T08:05:21+00:00,67133675,bbc_xml_sitemap,https://www.bbc.com/sitemaps/https-sitemap-com-archive-103.xml,Why Egypt remains reluctant to open Rafah crossing to Gaza,Hundreds of lorries carrying aid are parked up on the Egyptian side of the Rafah crossing.,2026-02-19T08:17:35+00:00,200,,1,8,gaza|rafah|pa|un|rafah crossing
BBC,bbc.com,https://www.bbc.com/news/world-middle-east-67135419,2023-10-17T11:32:11Z,2026-02-19T08:05:21+00:00,67135419,bbc_xml_sitemap,https://www.bbc.com/sitemaps/https-sitemap-com-archive-103.xml,Mia Shem: Israeli-French mother pleads for hostage daughter's release,Israeli-French woman Mia Shem said she was taken hostage in a video released by the militant group Hamas.,2026-02-19T08:17:36+00:00,200,,1,9,israel|israeli|hamas|hostage
BBC,bbc.com,https://www.bbc.com/news/world-middle-east-67121414,2023-10-17T11:58:00Z,2026-02-19T08:05:21+00:00,67121414,bbc_xml_sitemap,https://www.bbc.com/sitemaps/https-sitemap-com-archive-103.xml,"In Gaza, wounded children with no surviving family",A doctor working in Gaza told the BBC 40% of those wounded are children and many have become orphans.,2026-02-19T08:17:37+00:00,200,,1,3,gaza|un
BBC,bbc.com,https://www.bbc.com/news/world-middle-east-67132577,2023-10-17T13:02:41Z,2026-02-19T08:05:21+00:00,67132577,bbc_xml_sitemap,https://www.bbc.com/sitemaps/https-sitemap-com-archive-103.xml,Mia Shem: Mother's plea for daughter release after Hamas hostage video,Keren Shem appeals for her daughter to be freed immediately with all the Hamas hostages in Gaza.,2026-02-19T08:17:37+00:00,200,,1,9,gaza|hamas|hostage|hostages
BBC,bbc.com,https://www.bbc.com/news/world-middle-east-67124745,2023-10-17T21:41:26Z,2026-02-19T08:05:21+00:00,67124745,bbc_xml_sitemap,https://www.bbc.com/sitemaps/https-sitemap-com-archive-103.xml,Family tell of heartbreak after Israel kidnap live-stream,One man is trying to piece together what happened to loved ones based on live streams made by Hamas.,2026-02-19T08:17:38+00:00,200,,1,5,israel|hamas
BBC,bbc.com,https://www.bbc.com/news/world-middle-east-67133803,2023-10-17T15:56:10Z,2026-02-19T08:05:21+00:00,67133803,bbc_xml_sitemap,https://www.bbc.com/sitemaps/https-sitemap-com-archive-103.xml,Dozens killed as Israeli strikes hit southern Gaza refuge areas,"Some 600,000 Palestinians are sheltering in the south after an Israeli order to evacuate the north.",2026-02-19T08:17:39+00:00,200,,1,11,israel|israeli|palestin|gaza|pa|strike
BBC,bbc.com,https://www.bbc.com/news/world-middle-east-67127824,2023-10-16T23:25:37Z,2026-02-19T08:05:21+00:00,67127824,bbc_xml_sitemap,https://www.bbc.com/sitemaps/https-sitemap-com-archive-103.xml,Israel Gaza war: Rockets soar above Tel Aviv as sirens sound,"Hamas say they fired a ""barrage of rockets"" at Tel Aviv and Jerusalem.",2026-02-19T08:17:40+00:00,200,,1,14,israel|gaza|jerusalem|tel aviv|jerusalem|hamas|rocket|un
BBC,bbc.com,https://www.bbc.com/news/world-middle-east-67135421,2023-10-17T21:24:08Z,2026-02-19T08:05:21+00:00,67135421,bbc_xml_sitemap,https://www.bbc.com/sitemaps/https-sitemap-com-archive-103.xml,Israeli woman sees sister captured by Hamas in social media video,Alexandra said her sister Karina was kidnapped from an army base she was serving at near the Gaza border.,2026-02-19T08:17:41+00:00,200,,1,9,israel|israeli|gaza|hamas
BBC,bbc.com,https://www.bbc.com/news/world-middle-east-67140284,2023-10-18T05:50:47Z,2026-02-19T08:05:21+00:00,67140284,bbc_xml_sitemap,https://www.bbc.com/sitemaps/https-sitemap-com-archive-103.xml,Israel-Gaza war: Protesters clash with security forces in Ramallah,Clashes broke out in the occupied West Bank city after the strike on a hospital in Gaza.,2026-02-19T08:17:42+00:00,200,,1,9,israel|gaza|west bank|ramallah|strike
BBC,bbc.com,https://www.bbc.com/news/world-middle-east-67141825,2023-10-17T23:35:12Z,2026-02-19T08:05:21+00:00,67141825,bbc_xml_sitemap,https://www.bbc.com/sitemaps/https-sitemap-com-archive-103.xml,Mother of hostage: 'What is it that Hamas wants?',"BBC Correspondent Nomia Iqbal spoke with Rachel Goldberg, whose son is among the missing Israelis.",2026-02-19T08:17:43+00:00,200,,1,9,israel|israeli|hamas|hostage
BBC,bbc.com,https://www.bbc.com/news/world-middle-east-67140250,2023-10-18T00:37:01Z,2026-02-19T08:05:21+00:00,67140250,bbc_xml_sitemap,https://www.bbc.com/sitemaps/https-sitemap-com-archive-103.xml,Hospital blast in Gaza City kills hundreds - health officials,Israel's military denies claims it struck the Al-Ahli Arab hospital and blames a Palestinian rocket.,2026-02-19T08:17:43+00:00,200,,1,10,israel|palestin|gaza|pa|rocket|un
BBC,bbc.com,https://www.bbc.com/news/world-middle-east-67142031,2023-10-19T02:29:23Z,2026-02-19T08:05:21+00:00,67142031,bbc_xml_sitemap,https://www.bbc.com/sitemaps/https-sitemap-com-archive-103.xml,Israel Gaza: Biden clinches deal with Egypt to allow aid,"In Tel Aviv, Mr Biden says Israel has a right to hit back for the Hamas attack that triggered fighting.",2026-02-19T08:17:44+00:00,200,,1,8,israel|gaza|tel aviv|hamas
BBC,bbc.com,https://www.bbc.com/news/world-middle-east-67144351,2023-10-18T08:39:09Z,2026-02-19T08:05:21+00:00,67144351,bbc_xml_sitemap,https://www.bbc.com/sitemaps/https-sitemap-com-archive-103.xml,At scene of hospital blast: 'People are still collecting body parts',"Hundreds of people were killed by an explosion at a crowded hospital in Gaza City, health officials say.",2026-02-19T08:17:46+00:00,200,,1,5,gaza|pa|plo|un
BBC,bbc.com,https://www.bbc.com/news/world-middle-east-67138165,2023-10-24T14:20:42Z,2026-02-19T08:05:21+00:00,67138165,bbc_xml_sitemap,https://www.bbc.com/sitemaps/https-sitemap-com-archive-103.xml,"In Gaza's crowded Khan Younis, 90 people shelter in one house",A family take in 90 friends and relatives to their home in southern Gaza while the Israeli air strikes continue.,2026-02-19T08:17:47+00:00,200,,1,11,israel|israeli|gaza|khan younis|air strike|strike|un
BBC,bbc.com,https://www.bbc.com/news/world-middle-east-67147287,2023-10-18T12:58:53Z,2026-02-19T08:05:21+00:00,67147287,bbc_xml_sitemap,https://www.bbc.com/sitemaps/https-sitemap-com-archive-103.xml,'I don't know how we managed to come out of this' - hospital blast survivor,Gaza resident Fatima Saed describes surviving the huge blast at the Al Ahli Hospital in Gaza City.,2026-02-19T08:17:47+00:00,200,,1,2,gaza
BBC,bbc.com,https://www.bbc.com/news/world-middle-east-67144061,2023-10-19T17:42:41Z,2026-02-19T08:05:21+00:00,67144061,bbc_xml_sitemap,https://www.bbc.com/sitemaps/https-sitemap-com-archive-103.xml,"Gaza hospital: What video, pictures and other evidence tell us about Al-Ahli hospital blast",BBC Verify is analysing evidence from the Al-Ahli hospital explosion amid competing claims over responsibility.,2026-02-19T08:17:48+00:00,200,,1,3,gaza|plo
BBC,bbc.com,https://www.bbc.com/news/world-middle-east-67147059,2023-10-18T18:02:32Z,2026-02-19T08:05:21+00:00,67147059,bbc_xml_sitemap,https://www.bbc.com/sitemaps/https-sitemap-com-archive-103.xml,Panic and confusion at scene of Gaza hospital blast,"People are still recovering body parts from the Al-Ahli Arab hospital, reports Rushdi Abu Alouf.",2026-02-19T08:17:50+00:00,200,,1,3,gaza|pa
BBC,bbc.com,https://www.bbc.com/news/world-middle-east-67147068,2023-10-18T18:34:51Z,2026-02-19T08:05:21+00:00,67147068,bbc_xml_sitemap,https://www.bbc.com/sitemaps/https-sitemap-com-archive-103.xml,Inside an Israeli 'war room' on the volatile Lebanon border,An all-female team of Israeli soldiers monitors cameras along Israel's volatile northern frontier.,2026-02-19T08:17:51+00:00,200,,1,5,israel|israeli
BBC,bbc.com,https://www.bbc.com/news/world-middle-east-67152410,2023-10-18T19:07:20Z,2026-02-19T08:05:21+00:00,67152410,bbc_xml_sitemap,https://www.bbc.com/sitemaps/https-sitemap-com-archive-103.xml,Moment of explosion near hospital in Gaza City,Hundreds of Palestinians are feared to have been killed after a huge blast at the hospital.,2026-02-19T08:17:51+00:00,200,,1,8,palestin|gaza|pa|plo|un
BBC,bbc.com,https://www.bbc.com/news/world-middle-east-67153173,2023-10-18T21:06:00Z,2026-02-19T08:05:21+00:00,67153173,bbc_xml_sitemap,https://www.bbc.com/sitemaps/https-sitemap-com-archive-103.xml,I truly grieve for Gaza hospital blast victims - Biden,"The US president says he is ""outraged and saddened"" by the loss of life after the deadly blast",2026-02-19T08:17:52+00:00,200,,1,2,gaza
BBC,bbc.com,https://www.bbc.com/news/world-middle-east-67156084,2023-10-19T15:44:19Z,2026-02-19T08:05:21+00:00,67156084,bbc_xml_sitemap,https://www.bbc.com/sitemaps/https-sitemap-com-archive-103.xml,Aid delivery waits to enter Gaza from Egypt at Rafah crossing,"About 20 trucks may cross into Gaza, but aid organisations warn it is not enough.",2026-02-19T08:17:53+00:00,200,,1,6,gaza|rafah|rafah crossing
BBC,bbc.com,https://www.bbc.com/news/world-middle-east-67103298,2025-01-21T16:10:37Z,2026-02-19T08:05:21+00:00,67103298,bbc_xml_sitemap,https://www.bbc.com/sitemaps/https-sitemap-com-archive-103.xml,Hamas: What has happened to its most prominent leaders?,The top figures in Hamas have become targets of Israel since the 7 October attacks.,2026-02-19T08:17:54+00:00,200,,1,5,israel|hamas
BBC,bbc.com,https://www.bbc.com/news/world-middle-east-67135420,2023-10-17T17:01:47Z,2026-02-19T08:05:21+00:00,67135420,bbc_xml_sitemap,https://www.bbc.com/sitemaps/https-sitemap-com-archive-103.xml,Israeli woman sees sister captured by Hamas in social media video,Alexandra said her sister Karina was kidnapped from an army base she was serving at near the Gaza border.,2026-02-19T08:17:55+00:00,200,,1,9,israel|israeli|gaza|hamas
BBC,bbc.com,https://www.bbc.com/news/world-middle-east-67140283,2023-10-17T17:24:50Z,2026-02-19T08:05:21+00:00,67140283,bbc_xml_sitemap,https://www.bbc.com/sitemaps/https-sitemap-com-archive-103.xml,Israel Gaza war: A young girl is rescued after a strike on a residential area in Rafah,The young child survived a strike on a residential area in southern Gaza.,2026-02-19T08:17:56+00:00,200,,1,9,israel|gaza|rafah|strike|un
BBC,bbc.com,https://www.bbc.com/news/world-middle-east-67139236,2023-10-17T17:32:09Z,2026-02-19T08:05:21+00:00,67139236,bbc_xml_sitemap,https://www.bbc.com/sitemaps/https-sitemap-com-archive-103.xml,Gaza: BBC reporter and family left homeless again after Israel air strike warning,Rushdi Abu Alouf is among those struggling to find a place to live amid ongoing Israeli strikes.,2026-02-19T08:17:57+00:00,200,,1,9,israel|israeli|gaza|air strike|strike
BBC,bbc.com,https://www.bbc.com/news/world-middle-east-67140939,2023-10-18T05:19:05Z,2026-02-19T08:05:21+00:00,67140939,bbc_xml_sitemap,https://www.bbc.com/sitemaps/https-sitemap-com-archive-103.xml,Watch: Fire after Gaza City hospital blast,Hundreds of Palestinians are feared dead after a huge blast at a hospital in Gaza City.,2026-02-19T08:17:57+00:00,200,,1,7,palestin|gaza|pa|un
BBC,bbc.com,https://www.bbc.com/news/world-middle-east-67146159,2023-10-18T14:57:49Z,2026-02-19T08:05:21+00:00,67146159,bbc_xml_sitemap,https://www.bbc.com/sitemaps/https-sitemap-com-archive-103.xml,Pause for thought - Israel’s calculations before going into Gaza,For days now Israel has been preparing to invade Gaza - but why hasn't it launched it yet?,2026-02-19T08:17:58+00:00,200,,1,7,israel|gaza|pa|un
BBC,bbc.com,https://www.bbc.com/news/world-middle-east-67135168,2023-10-18T16:24:15Z,2026-02-19T08:05:21+00:00,67135168,bbc_xml_sitemap,https://www.bbc.com/sitemaps/https-sitemap-com-archive-103.xml,Alex Danzig: Fears grow for much-loved historian kidnapped by Hamas,The abduction of Holocaust expert Alex Danzig has caused particular distress in Israel and Poland.,2026-02-19T08:17:59+00:00,200,,1,6,israel|hamas|pa
BBC,bbc.com,https://www.bbc.com/news/world-middle-east-67161936,2023-10-19T17:06:07Z,2026-02-19T08:05:21+00:00,67161936,bbc_xml_sitemap,https://www.bbc.com/sitemaps/https-sitemap-com-archive-103.xml,Gaza hospital: Breaking down video of Al-Ahli Arab hospital explosion,BBC Verify’s Merlyn Thomas examines video of the explosion.,2026-02-19T08:18:00+00:00,200,,1,3,gaza|plo
BBC,bbc.com,https://www.bbc.com/news/world-middle-east-67156865,2023-10-19T21:34:07Z,2026-02-19T08:05:21+00:00,67156865,bbc_xml_sitemap,https://www.bbc.com/sitemaps/https-sitemap-com-archive-103.xml,"The world is losing its humanity, UNRWA chief says","Gaza's war could spread and the region is on the ""edge of an abyss"", Philippe Lazzarini tells the BBC.",2026-02-19T08:18:01+00:00,200,,1,6,gaza|un|unrwa
BBC,bbc.com,https://www.bbc.com/news/world-middle-east-67158836,2023-10-20T05:33:15Z,2026-02-19T08:05:21+00:00,67158836,bbc_xml_sitemap,https://www.bbc.com/sitemaps/https-sitemap-com-archive-103.xml,Residents leave as tension grows at Israel-Lebanon border,Fears fighting could erupt between Hezbollah and Israel are seeing communities on both sides evacuate.,2026-02-19T08:18:02+00:00,200,,1,6,israel|hezbollah|un
BBC,bbc.com,https://www.bbc.com/news/world-middle-east-67166863,2023-10-20T08:50:29Z,2026-02-19T08:05:21+00:00,67166863,bbc_xml_sitemap,https://www.bbc.com/sitemaps/https-sitemap-com-archive-103.xml,US warship intercepts missiles fired from Yemen 'potentially towards Israel',"The USS Carney in the Red Sea downed missiles and drones fired ""potentially towards targets in Israel"".",2026-02-19T08:18:03+00:00,200,,1,3,israel|missile
BBC,bbc.com,https://www.bbc.com/news/world-middle-east-67165128,2023-10-20T02:37:15Z,2026-02-19T08:05:21+00:00,67165128,bbc_xml_sitemap,https://www.bbc.com/sitemaps/https-sitemap-com-archive-103.xml,Israeli community frozen as Hamas atrocities continue to emerge,Israeli communities are struggling as bodies continue to be found after Hamas attacked on 7 October.,2026-02-19T08:18:04+00:00,200,,1,8,israel|israeli|hamas|un
BBC,bbc.com,https://www.bbc.com/news/world-middle-east-67176203,2023-10-21T16:36:10Z,2026-02-19T08:05:21+00:00,67176203,bbc_xml_sitemap,https://www.bbc.com/sitemaps/https-sitemap-com-archive-103.xml,BBC reports from inside destroyed Gaza neighbourhood,BBC Arabic's Adnan El-Bursh speaks to residents in a destroyed neighbourhood in Gaza.,2026-02-19T08:18:05+00:00,200,,1,2,gaza
BBC,bbc.com,https://www.bbc.com/news/world-middle-east-67177684,2023-10-20T20:27:44Z,2026-02-19T08:05:21+00:00,67177684,bbc_xml_sitemap,https://www.bbc.com/sitemaps/https-sitemap-com-archive-103.xml,"Saudi prince slams Hamas, Israel and the West",Prince Turki al-Faisal's comments are a rare Arab voice of criticism of Hamas's actions.,2026-02-19T08:18:05+00:00,200,,1,5,israel|hamas
BBC,bbc.com,https://www.bbc.com/news/world-middle-east-67173344,2023-10-21T00:01:52Z,2026-02-19T08:05:21+00:00,67173344,bbc_xml_sitemap,https://www.bbc.com/sitemaps/https-sitemap-com-archive-103.xml,Palestinians under attack as Israeli settler violence surges in the West Bank,Palestinian families say they have been intimidated and displaced in the wake of Hamas's attack on Israel.,2026-02-19T08:18:07+00:00,200,,1,13,israel|israeli|palestin|west bank|hamas|pa|un
BBC,bbc.com,https://www.bbc.com/news/world-middle-east-67179624,2023-10-21T05:20:21Z,2026-02-19T08:05:21+00:00,67179624,bbc_xml_sitemap,https://www.bbc.com/sitemaps/https-sitemap-com-archive-103.xml,Hamas video shows US mother and daughter hostage release,Judith Raanan and her daughter Natalie had been abducted during Hamas's deadly raid on Israel.,2026-02-19T08:18:08+00:00,200,,1,7,israel|hamas|hostage
BBC,bbc.com,https://www.bbc.com/news/world-middle-east-67173188,2023-10-20T16:36:33Z,2026-02-19T08:05:21+00:00,67173188,bbc_xml_sitemap,https://www.bbc.com/sitemaps/https-sitemap-com-archive-103.xml,Gaza war: Vigil aims to pressure Israel's leaders over hostages,There is anger about the failures that allowed Hamas to kill so many people and take hostages.,2026-02-19T08:18:09+00:00,200,,1,11,israel|gaza|hamas|hostage|hostages
BBC,bbc.com,https://www.bbc.com/news/world-middle-east-67175094,2023-10-20T17:06:46Z,2026-02-19T08:05:21+00:00,67175094,bbc_xml_sitemap,https://www.bbc.com/sitemaps/https-sitemap-com-archive-103.xml,Israel aims to cut Gaza ties after war with Hamas,Israel's defence minister says the country's long-term plan is to cut ties completely with Gaza.,2026-02-19T08:18:09+00:00,200,,1,8,israel|gaza|hamas|un
BBC,bbc.com,https://www.bbc.com/news/world-middle-east-67165002,2023-10-21T09:46:54Z,2026-02-19T08:05:21+00:00,67165002,bbc_xml_sitemap,https://www.bbc.com/sitemaps/https-sitemap-com-archive-103.xml,The forgotten Israeli hostages kept by Hamas in Gaza for years,Israel's pain over some 200 people kidnapped by Hamas overshadows the years of waiting for two hostages and soldiers' remains.,2026-02-19T08:18:10+00:00,200,,1,14,israel|israeli|gaza|hamas|pa|hostage|hostages
BBC,bbc.com,https://www.bbc.com/news/world-middle-east-67155930,2023-10-19T13:52:13Z,2026-02-19T08:05:21+00:00,67155930,bbc_xml_sitemap,https://www.bbc.com/sitemaps/https-sitemap-com-archive-103.xml,"Sunak: 'We will stand with your people, we want you to win'","Rishi Sunak tells Israel's PM Benjamin Netanyahu he is proud to stand with him in the ""darkest hour"".",2026-02-19T08:18:11+00:00,200,,1,3,israel|un
BBC,bbc.com,https://www.bbc.com/news/world-middle-east-67180844,2023-10-21T12:56:40Z,2026-02-19T08:05:21+00:00,67180844,bbc_xml_sitemap,https://www.bbc.com/sitemaps/https-sitemap-com-archive-103.xml,Gaza neighbourhood flattened and hospital told to evacuate,"Intensive Israeli air strikes continue as Hamas-run health ministry says death toll passes 4,300.",2026-02-19T08:18:12+00:00,200,,1,13,israel|israeli|gaza|hamas|pa|air strike|strike|un
BBC,bbc.com,https://www.bbc.com/news/world-middle-east-67181582,2023-10-21T14:16:27Z,2026-02-19T08:05:21+00:00,67181582,bbc_xml_sitemap,https://www.bbc.com/sitemaps/https-sitemap-com-archive-103.xml,Israeli Arabs arrested over Gaza social media posts,Influencer Dalal Abu Amneh is among those to be held in a crackdown on Gaza-linked content.,2026-02-19T08:18:13+00:00,200,,1,7,israel|israeli|gaza
BBC,bbc.com,https://www.bbc.com/news/world-middle-east-67181514,2023-10-21T18:52:38Z,2026-02-19T08:05:21+00:00,67181514,bbc_xml_sitemap,https://www.bbc.com/sitemaps/https-sitemap-com-archive-103.xml,Cairo Summit: Arab leaders reject forced displacement of Palestinians,Egypt hosts a peace summit in Cairo as the first aid convoy enters Gaza after two weeks of war.,2026-02-19T08:18:14+00:00,200,,1,7,palestin|gaza|pa|aid convoy
BBC,bbc.com,https://www.bbc.com/news/world-middle-east-67180401,2023-10-21T16:40:03Z,2026-02-19T08:05:21+00:00,67180401,bbc_xml_sitemap,https://www.bbc.com/sitemaps/https-sitemap-com-archive-103.xml,Rushdi Abualouf: My daughters beg for Gaza City return - but our old lives are over,The BBC's Rushdi Abualouf describes his family narrowly avoiding a drone attack - and being displaced four times in 15 days.,2026-02-19T08:18:15+00:00,200,,1,2,gaza
BBC,bbc.com,https://www.bbc.com/news/world-middle-east-67186178,2023-10-22T08:36:32Z,2026-02-19T08:05:21+00:00,67186178,bbc_xml_sitemap,https://www.bbc.com/sitemaps/https-sitemap-com-archive-103.xml,Israel carries out air strike on West Bank city Jenin,"The Israeli military says space under a mosque was being used by Hamas to prepare ""imminent"" attacks.",2026-02-19T08:18:16+00:00,200,,1,14,israel|israeli|west bank|hamas|israeli military|pa|air strike|strike|un
BBC,bbc.com,https://www.bbc.com/news/world-middle-east-67187378,2023-10-22T10:45:17Z,2026-02-19T08:05:21+00:00,67187378,bbc_xml_sitemap,https://www.bbc.com/sitemaps/https-sitemap-com-archive-103.xml,Inside Jenin mosque destroyed in Israeli missile strike,"Israel carried out an air strike on Sunday, saying Hamas was using a mosque as a 'terrorist compound'.",2026-02-19T08:18:17+00:00,200,,1,11,israel|israeli|hamas|air strike|strike|missile|un
BBC,bbc.com,https://www.bbc.com/news/world-middle-east-67185096,2023-10-21T22:06:32Z,2026-02-19T08:05:21+00:00,67185096,bbc_xml_sitemap,https://www.bbc.com/sitemaps/https-sitemap-com-archive-103.xml,Israel-Gaza war: UN agencies call for Gaza ceasefire as aid arrives,"A joint statement from Unicef, the World Food Programme and the WHO calls the situation ""catastrophic"".",2026-02-19T08:18:18+00:00,200,,1,7,israel|gaza|ceasefire|un
BBC,bbc.com,https://www.bbc.com/news/world-middle-east-67188312,2023-10-22T14:12:15Z,2026-02-19T08:05:21+00:00,67188312,bbc_xml_sitemap,https://www.bbc.com/sitemaps/https-sitemap-com-archive-103.xml,BBC reports from Gaza camp where thousands live in tents,"Around 2,000 families who've fled their homes are struggling to find water, food and medication.",2026-02-19T08:18:20+00:00,200,,1,3,gaza|un
BBC,bbc.com,https://www.bbc.com/news/world-middle-east-67192885,2023-10-23T16:12:19Z,2026-02-19T08:05:21+00:00,67192885,bbc_xml_sitemap,https://www.bbc.com/sitemaps/https-sitemap-com-archive-103.xml,"'Hamas said they wouldn’t shoot, then murdered my daughter’",A daughter killed and father abducted - and Hamas filmed the family's ordeal on Facebook live.,2026-02-19T08:18:22+00:00,200,,1,2,hamas
BBC,bbc.com,https://www.bbc.com/news/world-middle-east-67199156,2023-10-23T16:20:53Z,2026-02-19T08:05:21+00:00,67199156,bbc_xml_sitemap,https://www.bbc.com/sitemaps/https-sitemap-com-archive-103.xml,Cars race to Gaza hospital with injured children,The BBC's Adnan El-Bursch is at a hospital where children are being treated after Israeli air strikes.,2026-02-19T08:18:23+00:00,200,,1,9,israel|israeli|gaza|air strike|strike
BBC,bbc.com,https://www.bbc.com/news/world-middle-east-67195401,2023-10-23T13:26:22Z,2026-02-19T08:05:21+00:00,67195401,bbc_xml_sitemap,https://www.bbc.com/sitemaps/https-sitemap-com-archive-103.xml,Life in Gaza: Homeless and looking for shelter,A glimpse into the lives of two people struggling to find a safe space in Khan Younis.,2026-02-19T08:18:24+00:00,200,,1,5,gaza|khan younis|pa|un
BBC,bbc.com,https://www.bbc.com/news/world-middle-east-67199161,2023-10-23T20:51:47Z,2026-02-19T08:05:21+00:00,67199161,bbc_xml_sitemap,https://www.bbc.com/sitemaps/https-sitemap-com-archive-103.xml,Hostages released by Hamas arrive at Rafah crossing,An Israeli official has told CBS that the names of the freed captives are Nurit Cooper and Yocheved Lifshitz,2026-02-19T08:18:25+00:00,200,,1,15,israel|israeli|rafah|hamas|hostage|hostages|captives|rafah crossing
BBC,bbc.com,https://www.bbc.com/news/world-middle-east-67201599,2023-10-24T06:55:36Z,2026-02-19T08:05:21+00:00,67201599,bbc_xml_sitemap,https://www.bbc.com/sitemaps/https-sitemap-com-archive-103.xml,Two more hostages held in Gaza released,The ICRC says two hostages held by Hamas were transported out of Gaza on Monday evening.,2026-02-19T08:18:28+00:00,200,,1,9,gaza|hamas|hostage|hostages
BBC,bbc.com,https://www.bbc.com/news/world-middle-east-67201107,2023-10-23T21:34:22Z,2026-02-19T08:05:21+00:00,67201107,bbc_xml_sitemap,https://www.bbc.com/sitemaps/https-sitemap-com-archive-103.xml,Week 3: BBC correspondents answer your questions on the conflict between Israel and Hamas,Our correspondents answer your questions on the conflict between Israel and Hamas.,2026-02-19T08:18:28+00:00,200,,1,5,israel|hamas
BBC,bbc.com,https://www.bbc.com/news/world-middle-east-67199157,2023-10-23T17:05:49Z,2026-02-19T08:05:21+00:00,67199157,bbc_xml_sitemap,https://www.bbc.com/sitemaps/https-sitemap-com-archive-103.xml,Blackpool family try to flee Gaza at Rafah crossing,A mother-of-four waiting with her family to cross the border into Egypt from Gaza has said 'nowhere is safe'.,2026-02-19T08:18:30+00:00,200,,1,6,gaza|rafah|rafah crossing
BBC,bbc.com,https://www.bbc.com/news/world-middle-east-67198270,2023-10-23T17:17:01Z,2026-02-19T08:05:21+00:00,67198270,bbc_xml_sitemap,https://www.bbc.com/sitemaps/https-sitemap-com-archive-103.xml,Israel shows Hamas bodycam attack footage to journalists,"The Israeli military screened 43 minutes of raw footage from bodycams, dashcams and CCTV.",2026-02-19T08:18:31+00:00,200,,1,8,israel|israeli|hamas|israeli military
BBC,bbc.com,https://www.bbc.com/news/world-middle-east-67194485,2023-10-23T17:30:46Z,2026-02-19T08:05:21+00:00,67194485,bbc_xml_sitemap,https://www.bbc.com/sitemaps/https-sitemap-com-archive-103.xml,"Some Gazans returning to north despite risks, UN says","Hundreds of thousands of people told to flee south are struggling to find shelter, food and water.",2026-02-19T08:18:32+00:00,200,,1,3,gaza|un
BBC,bbc.com,https://www.bbc.com/news/world-middle-east-67204630,2023-10-24T10:10:48Z,2026-02-19T08:05:21+00:00,67204630,bbc_xml_sitemap,https://www.bbc.com/sitemaps/https-sitemap-com-archive-103.xml,Freed hostage describes treatment by Hamas captors,"Israeli hostage Yocheved Lifschitz, 85, says she was beaten, but otherwise treated humanely.",2026-02-19T08:18:33+00:00,200,,1,9,israel|israeli|hamas|hostage
BBC,bbc.com,https://www.bbc.com/news/world-middle-east-67204479,2023-10-24T12:12:31Z,2026-02-19T08:05:21+00:00,67204479,bbc_xml_sitemap,https://www.bbc.com/sitemaps/https-sitemap-com-archive-103.xml,"I went through hell, says elderly hostage released by Hamas","Yocheved Lifschitz says she was kidnapped and taken into a ""spider's web"" of tunnels underneath Gaza.",2026-02-19T08:18:34+00:00,200,,1,8,gaza|hamas|hostage|un
BBC,bbc.com,https://www.bbc.com/news/world-middle-east-67204629,2023-10-24T10:41:14Z,2026-02-19T08:05:21+00:00,67204629,bbc_xml_sitemap,https://www.bbc.com/sitemaps/https-sitemap-com-archive-103.xml,Released Israeli hostage shakes her captor's hand,"Human rights activist Yocheved Lifschitz said 'shalom', meaning 'peace', to Hamas captor as she left.",2026-02-19T08:18:36+00:00,200,,1,9,israel|israeli|hamas|hostage
BBC,bbc.com,https://www.bbc.com/news/world-middle-east-67188346,2023-10-22T15:36:36Z,2026-02-19T08:05:21+00:00,67188346,bbc_xml_sitemap,https://www.bbc.com/sitemaps/https-sitemap-com-archive-103.xml,Iran warns Israel to stop war in Gaza or region will 'go out of control',Foreign Minister Hossein Amir-Abdollahian also criticised the US for providing military support.,2026-02-19T08:18:37+00:00,200,,1,5,israel|gaza
BBC,bbc.com,https://www.bbc.com/news/world-middle-east-67186181,2023-10-23T09:27:01Z,2026-02-19T08:05:21+00:00,67186181,bbc_xml_sitemap,https://www.bbc.com/sitemaps/https-sitemap-com-archive-103.xml,Dead and wounded strain Gaza hospitals as air strikes intensify,"As the Israel-Hamas war continues into a third week, doctors in Gaza battle to save who they can.",2026-02-19T08:18:39+00:00,200,,1,10,israel|gaza|hamas|air strike|strike|un
BBC,bbc.com,https://www.bbc.com/news/world-middle-east-67211248,2023-10-24T20:23:28Z,2026-02-19T08:05:21+00:00,67211248,bbc_xml_sitemap,https://www.bbc.com/sitemaps/https-sitemap-com-archive-103.xml,Israel-Gaza war: The brutal impact on Gaza's children,The BBC's Fergal Keane reports on the young lives shattered by violence.,2026-02-19T08:18:40+00:00,200,,1,7,israel|gaza|pa|un
BBC,bbc.com,https://www.bbc.com/news/world-middle-east-67204951,2023-10-24T19:07:48Z,2026-02-19T08:05:21+00:00,67204951,bbc_xml_sitemap,https://www.bbc.com/sitemaps/https-sitemap-com-archive-103.xml,Gaza strikes: Hamas-run health ministry says 700 killed in 24 hours,"Hamas-run ministry says deadliest Israeli strikes in war have pushed total killed to nearly 5,800.",2026-02-19T08:18:42+00:00,200,,1,11,israel|israeli|gaza|hamas|strike|un
BBC,bbc.com,https://www.bbc.com/news/world-middle-east-67219256,2023-10-25T16:52:18Z,2026-02-19T08:05:21+00:00,67219256,bbc_xml_sitemap,https://www.bbc.com/sitemaps/https-sitemap-com-archive-103.xml,Israelis and Palestinians fear worst to come after Gaza violence,"The grim old routines that had settled on this conflict have been swept away, says Jeremy Bowen.",2026-02-19T08:18:43+00:00,200,,1,10,israel|israeli|palestin|gaza|pa
BBC,bbc.com,https://www.bbc.com/news/world-middle-east-67214431,2023-10-25T18:41:34Z,2026-02-19T08:05:21+00:00,67214431,bbc_xml_sitemap,https://www.bbc.com/sitemaps/https-sitemap-com-archive-103.xml,Gaza's hospitals treating emergency cases only as fuel runs low,Hospitals warn that life-saving equipment will soon stop working without fuel for their generators.,2026-02-19T08:18:45+00:00,200,,1,3,gaza|un
BBC,bbc.com,https://www.bbc.com/news/world-middle-east-67223273,2023-10-25T21:04:35Z,2026-02-19T08:05:21+00:00,67223273,bbc_xml_sitemap,https://www.bbc.com/sitemaps/https-sitemap-com-archive-103.xml,Humanity blasted and broken: Gaza through a medic's eyes,"""We do not rest,"" says ambulance driver Mahmoud Badawi as medical supplies in the Strip run low.",2026-02-19T08:18:46+00:00,200,,1,3,gaza|un
BBC,bbc.com,https://www.bbc.com/news/world-middle-east-67221219,2023-10-25T21:41:12Z,2026-02-19T08:05:21+00:00,67221219,bbc_xml_sitemap,https://www.bbc.com/sitemaps/https-sitemap-com-archive-103.xml,'My family is in Gaza': Solo vigil sparks protests,"When Avichai Brodutch began a solo vigil outside the Ministry of Defense, others began to join him.",2026-02-19T08:18:48+00:00,200,,1,3,gaza|pa
BBC,bbc.com,https://www.bbc.com/news/world-middle-east-67206277,2023-10-25T21:48:50Z,2026-02-19T08:05:21+00:00,67206277,bbc_xml_sitemap,https://www.bbc.com/sitemaps/https-sitemap-com-archive-103.xml,Omer and Omar: How two 4-year-olds were killed and social media denied it,Two young boys in Gaza and Israel became victims of war - and then victims of social media disinformation.,2026-02-19T08:18:49+00:00,200,,1,6,israel|gaza|un
BBC,bbc.com,https://www.bbc.com/news/world-middle-east-67221220,2023-10-25T22:57:46Z,2026-02-19T08:05:21+00:00,67221220,bbc_xml_sitemap,https://www.bbc.com/sitemaps/https-sitemap-com-archive-103.xml,Emergency services facing 'carnage' in Gaza,The BBC's special correspondent Fergal Keane reports on the situation in Gaza.,2026-02-19T08:18:51+00:00,200,,1,2,gaza
BBC,bbc.com,https://www.bbc.com/news/world-middle-east-67225204,2023-10-26T12:59:27Z,2026-02-19T08:05:21+00:00,67225204,bbc_xml_sitemap,https://www.bbc.com/sitemaps/https-sitemap-com-archive-103.xml,Wael Al-Dahdouh: Al Jazeera reporter's family killed in Gaza strike,Wael Al-Dahdouh's wife and children are among those to have died at a refugee camp.,2026-02-19T08:18:52+00:00,200,,1,3,gaza|strike
BBC,bbc.com,https://www.bbc.com/news/world-middle-east-67226021,2023-10-26T12:43:51Z,2026-02-19T08:05:21+00:00,67226021,bbc_xml_sitemap,https://www.bbc.com/sitemaps/https-sitemap-com-archive-103.xml,'Reconnaissance by fire' - What Israel's Gaza raid tells us,"Israel's manoeuvre has been described as ""a tactical operation"", meaning it was limited in scope.",2026-02-19T08:18:52+00:00,200,,1,5,israel|gaza
BBC,bbc.com,https://www.bbc.com/news/world-middle-east-67205109,2023-10-26T16:56:54Z,2026-02-19T08:05:21+00:00,67205109,bbc_xml_sitemap,https://www.bbc.com/sitemaps/https-sitemap-com-archive-103.xml,How Qatar is at the centre of Israeli hostage talks,Qatar has a unique role leading sensitive negotiations but it comes with a huge risk.,2026-02-19T08:18:54+00:00,200,,1,8,israel|israeli|hostage|un
BBC,bbc.com,https://www.bbc.com/news/world-middle-east-67215620,2023-10-25T17:29:33Z,2026-02-19T08:05:21+00:00,67215620,bbc_xml_sitemap,https://www.bbc.com/sitemaps/https-sitemap-com-archive-103.xml,Israel demands UN chief resign over Hamas attack comments,"António Guterres denies he justified Hamas's attacks by saying they ""did not happen in a vacuum"".",2026-02-19T08:18:54+00:00,200,,1,6,israel|hamas|un
BBC,bbc.com,https://www.bbc.com/news/world-middle-east-67226957,2023-10-26T23:07:09Z,2026-02-19T08:05:21+00:00,67226957,bbc_xml_sitemap,https://www.bbc.com/sitemaps/https-sitemap-com-archive-103.xml,Giving birth in Gaza amid shelling and power cuts,Gaza resident Jumana Emad describes being in labour “among continuous shelling”.,2026-02-19T08:18:56+00:00,200,,1,3,gaza|shell
BBC,bbc.com,https://www.bbc.com/news/world-middle-east-67236448,2023-10-27T13:38:34Z,2026-02-19T08:05:21+00:00,67236448,bbc_xml_sitemap,https://www.bbc.com/sitemaps/https-sitemap-com-archive-103.xml,Sharone Lifschitz's mother was freed but her father is still held by Hamas,Sharone Lifschitz is calling on the Israeli government to prioritise the release of hostages held by Hamas.,2026-02-19T08:18:58+00:00,200,,1,11,israel|israeli|hamas|hostage|hostages
BBC,bbc.com,https://www.bbc.com/news/world-middle-east-67243928,2023-10-27T21:16:45Z,2026-02-19T08:05:21+00:00,67243928,bbc_xml_sitemap,https://www.bbc.com/sitemaps/https-sitemap-com-archive-103.xml,Israel-Gaza: Explosions pierce Gaza darkness as Israel steps up bombing,"Israel's attacks in Gaza intensified on Friday night, and Gaza was left in darkness.",2026-02-19T08:19:01+00:00,200,,1,6,israel|gaza|plo
BBC,bbc.com,https://www.bbc.com/news/world-middle-east-67246680,2023-10-27T22:18:32Z,2026-02-19T08:05:21+00:00,67246680,bbc_xml_sitemap,https://www.bbc.com/sitemaps/https-sitemap-com-archive-103.xml,Hostage negotiations appear to have stopped - Jeremy Bowen,Israel and Hamas were discussing a possible ceasefire and exchange of hostages.,2026-02-19T08:19:03+00:00,200,,1,10,israel|hamas|ceasefire|hostage|hostages
BBC,bbc.com,https://www.bbc.com/news/world-middle-east-67245797,2023-10-27T22:50:37Z,2026-02-19T08:05:21+00:00,67245797,bbc_xml_sitemap,https://www.bbc.com/sitemaps/https-sitemap-com-archive-103.xml,Israel angrily dismisses UN truce resolution on Gaza,The UN General Assembly has called for an immediate humanitarian truce between Israel and Hamas.,2026-02-19T08:19:04+00:00,200,,1,10,israel|gaza|hamas|truce|un|humanitarian
BBC,bbc.com,https://www.bbc.com/news/world-middle-east-67243925,2023-10-27T17:44:49Z,2026-02-19T08:05:21+00:00,67243925,bbc_xml_sitemap,https://www.bbc.com/sitemaps/https-sitemap-com-archive-103.xml,Explosions seen as Gaza Strip in darkness,"The Israeli military has told the AFP news agency it is ""continuously striking in the Gaza Strip"".",2026-02-19T08:19:05+00:00,200,,1,9,israel|israeli|gaza|israeli military|plo
BBC,bbc.com,https://www.bbc.com/news/world-middle-east-67241290,2023-10-27T17:17:15Z,2026-02-19T08:05:21+00:00,67241290,bbc_xml_sitemap,https://www.bbc.com/sitemaps/https-sitemap-com-archive-103.xml,Gaza before and after: Satellite images show destruction,Israeli aerial strikes on the Palestinian territory have reduced parts of the north to rubble.,2026-02-19T08:19:06+00:00,200,,1,11,israel|israeli|palestin|gaza|pa|strike
BBC,bbc.com,https://www.bbc.com/news/world-middle-east-67243926,2023-10-27T17:19:35Z,2026-02-19T08:05:21+00:00,67243926,bbc_xml_sitemap,https://www.bbc.com/sitemaps/https-sitemap-com-archive-103.xml,Rockets shown being fired from Gaza Strip,Footage shows rockets being fired from Gaza Strip.,2026-02-19T08:19:07+00:00,200,,1,3,gaza|rocket
BBC,bbc.com,https://www.bbc.com/news/world-middle-east-67243927,2023-10-27T18:05:07Z,2026-02-19T08:05:21+00:00,67243927,bbc_xml_sitemap,https://www.bbc.com/sitemaps/https-sitemap-com-archive-103.xml,Jeremy Bowen on what increased strikes on Gaza could mean,Israel has announced it is increasing its attacks on Gaza.,2026-02-19T08:19:08+00:00,200,,1,7,israel|gaza|strike|un
BBC,bbc.com,https://www.bbc.com/news/world-middle-east-67244057,2023-10-27T18:42:40Z,2026-02-19T08:05:21+00:00,67244057,bbc_xml_sitemap,https://www.bbc.com/sitemaps/https-sitemap-com-archive-103.xml,Gaza war: Israel steps up bombardment on Gaza Strip,Israeli military says it has intensified its air campaign and will expand ground operations.,2026-02-19T08:19:09+00:00,200,,1,11,israel|israeli|gaza|israeli military|pa|bombard|un
BBC,bbc.com,https://www.bbc.com/news/world-middle-east-67241362,2023-10-28T00:43:40Z,2026-02-19T08:05:21+00:00,67241362,bbc_xml_sitemap,https://www.bbc.com/sitemaps/https-sitemap-com-archive-103.xml,People in Gaza uncontactable and all communication down as Israel intensifies bombing,The Palestinian Red Crescent says people cannot call the emergency 101 number due to the outage.,2026-02-19T08:19:10+00:00,200,,1,9,israel|palestin|gaza|pa|un
BBC,bbc.com,https://www.bbc.com/news/world-middle-east-67248454,2023-10-28T12:35:08Z,2026-02-19T08:05:21+00:00,67248454,bbc_xml_sitemap,https://www.bbc.com/sitemaps/https-sitemap-com-archive-103.xml,"Israeli troops clear Gaza areas 'slice by slice', but is this an invasion?",The Israeli army is focusing on northern Gaza in what promises to be a very large military operation.,2026-02-19T08:19:10+00:00,200,,1,8,israel|israeli|gaza|israeli army
BBC,bbc.com,https://www.bbc.com/news/world-middle-east-67227534,2023-10-26T17:49:11Z,2026-02-19T08:05:21+00:00,67227534,bbc_xml_sitemap,https://www.bbc.com/sitemaps/https-sitemap-com-archive-103.xml,UN agencies reduce Gaza aid operations as fuel runs out,"The UN says it has enough to maintain water supplies for a day, after reducing support for hospitals.",2026-02-19T08:19:11+00:00,200,,1,3,gaza|un
BBC,bbc.com,https://www.bbc.com/news/world-middle-east-67216929,2023-10-26T16:55:10Z,2026-02-19T08:05:21+00:00,67216929,bbc_xml_sitemap,https://www.bbc.com/sitemaps/https-sitemap-com-archive-103.xml,Gaza hospital blast: What does new analysis tell us?,The BBC Verify team examines the latest evidence and assessments about what may have caused the explosion.,2026-02-19T08:19:12+00:00,200,,1,3,gaza|plo
BBC,bbc.com,https://www.bbc.com/news/world-middle-east-67248457,2023-10-28T17:26:49Z,2026-02-19T08:05:21+00:00,67248457,bbc_xml_sitemap,https://www.bbc.com/sitemaps/https-sitemap-com-archive-103.xml,"Israel has no plan for Gaza after war ends, experts warn",Former intelligence officers tell BBC it is unclear how Hamas could be kept out after Israeli forces leave.,2026-02-19T08:19:14+00:00,200,,1,10,israel|israeli|gaza|hamas|un
BBC,bbc.com,https://www.bbc.com/news/world-middle-east-67250801,2023-10-28T17:33:22Z,2026-02-19T08:05:21+00:00,67250801,bbc_xml_sitemap,https://www.bbc.com/sitemaps/https-sitemap-com-archive-103.xml,'Biggest ever' strikes hit northern Gaza,"Gaza's health ministry, which is run by Hamas, says hundreds of Palestinians have been killed in the past 24 hours.",2026-02-19T08:19:15+00:00,200,,1,10,palestin|gaza|hamas|pa|strike|un
BBC,bbc.com,https://www.bbc.com/news/world-middle-east-67248320,2023-10-28T21:06:46Z,2026-02-19T08:05:21+00:00,67248320,bbc_xml_sitemap,https://www.bbc.com/sitemaps/https-sitemap-com-archive-103.xml,Gaza sees heaviest night of Israeli bombardment since start of war,"Hamas-run authorities say hundreds of buildings were destroyed in the past day, with 377 people killed.",2026-02-19T08:19:16+00:00,200,,1,12,israel|israeli|gaza|hamas|pa|bombard|un
BBC,bbc.com,https://www.bbc.com/news/world-middle-east-67252107,2023-10-28T18:16:17Z,2026-02-19T08:05:21+00:00,67252107,bbc_xml_sitemap,https://www.bbc.com/sitemaps/https-sitemap-com-archive-103.xml,The messages of fear that trickled out while Gaza was disconnected,"A connectivity blackout on Saturday meant people could not contact friends, family or even ambulances to help the injured.",2026-02-19T08:19:17+00:00,200,,1,2,gaza
BBC,bbc.com,https://www.bbc.com/news/world-middle-east-67250802,2023-10-28T18:17:37Z,2026-02-19T08:05:21+00:00,67250802,bbc_xml_sitemap,https://www.bbc.com/sitemaps/https-sitemap-com-archive-103.xml,"'We will win, we will prevail', promises Israeli PM","Benjamin Netanyahu says Israel is launching ""massive air strikes"" as it expands its ground offensive in Gaza.",2026-02-19T08:19:18+00:00,200,,1,12,israel|israeli|gaza|pa|air strike|strike|ground offensive|un
BBC,bbc.com,https://www.bbc.com/news/world-middle-east-67248397,2023-10-28T07:17:51Z,2026-02-19T08:05:21+00:00,67248397,bbc_xml_sitemap,https://www.bbc.com/sitemaps/https-sitemap-com-archive-103.xml,What happened in Gaza overnight?,Israel carries out heavy airstrikes as it announces the expansion of ground operations.,2026-02-19T08:19:19+00:00,200,,1,9,israel|gaza|pa|airstrike|strike|un
BBC,bbc.com,https://www.bbc.com/news/world-middle-east-67248398,2023-10-28T08:04:02Z,2026-02-19T08:05:21+00:00,67248398,bbc_xml_sitemap,https://www.bbc.com/sitemaps/https-sitemap-com-archive-103.xml,Video appears to show Israeli ground forces in Gaza,Dozens of tanks and military vehicles are seen in footage released by the IDF.,2026-02-19T08:19:19+00:00,200,,1,10,israel|israeli|gaza|idf|un
BBC,bbc.com,https://www.bbc.com/news/world-middle-east-67248399,2023-10-28T08:23:08Z,2026-02-19T08:05:21+00:00,67248399,bbc_xml_sitemap,https://www.bbc.com/sitemaps/https-sitemap-com-archive-103.xml,BBC reports from Gaza after heaviest Israeli bombing yet,Rushdi Abualouf reports from Khan Younis after the most intense bombing of the war so far.,2026-02-19T08:19:20+00:00,200,,1,9,israel|israeli|gaza|khan younis|un
BBC,bbc.com,https://www.bbc.com/news/world-middle-east-67260093,2023-10-30T13:55:54Z,2026-02-19T08:05:21+00:00,67260093,bbc_xml_sitemap,https://www.bbc.com/sitemaps/https-sitemap-com-archive-103.xml,"Shani Louk: Woman missing after Hamas attack is dead, says mother",Ricarda Louk says a DNA sample taken from part of a skull is a match with her 22-year-old daughter.,2026-02-19T08:19:20+00:00,200,,1,3,hamas|pa
BBC,bbc.com,https://www.bbc.com/news/world-middle-east-67262375,2023-10-30T11:59:24Z,2026-02-19T08:05:21+00:00,67262375,bbc_xml_sitemap,https://www.bbc.com/sitemaps/https-sitemap-com-archive-103.xml,Moment Israeli tank appears to fire on car inside Gaza,Video shows a car moving towards a tank and making a U-turn before a blast.,2026-02-19T08:19:22+00:00,200,,1,7,israel|israeli|gaza
BBC,bbc.com,https://www.bbc.com/news/world-middle-east-67254766,2023-10-29T09:29:56Z,2026-02-19T08:05:21+00:00,67254766,bbc_xml_sitemap,https://www.bbc.com/sitemaps/https-sitemap-com-archive-103.xml,Streets filled with rubble: See the destruction of Gaza from the sky,Children and adults can be seen standing on mounds of rubble after strikes on Deir al Balah.,2026-02-19T08:19:23+00:00,200,,1,4,gaza|strike|un
BBC,bbc.com,https://www.bbc.com/news/world-middle-east-67255822,2023-10-29T15:36:30Z,2026-02-19T08:05:21+00:00,67255822,bbc_xml_sitemap,https://www.bbc.com/sitemaps/https-sitemap-com-archive-103.xml,UN: Thousands in Gaza break into warehouses in search of aid,"People took flour, wheat and hygiene kits after storming several warehouses, a UN agency says.",2026-02-19T08:19:24+00:00,200,,1,3,gaza|un
BBC,bbc.com,https://www.bbc.com/news/world-middle-east-67257333,2023-10-29T16:16:52Z,2026-02-19T08:05:21+00:00,67257333,bbc_xml_sitemap,https://www.bbc.com/sitemaps/https-sitemap-com-archive-103.xml,Hospitals struggle amid Israeli attacks on Gaza,The BBC's Rushdi Abualouf gives an update on the situation at medical facilities across Gaza.,2026-02-19T08:19:25+00:00,200,,1,7,israel|israeli|gaza
BBC,bbc.com,https://www.bbc.com/news/world-middle-east-67257121,2023-10-29T17:40:51Z,2026-02-19T08:05:21+00:00,67257121,bbc_xml_sitemap,https://www.bbc.com/sitemaps/https-sitemap-com-archive-103.xml,Chaos at Gaza food warehouse as people grab supplies after break-in,"Gaza residents break into warehouses and distribution centres in the south and middle of the strip, Unrwa says.",2026-02-19T08:19:25+00:00,200,,1,6,gaza|un|unrwa
BBC,bbc.com,https://www.bbc.com/news/world-middle-east-67276822,2023-10-31T22:06:34Z,2026-02-19T08:05:21+00:00,67276822,bbc_xml_sitemap,https://www.bbc.com/sitemaps/https-sitemap-com-archive-103.xml,Jabalia: Israel air strike reportedly kills dozens at Gaza refugee camp,"The Hamas-run health ministry says 50 people were killed, Israel says it killed a Hamas commander.",2026-02-19T08:19:27+00:00,200,,1,11,israel|gaza|jabalia|hamas|air strike|strike|un
BBC,bbc.com,https://www.bbc.com/news/world-middle-east-67248317,2023-10-29T11:30:30Z,2026-02-19T08:05:21+00:00,67248317,bbc_xml_sitemap,https://www.bbc.com/sitemaps/https-sitemap-com-archive-103.xml,Netanyahu meets Israeli hostages' families anxious over Gaza war plans,Relatives want to know whether a ground operation endangers the well-being of 229 hostages held by Hamas.,2026-02-19T08:19:29+00:00,200,,1,14,israel|israeli|gaza|hamas|hostage|hostages|un
BBC,bbc.com,https://www.bbc.com/news/world-middle-east-67248598,2023-10-28T13:47:45Z,2026-02-19T08:05:21+00:00,67248598,bbc_xml_sitemap,https://www.bbc.com/sitemaps/https-sitemap-com-archive-103.xml,Israeli hostages vigil: 'We want to bring them home alive',Relatives and friends of Israelis kidnapped by Hamas and taken to Gaza gather for a vigil in Tel Aviv.,2026-02-19T08:19:30+00:00,200,,1,14,israel|israeli|gaza|tel aviv|hamas|hostage|hostages
BBC,bbc.com,https://www.bbc.com/news/world-middle-east-67269429,2023-10-31T04:34:16Z,2026-02-19T08:05:21+00:00,67269429,bbc_xml_sitemap,https://www.bbc.com/sitemaps/https-sitemap-com-archive-103.xml,Israel Gaza: US rejects calls for ceasefire,The American decision comes amid loud calls for a humanitarian truce at the United Nations.,2026-02-19T08:19:31+00:00,200,,1,9,israel|gaza|ceasefire|truce|un|humanitarian
BBC,bbc.com,https://www.bbc.com/news/world-middle-east-67270216,2023-10-31T05:01:45Z,2026-02-19T08:05:21+00:00,67270216,bbc_xml_sitemap,https://www.bbc.com/sitemaps/https-sitemap-com-archive-103.xml,Israel's UN ambassador pins yellow star to chest,"Nazis forced the yellow Star of David on Jews, turning it into a deadly marker singling them out.",2026-02-19T08:19:32+00:00,200,,1,3,israel|un
BBC,bbc.com,https://www.bbc.com/news/world-middle-east-67268967,2023-10-31T07:25:44Z,2026-02-19T08:05:21+00:00,67268967,bbc_xml_sitemap,https://www.bbc.com/sitemaps/https-sitemap-com-archive-103.xml,Reporting on Gaza: 'Sometimes from behind the camera I just stand and cry',Gazan journalist Mahmoud Bassam risks everything to document people's suffering.,2026-02-19T08:19:33+00:00,200,,1,2,gaza
BBC,bbc.com,https://www.bbc.com/news/world-middle-east-67268584,2023-10-31T09:20:59Z,2026-02-19T08:05:21+00:00,67268584,bbc_xml_sitemap,https://www.bbc.com/sitemaps/https-sitemap-com-archive-103.xml,"Moment injured Gaza girl, 5, sees baby sister is alive",Five-year-old Joury and 18-month-old Julia reunite in hospital after a blast in southern Gaza.,2026-02-19T08:19:34+00:00,200,,1,3,gaza|un
BBC,bbc.com,https://www.bbc.com/news/world-middle-east-67271255,2023-10-31T10:18:05Z,2026-02-19T08:05:21+00:00,67271255,bbc_xml_sitemap,https://www.bbc.com/sitemaps/https-sitemap-com-archive-103.xml,Israeli troops seen on the ground in Gaza,Footage released by the Israel Defense Forces shows ground troops moving through Gaza.,2026-02-19T08:19:35+00:00,200,,1,9,israel|israeli|gaza|israel defense forces|un
BBC,bbc.com,https://www.bbc.com/news/world-middle-east-67272441,2023-10-31T16:00:12Z,2026-02-19T08:05:21+00:00,67272441,bbc_xml_sitemap,https://www.bbc.com/sitemaps/https-sitemap-com-archive-103.xml,Israeli President Isaac Herzog defends Gaza operation,Isaac Herzog also tells the BBC Israel has seen no progress in talks on the release of Israeli hostages.,2026-02-19T08:19:36+00:00,200,,1,11,israel|israeli|gaza|hostage|hostages
BBC,bbc.com,https://www.bbc.com/news/world-middle-east-67278339,2023-10-31T22:07:23Z,2026-02-19T08:05:21+00:00,67278339,bbc_xml_sitemap,https://www.bbc.com/sitemaps/https-sitemap-com-archive-103.xml,Gaza: Strike in Jabalia leaves massive crater,Israel's military confirmed that its jets carried out a strike on Jabalia in Gaza.,2026-02-19T08:19:36+00:00,200,,1,7,israel|gaza|jabalia|strike
BBC,bbc.com,https://www.bbc.com/news/world-middle-east-67261366,2023-10-30T20:22:51Z,2026-02-19T08:05:21+00:00,67261366,bbc_xml_sitemap,https://www.bbc.com/sitemaps/https-sitemap-com-archive-103.xml,Tank seen on key Gaza road as Israeli forces push deeper into north,"Witnesses say a key road to the south was briefly cut, as video seemed to show a tank fire at a car.",2026-02-19T08:19:39+00:00,200,,1,7,israel|israeli|gaza
BBC,bbc.com,https://www.bbc.com/news/world-middle-east-67265915,2023-10-30T18:27:16Z,2026-02-19T08:05:21+00:00,67265915,bbc_xml_sitemap,https://www.bbc.com/sitemaps/https-sitemap-com-archive-103.xml,Israel's Netanyahu condemns 'cruel' Hamas video of Israeli hostages,Footage shows three female hostages berating Benjamin Netanyahu for failing to secure their release.,2026-02-19T08:19:39+00:00,200,,1,11,israel|israeli|hamas|hostage|hostages
BBC,bbc.com,https://www.bbc.com/news/world-middle-east-67267585,2023-10-30T17:17:35Z,2026-02-19T08:05:21+00:00,67267585,bbc_xml_sitemap,https://www.bbc.com/sitemaps/https-sitemap-com-archive-103.xml,Ori Megidish: Israeli soldier hostage in Gaza rescued,"Israel's military names the soldier as Pte Ori Megidish, captured by Hamas on 7 October.",2026-02-19T08:19:40+00:00,200,,1,11,israel|israeli|gaza|hamas|hostage
BBC,bbc.com,https://www.bbc.com/news/world-middle-east-67284694,2023-11-02T06:41:06Z,2026-02-19T08:05:21+00:00,67284694,bbc_xml_sitemap,https://www.bbc.com/sitemaps/https-sitemap-com-archive-103.xml,Egypt opens Gaza border crossing to evacuate injured and foreign nationals,More than 400 people are allowed into Egypt for the first time since the war with Israel began.,2026-02-19T08:19:41+00:00,200,,1,6,israel|gaza|border crossing
BBC,bbc.com,https://www.bbc.com/news/world-middle-east-67293048,2023-11-01T20:57:05Z,2026-02-19T08:05:21+00:00,67293048,bbc_xml_sitemap,https://www.bbc.com/sitemaps/https-sitemap-com-archive-103.xml,'I simply don’t want to die at 24' - Gaza woman trapped at Rafah crossing,Tala Abu Nahleh and her family recount their harrowing experience as they desperately try to cross into Egypt.,2026-02-19T08:19:42+00:00,200,,1,7,gaza|rafah|un|rafah crossing
BBC,bbc.com,https://www.bbc.com/news/world-middle-east-67290399,2023-11-01T23:41:30Z,2026-02-19T08:05:21+00:00,67290399,bbc_xml_sitemap,https://www.bbc.com/sitemaps/https-sitemap-com-archive-103.xml,Gaza tunnels: Breaking down videos from Hamas' secret network,"Using videos from inside Hamas' secret network, Gordon Corera explores how the tunnels could shape the war.",2026-02-19T08:19:42+00:00,200,,1,7,gaza|hamas|plo|un
BBC,bbc.com,https://www.bbc.com/news/world-middle-east-67292422,2023-11-02T00:30:42Z,2026-02-19T08:05:21+00:00,67292422,bbc_xml_sitemap,https://www.bbc.com/sitemaps/https-sitemap-com-archive-103.xml,"Israel Gaza: Children must be off limits, says father of abducted kids","""How can you hate a child?"" asks Yoni Asher, whose two-year-old and four-year-old were taken by Hamas.",2026-02-19T08:19:44+00:00,200,,1,7,israel|gaza|hamas
BBC,bbc.com,https://www.bbc.com/news/world-middle-east-67278549,2023-11-03T00:31:06Z,2026-02-19T08:05:21+00:00,67278549,bbc_xml_sitemap,https://www.bbc.com/sitemaps/https-sitemap-com-archive-103.xml,"A doctor, tailor, and bride-to-be: Stories of those killed in Gaza","From surgeons to young children, these are some of the people known to have been killed in Gaza.",2026-02-19T08:19:44+00:00,200,,1,3,gaza|un
BBC,bbc.com,https://www.bbc.com/news/world-middle-east-67304185,2023-11-03T14:21:13Z,2026-02-19T08:05:21+00:00,67304185,bbc_xml_sitemap,https://www.bbc.com/sitemaps/https-sitemap-com-archive-103.xml,Hezbollah chief Hassan Nasrallah makes first speech on Israel-Gaza war,"So far its response has been contained, but fears remain its involvement may widen the conflict.",2026-02-19T08:19:46+00:00,200,,1,7,israel|gaza|hezbollah
BBC,bbc.com,https://www.bbc.com/news/world-middle-east-67284864,2023-11-03T07:46:37Z,2026-02-19T08:05:21+00:00,67284864,bbc_xml_sitemap,https://www.bbc.com/sitemaps/https-sitemap-com-archive-103.xml,"Bullet holes, gutted rooms: Inside destroyed Kibbutz house",BBC correspondent Lucy Williamson is at a house in Israel from where seven people were taken hostage by Hamas.,2026-02-19T08:19:46+00:00,200,,1,7,israel|hamas|hostage
BBC,bbc.com,https://www.bbc.com/news/world-middle-east-67280010,2023-10-31T19:40:15Z,2026-02-19T08:05:21+00:00,67280010,bbc_xml_sitemap,https://www.bbc.com/sitemaps/https-sitemap-com-archive-103.xml,Gaza tunnels: Breaking down videos from Hamas' secret network,"Using footage from inside Hamas' tunnels, Gordon Corera explores how they could shape the war.",2026-02-19T08:19:48+00:00,200,,1,7,gaza|hamas|plo|un
BBC,bbc.com,https://www.bbc.com/news/world-middle-east-67277205,2023-10-31T21:02:57Z,2026-02-19T08:05:21+00:00,67277205,bbc_xml_sitemap,https://www.bbc.com/sitemaps/https-sitemap-com-archive-103.xml,Israel Gaza: Father loses 11 family members in one blast,Mr Khader was working at a hospital on 20 October when 11 of his family members were killed.,2026-02-19T08:19:49+00:00,200,,1,5,israel|gaza
BBC,bbc.com,https://www.bbc.com/news/world-middle-east-67281022,2023-10-31T22:10:55Z,2026-02-19T08:05:21+00:00,67281022,bbc_xml_sitemap,https://www.bbc.com/sitemaps/https-sitemap-com-archive-103.xml,"In Kibbutz Be'eri, a broken promise to keep Israelis safe",Israel's PM is under pressure both to rebuild trust and secure the return of hostages.,2026-02-19T08:19:50+00:00,200,,1,10,israel|israeli|hostage|hostages|un
BBC,bbc.com,https://www.bbc.com/news/world-middle-east-67278516,2023-10-31T22:16:34Z,2026-02-19T08:05:21+00:00,67278516,bbc_xml_sitemap,https://www.bbc.com/sitemaps/https-sitemap-com-archive-103.xml,Israel: Inside destroyed Kibbutz house after Hamas hostage taking,BBC correspondent Lucy Williamson is in a home from where seven people were taken hostage in Israel.,2026-02-19T08:19:51+00:00,200,,1,7,israel|hamas|hostage
BBC,bbc.com,https://www.bbc.com/news/world-middle-east-67264703,2023-11-01T00:21:19Z,2026-02-19T08:05:21+00:00,67264703,bbc_xml_sitemap,https://www.bbc.com/sitemaps/https-sitemap-com-archive-103.xml,Strikes on south Gaza: BBC verifies attacks in areas of ‘safety’,"The BBC has analysed four strikes in south Gaza, where civilians were told to evacuate to.",2026-02-19T08:19:52+00:00,200,,1,3,gaza|strike
BBC,bbc.com,https://www.bbc.com/news/world-middle-east-67314396,2023-11-03T18:08:24Z,2026-02-19T08:05:21+00:00,67314396,bbc_xml_sitemap,https://www.bbc.com/sitemaps/https-sitemap-com-archive-103.xml,Gaza reporter removes protective vest after learning of colleague's death,"A journalist working for Palestine TV was killed in a strike on Gaza, his network said.",2026-02-19T08:19:53+00:00,200,,1,7,palestin|gaza|pa|strike
BBC,bbc.com,https://www.bbc.com/news/world-middle-east-67316463,2023-11-04T10:18:46Z,2026-02-19T08:05:21+00:00,67316463,bbc_xml_sitemap,https://www.bbc.com/sitemaps/https-sitemap-com-archive-103.xml,Red Crescent says 15 killed in strike on Gaza ambulance outside Al-Shifa hospital,Israel said it hit an ambulance it said was carrying Hamas operatives without specifying where.,2026-02-19T08:19:54+00:00,200,,1,8,israel|gaza|hamas|strike
BBC,bbc.com,https://www.bbc.com/news/world-middle-east-67317454,2023-11-03T22:29:01Z,2026-02-19T08:05:21+00:00,67317454,bbc_xml_sitemap,https://www.bbc.com/sitemaps/https-sitemap-com-archive-103.xml,Hezbollah steps back from all-out war on Israel over Gaza - for now,The group's leader denied prior knowledge of Hamas's attacks in Israel and left out the possibility of joining the war.,2026-02-19T08:19:55+00:00,200,,1,9,israel|gaza|hamas|hezbollah
BBC,bbc.com,https://www.bbc.com/news/world-middle-east-67316559,2023-11-04T00:56:31Z,2026-02-19T08:05:21+00:00,67316559,bbc_xml_sitemap,https://www.bbc.com/sitemaps/https-sitemap-com-archive-103.xml,Gaza mother: 'I'm not able to hug my children',Amani left her family in Gaza to study in the UK just days before the war broke out. Now she watches anxiously.,2026-02-19T08:19:56+00:00,200,,1,2,gaza
BBC,bbc.com,https://www.bbc.com/news/world-middle-east-67302206,2023-11-02T19:35:48Z,2026-02-19T08:05:21+00:00,67302206,bbc_xml_sitemap,https://www.bbc.com/sitemaps/https-sitemap-com-archive-103.xml,Israel says Hamas stages hit-and-run attacks from tunnels,Israel says its troops have encircled Gaza City and is facing Hamas fighters emerging from tunnels.,2026-02-19T08:19:57+00:00,200,,1,8,israel|gaza|hamas|un
BBC,bbc.com,https://www.bbc.com/news/world-middle-east-67304420,2023-11-02T19:36:48Z,2026-02-19T08:05:21+00:00,67304420,bbc_xml_sitemap,https://www.bbc.com/sitemaps/https-sitemap-com-archive-103.xml,Ros Atkins on... Calls for a ceasefire in Gaza,The BBC's analysis editor examines calls for a ceasefire or humanitarian pause between Israel and Hamas in Gaza.,2026-02-19T08:19:58+00:00,200,,1,10,israel|gaza|hamas|pa|ceasefire|humanitarian
BBC,bbc.com,https://www.bbc.com/news/world-middle-east-67304340,2023-11-02T20:46:59Z,2026-02-19T08:05:21+00:00,67304340,bbc_xml_sitemap,https://www.bbc.com/sitemaps/https-sitemap-com-archive-103.xml,"When they called their mother, Hamas answered the phone","Ditza Heiman, 84, is being held in Gaza and her daughter wants Israel to find a diplomatic solution.",2026-02-19T08:20:00+00:00,200,,1,8,israel|gaza|hamas|plo
BBC,bbc.com,https://www.bbc.com/news/world-middle-east-67320520,2023-11-04T20:10:18Z,2026-02-19T08:05:21+00:00,67320520,bbc_xml_sitemap,https://www.bbc.com/sitemaps/https-sitemap-com-archive-103.xml,"Israel-Gaza war: Ceasefire would allow Hamas to regroup, says Blinken",The US Secretary of State says such a step would allow Hamas to carry out further attacks.,2026-02-19T08:20:01+00:00,200,,1,8,israel|gaza|hamas|ceasefire
BBC,bbc.com,https://www.bbc.com/news/world-middle-east-67326745,2023-11-05T11:58:20Z,2026-02-19T08:05:21+00:00,67326745,bbc_xml_sitemap,https://www.bbc.com/sitemaps/https-sitemap-com-archive-103.xml,BBC on scene of damage after blast at Gaza refugee camp,The Hamas-run health ministry says more than 30 people were killed after an Israeli air strike.,2026-02-19T08:20:02+00:00,200,,1,12,israel|israeli|gaza|hamas|air strike|strike|un
BBC,bbc.com,https://www.bbc.com/news/world-middle-east-67306902,2023-11-03T12:44:41Z,2026-02-19T08:05:21+00:00,67306902,bbc_xml_sitemap,https://www.bbc.com/sitemaps/https-sitemap-com-archive-103.xml,Bowen: Five new realities after four weeks of Israel-Gaza war,"There are few known quantities in the conflict but some things have become clear, says Jeremy Bowen.",2026-02-19T08:20:03+00:00,200,,1,5,israel|gaza
BBC,bbc.com,https://www.bbc.com/news/world-middle-east-67307858,2025-02-14T15:27:30Z,2026-02-19T08:05:21+00:00,67307858,bbc_xml_sitemap,https://www.bbc.com/sitemaps/https-sitemap-com-archive-103.xml,What is Hezbollah and why has it been fighting Israel in Lebanon?,Thousands were killed in Lebanon during Israel's most recent conflict with Hezbollah.,2026-02-19T08:20:05+00:00,200,,1,5,israel|hezbollah
BBC,bbc.com,https://www.bbc.com/news/world-middle-east-67306903,2023-11-03T15:30:05Z,2026-02-19T08:05:21+00:00,67306903,bbc_xml_sitemap,https://www.bbc.com/sitemaps/https-sitemap-com-archive-103.xml,Palestinian workers return to Gaza after expulsion from Israel,"Israel says it is cutting all ties with Gaza, while the UN voices concern for the returnees' safety.",2026-02-19T08:20:08+00:00,200,,1,9,israel|palestin|gaza|pa|un
BBC,bbc.com,https://www.bbc.com/news/world-middle-east-67310632,2023-11-04T00:11:51Z,2026-02-19T08:05:21+00:00,67310632,bbc_xml_sitemap,https://www.bbc.com/sitemaps/https-sitemap-com-archive-103.xml,Israel rebuffs Blinken's call for Gaza humanitarian pause,PM Benjamin Netanyahu says there will be no temporary truce without the release of hostages.,2026-02-19T08:20:08+00:00,200,,1,12,israel|gaza|pa|truce|hostage|hostages|humanitarian
BBC,bbc.com,https://www.bbc.com/news/world-middle-east-67326895,2023-11-05T16:15:21Z,2026-02-19T08:05:21+00:00,67326895,bbc_xml_sitemap,https://www.bbc.com/sitemaps/https-sitemap-com-archive-103.xml,At least 45 killed at Al-Maghazi refugee camp,The Hamas-run health ministry says at least 45 people died in what it says was an Israeli air strike.,2026-02-19T08:20:09+00:00,200,,1,10,israel|israeli|hamas|air strike|strike|un
BBC,bbc.com,https://www.bbc.com/news/world-middle-east-67321463,2023-11-04T20:01:58Z,2026-02-19T08:05:21+00:00,67321463,bbc_xml_sitemap,https://www.bbc.com/sitemaps/https-sitemap-com-archive-103.xml,Rafah border crossing between Gaza and Egypt fails to open for foreigners,"Their exit was halted on Saturday in a dispute over evacuating injured patients, Palestinian sources say.",2026-02-19T08:20:10+00:00,200,,1,9,palestin|gaza|rafah|pa|border crossing
BBC,bbc.com,https://www.bbc.com/news/world-middle-east-67333418,2023-11-06T11:27:51Z,2026-02-19T08:05:21+00:00,67333418,bbc_xml_sitemap,https://www.bbc.com/sitemaps/https-sitemap-com-archive-103.xml,BBC reports from southern Gaza after 'intense' air strikes,"'We are struggling to get credible information', says the BBC's Rushdi Abualouf.",2026-02-19T08:20:10+00:00,200,,1,4,gaza|air strike|strike
BBC,bbc.com,https://www.bbc.com/news/world-middle-east-67331945,2023-11-06T12:30:01Z,2026-02-19T08:05:21+00:00,67331945,bbc_xml_sitemap,https://www.bbc.com/sitemaps/https-sitemap-com-archive-103.xml,Ahed Tamimi: Israeli forces arrest Palestinian activist in West Bank,"Ahed Tamimi, once jailed for slapping an Israeli soldier, allegedly posted a call to kill settlers.",2026-02-19T08:20:13+00:00,200,,1,12,israel|israeli|palestin|west bank|pa|settlers
BBC,bbc.com,https://www.bbc.com/news/world-middle-east-67331176,2023-11-06T13:09:57Z,2026-02-19T08:05:21+00:00,67331176,bbc_xml_sitemap,https://www.bbc.com/sitemaps/https-sitemap-com-archive-103.xml,Gaza's Christians fear for survival amid Israel-Hamas war,"The dwindling community battens down, caught up in a devastating conflict between Israel and Hamas.",2026-02-19T08:20:16+00:00,200,,1,8,israel|gaza|hamas|un
BBC,bbc.com,https://www.bbc.com/news/world-middle-east-67336608,2023-11-06T16:11:57Z,2026-02-19T08:05:21+00:00,67336608,bbc_xml_sitemap,https://www.bbc.com/sitemaps/https-sitemap-com-archive-103.xml,Israel-Gaza war: 'I couldn't believe it was possible to kidnap an 85-year-old woman',Adva Adar's 85-year-old grandmother was taken into Gaza on a golf cart after her kibbutz was attacked.,2026-02-19T08:20:17+00:00,200,,1,5,israel|gaza
BBC,bbc.com,https://www.bbc.com/news/world-middle-east-67335042,2023-11-06T17:18:42Z,2026-02-19T08:05:21+00:00,67335042,bbc_xml_sitemap,https://www.bbc.com/sitemaps/https-sitemap-com-archive-103.xml,The writers who reached out across the divide,An Israeli and Palestinian set up a group to share experiences of life in Gaza. And then the war broke out.,2026-02-19T08:20:18+00:00,200,,1,10,israel|israeli|palestin|gaza|pa
BBC,bbc.com,https://www.bbc.com/news/world-middle-east-67332684,2023-11-06T17:29:13Z,2026-02-19T08:05:21+00:00,67332684,bbc_xml_sitemap,https://www.bbc.com/sitemaps/https-sitemap-com-archive-103.xml,"Israel Gaza war: Hamas-run health ministry says Gaza death toll passes 10,000",Israel started bombing the Palestinian territory after coming under attack from Hamas on 7 October.,2026-02-19T08:20:19+00:00,200,,1,11,israel|palestin|gaza|hamas|pa|un
BBC,bbc.com,https://www.bbc.com/news/world-middle-east-67331951,2023-11-06T17:59:31Z,2026-02-19T08:05:21+00:00,67331951,bbc_xml_sitemap,https://www.bbc.com/sitemaps/https-sitemap-com-archive-103.xml,Narges Mohammadi: Jailed Iranian Nobel laureate begins hunger strike,"Narges Mohammadi is being denied medical care in jail for refusing to wear a hijab, her family says.",2026-02-19T08:20:21+00:00,200,,1,2,strike|un
BBC,bbc.com,https://www.bbc.com/news/world-middle-east-67339008,2023-11-07T07:35:22Z,2026-02-19T08:05:21+00:00,67339008,bbc_xml_sitemap,https://www.bbc.com/sitemaps/https-sitemap-com-archive-103.xml,Israel's pain still raw a month after Hamas attacks,"As the war rages, the focus for many in Israel is ensuring the safe return of more than 200 hostages.",2026-02-19T08:20:21+00:00,200,,1,10,israel|hamas|pa|hostage|hostages
BBC,bbc.com,https://www.bbc.com/news/world-middle-east-67339988,2023-11-06T19:37:58Z,2026-02-19T08:05:21+00:00,67339988,bbc_xml_sitemap,https://www.bbc.com/sitemaps/https-sitemap-com-archive-103.xml,Israel-Gaza: The devastating effects of war on Gaza's children,"The BBC's Fergal Keane reports on the children suffering in Gaza, and the impact the war is having on them.",2026-02-19T08:20:23+00:00,200,,1,6,israel|gaza|pa
BBC,bbc.com,https://www.bbc.com/news/world-middle-east-67321241,2023-11-07T10:11:24Z,2026-02-19T08:05:21+00:00,67321241,bbc_xml_sitemap,https://www.bbc.com/sitemaps/https-sitemap-com-archive-103.xml,Hamas leader refuses to acknowledge killing of civilians in Israel,Deputy political leader Moussa Abu Marzouk says Hamas will release hostages only if Israel stops fighting.,2026-02-19T08:20:24+00:00,200,,1,9,israel|hamas|hostage|hostages
BBC,bbc.com,https://www.bbc.com/news/world-middle-east-67355319,2023-11-08T16:23:29Z,2026-02-19T08:05:21+00:00,67355319,bbc_xml_sitemap,https://www.bbc.com/sitemaps/https-sitemap-com-archive-103.xml,US warns Israel against reoccupying Gaza after war,"Gaza and the West Bank must be united under the Palestinian Authority, the secretary of state says.",2026-02-19T08:20:24+00:00,200,,1,12,israel|palestin|gaza|west bank|palestinian authority|pa|un
BBC,bbc.com,https://www.bbc.com/news/world-middle-east-67345430,2023-11-07T13:31:59Z,2026-02-19T08:05:21+00:00,67345430,bbc_xml_sitemap,https://www.bbc.com/sitemaps/https-sitemap-com-archive-103.xml,Netanyahu says Israel will have security control over Gaza after war,"Israel must have ""overall security responsibility"", its PM says, amid concerns of re-occupation.",2026-02-19T08:20:26+00:00,200,,1,8,israel|gaza|pa|occupation
BBC,bbc.com,https://www.bbc.com/news/world-middle-east-67343928,2023-11-07T13:36:31Z,2026-02-19T08:05:21+00:00,67343928,bbc_xml_sitemap,https://www.bbc.com/sitemaps/https-sitemap-com-archive-103.xml,Israeli archaeologists help find remains of Hamas attack victims,They have so far uncovered the remains of at least 10 people killed by Hamas gunmen a month ago.,2026-02-19T08:20:27+00:00,200,,1,8,israel|israeli|hamas|un
BBC,bbc.com,https://www.bbc.com/news/world-middle-east-67347350,2023-11-07T14:12:04Z,2026-02-19T08:05:21+00:00,67347350,bbc_xml_sitemap,https://www.bbc.com/sitemaps/https-sitemap-com-archive-103.xml,'We want to hug her again' - Hope of Dad of missing Irish-Israeli girl,"Thomas Hand has fresh hope that his daughter, who was thought to be dead following the Hamas attacks, is alive.",2026-02-19T08:20:28+00:00,200,,1,7,israel|israeli|hamas
BBC,bbc.com,https://www.bbc.com/news/world-middle-east-67339989,2023-11-07T17:01:14Z,2026-02-19T08:05:21+00:00,67339989,bbc_xml_sitemap,https://www.bbc.com/sitemaps/https-sitemap-com-archive-103.xml,Israel-Gaza: The devastating effects of war on Gaza's children,"The BBC's Fergal Keane reports on the children suffering in Gaza, and the impact the war is having on them.",2026-02-19T08:20:29+00:00,200,,1,6,israel|gaza|pa
BBC,bbc.com,https://www.bbc.com/news/world-middle-east-67349697,2023-11-07T17:16:00Z,2026-02-19T08:05:21+00:00,67349697,bbc_xml_sitemap,https://www.bbc.com/sitemaps/https-sitemap-com-archive-103.xml,Air strikes destroy buildings in al-Zahra neighbourhood,Video shows a set of Israel air strikes hitting residential buildings in Gaza.,2026-02-19T08:20:30+00:00,200,,1,7,israel|gaza|air strike|strike
BBC,bbc.com,https://www.bbc.com/news/world-middle-east-67349698,2023-11-07T17:20:09Z,2026-02-19T08:05:21+00:00,67349698,bbc_xml_sitemap,https://www.bbc.com/sitemaps/https-sitemap-com-archive-103.xml,Israeli air strikes rock residential buildings in al-Zahra,Video from 19 October shows Israeli air strikes hitting residential towers in Gaza.,2026-02-19T08:20:30+00:00,200,,1,9,israel|israeli|gaza|air strike|strike
BBC,bbc.com,https://www.bbc.com/news/world-middle-east-67350709,2023-11-07T19:23:33Z,2026-02-19T08:05:21+00:00,67350709,bbc_xml_sitemap,https://www.bbc.com/sitemaps/https-sitemap-com-archive-103.xml,"Gaza journalist killed alongside 42 relatives, news agency says",Mohammad Abu Hasira's death comes as a watchdog says the past month has been the most deadly for journalists.,2026-02-19T08:20:32+00:00,200,,1,3,gaza|pa
BBC,bbc.com,https://www.bbc.com/news/world-middle-east-67365679,2023-11-09T07:13:14Z,2026-02-19T08:05:21+00:00,67365679,bbc_xml_sitemap,https://www.bbc.com/sitemaps/https-sitemap-com-archive-103.xml,"‘No anaesthesia, painkillers’: Giving birth in Gaza",New mothers speak of giving birth amid war and the fears they have for their children's futures.,2026-02-19T08:20:32+00:00,200,,1,3,gaza|pa
BBC,bbc.com,https://www.bbc.com/news/world-middle-east-67349699,2023-11-07T20:27:32Z,2026-02-19T08:05:21+00:00,67349699,bbc_xml_sitemap,https://www.bbc.com/sitemaps/https-sitemap-com-archive-103.xml,Israel-Gaza war: Civilians leave northern Gaza along evacuation corridor,"For several hours, hundreds of people were on the move, some on carts pulled by donkeys but most on foot.",2026-02-19T08:20:33+00:00,200,,1,6,israel|gaza|un
BBC,bbc.com,https://www.bbc.com/news/world-middle-east-67350718,2023-11-07T22:26:40Z,2026-02-19T08:05:21+00:00,67350718,bbc_xml_sitemap,https://www.bbc.com/sitemaps/https-sitemap-com-archive-103.xml,Israel says troops operating 'in the heart of Gaza City',For its part Hamas said it was inflicting losses on Israeli forces - the BBC cannot verify either claim.,2026-02-19T08:20:34+00:00,200,,1,10,israel|israeli|gaza|hamas|pa
BBC,bbc.com,https://www.bbc.com/news/world-middle-east-67328400,2023-11-08T05:57:53Z,2026-02-19T08:05:21+00:00,67328400,bbc_xml_sitemap,https://www.bbc.com/sitemaps/https-sitemap-com-archive-103.xml,Mohamed Shaheen films bombing aftermath in al-Zahra,"Mohamed Shaheen filmed the aftermath of the bombing from his apartment in al-Zahra, Gaza",2026-02-19T08:20:35+00:00,200,,1,3,gaza|pa
BBC,bbc.com,https://www.bbc.com/news/world-middle-east-67327079,2023-11-08T05:58:18Z,2026-02-19T08:05:21+00:00,67327079,bbc_xml_sitemap,https://www.bbc.com/sitemaps/https-sitemap-com-archive-103.xml,'I’m calling from Israeli intelligence. We have the order to bomb. You have two hours',An extraordinary warning call to a Palestinian dentist starts the panicked evacuation of a Gazan neighbourhood.,2026-02-19T08:20:36+00:00,200,,1,10,israel|israeli|palestin|gaza|pa
BBC,bbc.com,https://www.bbc.com/news/world-middle-east-67353034,2023-11-08T06:42:57Z,2026-02-19T08:05:21+00:00,67353034,bbc_xml_sitemap,https://www.bbc.com/sitemaps/https-sitemap-com-archive-103.xml,Hamas hostages: Israeli mothers recall their children being kidnapped by Hamas,"Renana Jacob says the last time she spoke to her son, he was telling attackers he was ""too young"" to be taken.",2026-02-19T08:20:37+00:00,200,,1,12,israel|israeli|hamas|hostage|hostages|un
BBC,bbc.com,https://www.bbc.com/news/world-middle-east-67373461,2023-11-09T18:57:24Z,2026-02-19T08:05:21+00:00,67373461,bbc_xml_sitemap,https://www.bbc.com/sitemaps/https-sitemap-com-archive-103.xml,Israel sees 'sign of life' in Gaza hostage video,"Palestinian Islamic Jihad posts videos of two Gaza hostages, but Israel fears ""psychological terror"".",2026-02-19T08:20:38+00:00,200,,1,13,israel|palestin|gaza|pa|islamic jihad|hostage|hostages
BBC,bbc.com,https://www.bbc.com/news/world-middle-east-67373931,2023-11-09T19:02:06Z,2026-02-19T08:05:21+00:00,67373931,bbc_xml_sitemap,https://www.bbc.com/sitemaps/https-sitemap-com-archive-103.xml,Ecologist tracks birds of prey to find Israeli dead,Ohad Hatzofe said he is using his knowledge of bird behaviour to recover corpses after Hamas's attack.,2026-02-19T08:20:39+00:00,200,,1,7,israel|israeli|hamas
BBC,bbc.com,https://www.bbc.com/news/world-middle-east-67374647,2023-11-09T19:12:53Z,2026-02-19T08:05:21+00:00,67374647,bbc_xml_sitemap,https://www.bbc.com/sitemaps/https-sitemap-com-archive-103.xml,"One fled Gaza City, one stayed - what became of Farida and Khalid?","Teacher Farida and Khalid, a medical supplier, describe life in Gaza, besieged and under attack.",2026-02-19T08:20:40+00:00,200,,1,4,gaza|siege|un
BBC,bbc.com,https://www.bbc.com/news/world-middle-east-67372035,2023-11-09T23:03:53Z,2026-02-19T08:05:21+00:00,67372035,bbc_xml_sitemap,https://www.bbc.com/sitemaps/https-sitemap-com-archive-103.xml,US says Israel to begin daily four-hour military pauses in Gaza,"However Israel stressed the ""localised and pinpoint measures"" would ""not detract from the fighting"".",2026-02-19T08:20:40+00:00,200,,1,6,israel|gaza|pa
BBC,bbc.com,https://www.bbc.com/news/world-middle-east-67357917,2023-11-08T21:08:17Z,2026-02-19T08:05:21+00:00,67357917,bbc_xml_sitemap,https://www.bbc.com/sitemaps/https-sitemap-com-archive-103.xml,British nationals and dependents stopped from leaving Gaza with families,Two men say Egypt sent them back to a warzone after they waited for days at the Rafah crossing.,2026-02-19T08:20:41+00:00,200,,1,6,gaza|rafah|rafah crossing
BBC,bbc.com,https://www.bbc.com/news/world-middle-east-67361128,2023-11-09T12:56:09Z,2026-02-19T08:05:21+00:00,67361128,bbc_xml_sitemap,https://www.bbc.com/sitemaps/https-sitemap-com-archive-103.xml,Israel-Gaza war: Dead bodies and tanks on road south as people flee,"BBC Verify has been looking at video, listening to eyewitnesses and analysing satellite images.",2026-02-19T08:20:43+00:00,200,,1,5,israel|gaza
BBC,bbc.com,https://www.bbc.com/news/world-middle-east-67362960,2023-11-08T22:33:42Z,2026-02-19T08:05:21+00:00,67362960,bbc_xml_sitemap,https://www.bbc.com/sitemaps/https-sitemap-com-archive-103.xml,'We walked into a wasteland' - BBC's Jeremy Bowen in Gaza with Israeli forces,"IDF soldiers showed the BBC what they called a Hamas weapons factory, under a home where children lived.",2026-02-19T08:20:43+00:00,200,,1,12,israel|israeli|gaza|hamas|idf|un
BBC,bbc.com,https://www.bbc.com/news/world-middle-east-67364441,2023-11-09T09:12:32Z,2026-02-19T08:05:21+00:00,67364441,bbc_xml_sitemap,https://www.bbc.com/sitemaps/https-sitemap-com-archive-103.xml,Iran-backed Yemeni rebels shoot down US drone,Washington is on alert for activity by Iran-backed groups in the region in the wake of the Israel-Gaza war.,2026-02-19T08:20:44+00:00,200,,1,5,israel|gaza
BBC,bbc.com,https://www.bbc.com/news/world-middle-east-67375667,2023-11-10T18:28:02Z,2026-02-19T08:05:21+00:00,67375667,bbc_xml_sitemap,https://www.bbc.com/sitemaps/https-sitemap-com-archive-103.xml,News outlets deny Israeli claim that freelance journalists knew of Hamas attack,"Reuters, AP, CNN and the New York Times have denied any prior knowledge of the 7 October attack.",2026-02-19T08:20:45+00:00,200,,1,7,israel|israeli|hamas
BBC,bbc.com,https://www.bbc.com/news/world-middle-east-67373293,2023-11-10T01:35:33Z,2026-02-19T08:05:21+00:00,67373293,bbc_xml_sitemap,https://www.bbc.com/sitemaps/https-sitemap-com-archive-103.xml,"Weeks into the war, how much closer is Israel to its goal?","Israel wants to destroy Hamas, but there are questions over whether that is achievable.",2026-02-19T08:20:46+00:00,200,,1,5,israel|hamas
BBC,bbc.com,https://www.bbc.com/news/world-middle-east-67376148,2023-11-10T03:06:10Z,2026-02-19T08:05:21+00:00,67376148,bbc_xml_sitemap,https://www.bbc.com/sitemaps/https-sitemap-com-archive-103.xml,Divided communities in the occupied West Bank,Arabs and Jews living in the territory say the 7 October attacks have deepened distrust.,2026-02-19T08:20:46+00:00,200,,1,3,west bank|un
BBC,bbc.com,https://www.bbc.com/news/world-middle-east-67372661,2023-11-09T19:20:13Z,2026-02-19T08:05:21+00:00,67372661,bbc_xml_sitemap,https://www.bbc.com/sitemaps/https-sitemap-com-archive-103.xml,Jenin raid: 14 Palestinians killed in clashes in West Bank city,Israel deployed drones and bulldozers amid one of the deadliest recent raids on the West Bank city.,2026-02-19T08:20:47+00:00,200,,1,9,israel|palestin|west bank|pa|plo
BBC,bbc.com,https://www.bbc.com/news/world-middle-east-67390375,2023-11-12T01:50:44Z,2026-02-19T08:05:21+00:00,67390375,bbc_xml_sitemap,https://www.bbc.com/sitemaps/https-sitemap-com-archive-103.xml,Gaza hospital crippled as fighting rages nearby,Israel agrees to help evacuate babies from Al-Shifa hospital after two die due to a lack of electricity.,2026-02-19T08:20:48+00:00,200,,1,5,israel|gaza
BBC,bbc.com,https://www.bbc.com/news/world-middle-east-67391335,2023-11-12T10:00:32Z,2026-02-19T08:05:21+00:00,67391335,bbc_xml_sitemap,https://www.bbc.com/sitemaps/https-sitemap-com-archive-103.xml,"In Gaza, fleeing refugees face hunger and disease: 'We are in the Dark Ages’",Hundreds of thousands who fled bombs are now washing in polluted seawater and sleeping in packed tents.,2026-02-19T08:20:49+00:00,200,,1,4,gaza|pa|un
BBC,bbc.com,https://www.bbc.com/news/world-middle-east-67397963,2023-11-13T12:39:08Z,2026-02-19T08:05:21+00:00,67397963,bbc_xml_sitemap,https://www.bbc.com/sitemaps/https-sitemap-com-archive-103.xml,Israel's president denies it is striking Gaza's Al-Shifa hospital,"Isaac Herzog told the BBC ""everything is operating"" at Al-Shifa, despite reports of no power.",2026-02-19T08:20:50+00:00,200,,1,5,israel|gaza
BBC,bbc.com,https://www.bbc.com/news/world-middle-east-67401064,2023-11-14T00:44:04Z,2026-02-19T08:05:21+00:00,67401064,bbc_xml_sitemap,https://www.bbc.com/sitemaps/https-sitemap-com-archive-103.xml,Israel Gaza: Hospitals caught on front line of war,Thousands of people are trapped in Gaza's few functioning hospitals as fighting draws ever closer.,2026-02-19T08:20:51+00:00,200,,1,6,israel|gaza|un
BBC,bbc.com,https://www.bbc.com/news/world-middle-east-67387686,2023-11-11T00:33:18Z,2026-02-19T08:05:21+00:00,67387686,bbc_xml_sitemap,https://www.bbc.com/sitemaps/https-sitemap-com-archive-103.xml,Tanks outside the Rantisi children's hospital in Gaza,A tank is filmed operating outside the Rantisi children's hospital in Gaza.,2026-02-19T08:20:52+00:00,200,,1,2,gaza
BBC,bbc.com,https://www.bbc.com/news/world-middle-east-67385617,2023-11-11T00:33:37Z,2026-02-19T08:05:21+00:00,67385617,bbc_xml_sitemap,https://www.bbc.com/sitemaps/https-sitemap-com-archive-103.xml,Israeli forces surround north Gaza hospitals,"Tens of thousands of people are sheltering in hospitals in Gaza, which Israel says Hamas is using as shields.",2026-02-19T08:20:53+00:00,200,,1,10,israel|israeli|gaza|hamas|un
BBC,bbc.com,https://www.bbc.com/news/world-middle-east-67414353,2023-11-14T11:44:15Z,2026-02-19T08:05:21+00:00,67414353,bbc_xml_sitemap,https://www.bbc.com/sitemaps/https-sitemap-com-archive-103.xml,Israel confirms death of soldier held hostage in Gaza,"Corporal Noa Marciano, 19, was abducted from a kibbutz in the 7 October Hamas attack on Israel.",2026-02-19T08:20:54+00:00,200,,1,9,israel|gaza|hamas|hostage
BBC,bbc.com,https://www.bbc.com/news/world-middle-east-67413993,2023-11-15T01:44:11Z,2026-02-19T08:05:21+00:00,67413993,bbc_xml_sitemap,https://www.bbc.com/sitemaps/https-sitemap-com-archive-103.xml,Israeli-Canadian peace advocate Vivian Silver confirmed killed in Hamas attack,"Vivian Silver dedicated her life to helping Gazans, and ending the Arab-Israeli conflict.",2026-02-19T08:20:55+00:00,200,,1,9,israel|israeli|gaza|hamas
BBC,bbc.com,https://www.bbc.com/news/world-middle-east-67398743,2023-11-14T12:54:20Z,2026-02-19T08:05:21+00:00,67398743,bbc_xml_sitemap,https://www.bbc.com/sitemaps/https-sitemap-com-archive-103.xml,Giving birth with no painkillers under the bombs in Gaza,"The UN warns pregnant women risk dangerous deliveries as hospitals are overwhelmed, out of fuel and lacking medicines.",2026-02-19T08:20:56+00:00,200,,1,4,gaza|pa|un
BBC,bbc.com,https://www.bbc.com/news/world-middle-east-67414091,2023-11-14T22:04:13Z,2026-02-19T08:05:21+00:00,67414091,bbc_xml_sitemap,https://www.bbc.com/sitemaps/https-sitemap-com-archive-103.xml,Israel-Gaza war: US says Hamas has command centre under Al-Shifa hospital,It comes as Israel is under growing international pressure to protect civilians in hospitals.,2026-02-19T08:20:57+00:00,200,,1,8,israel|gaza|hamas|un
BBC,bbc.com,https://www.bbc.com/news/world-middle-east-67410093,2023-11-13T22:02:26Z,2026-02-19T08:05:21+00:00,67410093,bbc_xml_sitemap,https://www.bbc.com/sitemaps/https-sitemap-com-archive-103.xml,Al-Shifa: WHO says Gaza hospital unable to bury dead bodies,"The World Health Organization says al-Shifa hospital is ""nearly a cemetery"" as fighting rages around it.",2026-02-19T08:20:58+00:00,200,,1,3,gaza|un
BBC,bbc.com,https://www.bbc.com/news/world-middle-east-67426194,2023-11-15T13:36:25Z,2026-02-19T08:05:21+00:00,67426194,bbc_xml_sitemap,https://www.bbc.com/sitemaps/https-sitemap-com-archive-103.xml,First fuel tanker enters Gaza from Egypt since start of war,"Israel is limiting use of the fuel to aid lorries and not hospitals, the UN says.",2026-02-19T08:20:59+00:00,200,,1,6,israel|gaza|un
BBC,bbc.com,https://www.bbc.com/news/world-middle-east-67347201,2023-11-16T05:04:33Z,2026-02-19T08:05:21+00:00,67347201,bbc_xml_sitemap,https://www.bbc.com/sitemaps/https-sitemap-com-archive-103.xml,How the dead are counted in Gaza,The BBC has been looking in detail at how the casualty figures are totalled.,2026-02-19T08:21:01+00:00,200,,1,3,gaza|un
BBC,bbc.com,https://www.bbc.com/news/world-middle-east-67355305,2023-11-13T15:19:58Z,2026-02-19T08:05:21+00:00,67355305,bbc_xml_sitemap,https://www.bbc.com/sitemaps/https-sitemap-com-archive-103.xml,Israeli reservist: I chose to fight but don't know if I'll come back alive,"Yakir tells the BBC how he chose to join his unit in Gaza, and knows he may not come back alive.",2026-02-19T08:21:01+00:00,200,,1,8,israel|israeli|gaza|un
BBC,bbc.com,https://www.bbc.com/news/world-middle-east-67404110,2023-11-13T15:27:47Z,2026-02-19T08:05:21+00:00,67404110,bbc_xml_sitemap,https://www.bbc.com/sitemaps/https-sitemap-com-archive-103.xml,Israel-Gaza: Why this war is different to the others,The future is bleak if the conflict doesn't force the Israelis and Palestinians to try again for peace.,2026-02-19T08:21:03+00:00,200,,1,10,israel|israeli|palestin|gaza|pa
BBC,bbc.com,https://www.bbc.com/news/world-middle-east-67424064,2023-11-15T22:45:29Z,2026-02-19T08:05:21+00:00,67424064,bbc_xml_sitemap,https://www.bbc.com/sitemaps/https-sitemap-com-archive-103.xml,Al-Shifa: What we know about Israel's raid on Gaza's main hospital,"Israel says it has entered Gaza's largest hospital in a ""targeted operation against Hamas"".",2026-02-19T08:21:04+00:00,200,,1,7,israel|gaza|hamas
BBC,bbc.com,https://www.bbc.com/news/world-middle-east-67417570,2023-11-14T16:12:43Z,2026-02-19T08:05:21+00:00,67417570,bbc_xml_sitemap,https://www.bbc.com/sitemaps/https-sitemap-com-archive-103.xml,Arab and Muslim leaders blame West for Gaza misery,Leaders accuse the US and other powers of hypocrisy over Israel's actions and warn of repercussions.,2026-02-19T08:21:06+00:00,200,,1,5,israel|gaza
BBC,bbc.com,https://www.bbc.com/news/world-middle-east-67436154,2023-11-16T09:31:57Z,2026-02-19T08:05:21+00:00,67436154,bbc_xml_sitemap,https://www.bbc.com/sitemaps/https-sitemap-com-archive-103.xml,BBC goes inside Al-Shifa hospital with the Israeli army,The BBC enters hospital with Israeli forces and views small cache of weapons and other items they say were found there.,2026-02-19T08:21:08+00:00,200,,1,7,israel|israeli|israeli army|un
BBC,bbc.com,https://www.bbc.com/news/world-middle-east-67442287,2023-11-16T14:57:33Z,2026-02-19T08:05:21+00:00,67442287,bbc_xml_sitemap,https://www.bbc.com/sitemaps/https-sitemap-com-archive-103.xml,BBC goes inside Al-Shifa hospital with the Israeli army,Israeli restrictions meant reporters weren't allowed to speak to doctors or patients at the hospital.,2026-02-19T08:21:10+00:00,200,,1,7,israel|israeli|israeli army|pa
BBC,bbc.com,https://www.bbc.com/news/world-middle-east-67441025,2023-11-16T19:48:35Z,2026-02-19T08:05:21+00:00,67441025,bbc_xml_sitemap,https://www.bbc.com/sitemaps/https-sitemap-com-archive-103.xml,Gaza faces communications blackout due to lack of fuel,"Israel defends blocking fuel deliveries, as the UN warns this could lead to a breakdown of civil order.",2026-02-19T08:21:11+00:00,200,,1,6,israel|gaza|un
BBC,bbc.com,https://www.bbc.com/news/world-middle-east-67442045,2023-11-16T21:29:52Z,2026-02-19T08:05:21+00:00,67442045,bbc_xml_sitemap,https://www.bbc.com/sitemaps/https-sitemap-com-archive-103.xml,Al-Shifa Hospital director in Gaza says no water or oxygen left,"The Al-Shifa director says people are ""screaming from thirst"", as Israel says its ""discreet"" search continues.",2026-02-19T08:21:14+00:00,200,,1,5,israel|gaza
BBC,bbc.com,https://www.bbc.com/news/world-middle-east-67442048,2023-11-16T21:56:15Z,2026-02-19T08:05:21+00:00,67442048,bbc_xml_sitemap,https://www.bbc.com/sitemaps/https-sitemap-com-archive-103.xml,Israel says hostage's body found near main Gaza hospital,The Israeli army says Yehudit Weiss's body was recovered near Al-Shifa hospital in Gaza City.,2026-02-19T08:21:14+00:00,200,,1,11,israel|israeli|gaza|israeli army|hostage|un
BBC,bbc.com,https://www.bbc.com/news/world-middle-east-67426546,2023-11-15T12:59:28Z,2026-02-19T08:05:21+00:00,67426546,bbc_xml_sitemap,https://www.bbc.com/sitemaps/https-sitemap-com-archive-103.xml,Bowen: Al-Shifa Hospital raid comes as tone shifts on Israel,Allies are starting to change their tune as Israeli troops enter Gaza's largest hospital.,2026-02-19T08:21:16+00:00,200,,1,8,israel|israeli|gaza|un
BBC,bbc.com,https://www.bbc.com/news/world-middle-east-67449095,2023-11-17T10:40:47Z,2026-02-19T08:05:21+00:00,67449095,bbc_xml_sitemap,https://www.bbc.com/sitemaps/https-sitemap-com-archive-103.xml,Israel finds second hostage body near Al-Shifa hospital,The hostage's body was found as troops continue their search in and around Gaza's biggest hospital.,2026-02-19T08:21:17+00:00,200,,1,8,israel|gaza|hostage|un
BBC,bbc.com,https://www.bbc.com/news/world-middle-east-67449383,2023-11-17T12:08:20Z,2026-02-19T08:05:21+00:00,67449383,bbc_xml_sitemap,https://www.bbc.com/sitemaps/https-sitemap-com-archive-103.xml,Netanyahu says Israel 'not successful' at minimising Gaza casualties but blames Hamas,"Israel's PM says efforts to spare civilians ""not successful"", but says Hamas puts them in harm's way.",2026-02-19T08:21:18+00:00,200,,1,8,israel|gaza|hamas|pa
BBC,bbc.com,https://www.bbc.com/news/world-middle-east-67465660,2023-11-18T21:37:39Z,2026-02-19T08:05:21+00:00,67465660,bbc_xml_sitemap,https://www.bbc.com/sitemaps/https-sitemap-com-archive-103.xml,March reaches Jerusalem calling for release of Israeli hostages,"Protesters walked from Tel Aviv to Jerusalem, before demonstrating at the Israeli prime minister's residence.",2026-02-19T08:21:19+00:00,200,,1,14,israel|israeli|jerusalem|tel aviv|jerusalem|hostage|hostages
BBC,bbc.com,https://www.bbc.com/news/world-middle-east-67447942,2023-11-17T09:32:27Z,2026-02-19T08:05:21+00:00,67447942,bbc_xml_sitemap,https://www.bbc.com/sitemaps/https-sitemap-com-archive-103.xml,Netanyahu says Israel 'not successful' at minimising casualties but blames Hamas,"PM says Israel warns civilians to leave areas which it will target, but says Hamas ""fires at the safe corridors"".",2026-02-19T08:21:20+00:00,200,,1,5,israel|hamas
BBC,bbc.com,https://www.bbc.com/news/world-middle-east-67453105,2023-11-17T13:15:23Z,2026-02-19T08:05:21+00:00,67453105,bbc_xml_sitemap,https://www.bbc.com/sitemaps/https-sitemap-com-archive-103.xml,Bowen: Ceasefire demands will grow without proof of Hamas HQ at Al-Shifa,Israel's rhetoric had suggested the Gaza City hospital was a nerve centre for the Hamas operation.,2026-02-19T08:21:21+00:00,200,,1,8,israel|gaza|hamas|ceasefire
BBC,bbc.com,https://www.bbc.com/news/world-middle-east-67455962,2023-11-18T05:20:24Z,2026-02-19T08:05:21+00:00,67455962,bbc_xml_sitemap,https://www.bbc.com/sitemaps/https-sitemap-com-archive-103.xml,Israel says it will allow two trucks of fuel a day into Gaza,Mobile phone and internet connections have reportedly been partially restored after a fuel delivery.,2026-02-19T08:21:22+00:00,200,,1,6,israel|gaza|pa
BBC,bbc.com,https://www.bbc.com/news/world-middle-east-67462716,2023-11-18T14:30:05Z,2026-02-19T08:05:21+00:00,67462716,bbc_xml_sitemap,https://www.bbc.com/sitemaps/https-sitemap-com-archive-103.xml,Al-Shifa hospital evacuees among those fleeing Gaza City with tanks on street,Hundreds of Palestinians left al-Shifa hospital on Saturday and headed south on foot.,2026-02-19T08:21:24+00:00,200,,1,7,palestin|gaza|pa|un
BBC,bbc.com,https://www.bbc.com/news/world-middle-east-67462610,2023-11-18T15:02:14Z,2026-02-19T08:05:21+00:00,67462610,bbc_xml_sitemap,https://www.bbc.com/sitemaps/https-sitemap-com-archive-103.xml,Israel orders Khan Younis evacuation in southern Gaza,The area hosts hundreds of thousands of people who had sought safety there after fleeing northern Gaza.,2026-02-19T08:21:25+00:00,200,,1,7,israel|gaza|khan younis|un
BBC,bbc.com,https://www.bbc.com/news/world-middle-east-67462615,2023-11-19T06:30:34Z,2026-02-19T08:05:21+00:00,67462615,bbc_xml_sitemap,https://www.bbc.com/sitemaps/https-sitemap-com-archive-103.xml,"WHO says Gaza's al-Shifa hospital a death zone, as hundreds leave",The UN health agency examines al-Shifa after last week's raid by Israeli troops looking for a Hamas bunker.,2026-02-19T08:21:26+00:00,200,,1,10,israel|israeli|gaza|hamas|un
BBC,bbc.com,https://www.bbc.com/news/world-middle-east-67463162,2023-11-19T14:10:26Z,2026-02-19T08:05:21+00:00,67463162,bbc_xml_sitemap,https://www.bbc.com/sitemaps/https-sitemap-com-archive-103.xml,Inside the West Bank district under harsh Israeli lockdown since Hamas attack,"In the fortified H2 area of Hebron, Palestinian residents are being forced off the street at gunpoint.",2026-02-19T08:21:28+00:00,200,,1,14,israel|israeli|palestin|west bank|hebron|hamas|pa|un
BBC,bbc.com,https://www.bbc.com/news/world-middle-east-67466601,2023-11-19T18:04:48Z,2026-02-19T08:05:21+00:00,67466601,bbc_xml_sitemap,https://www.bbc.com/sitemaps/https-sitemap-com-archive-103.xml,Gaza war: Premature babies evacuated from al-Shifa hospital,"The 31 babies are taken to southern Gaza, as Israeli troops control the territory's largest hospital.",2026-02-19T08:21:29+00:00,200,,1,7,israel|israeli|gaza
BBC,bbc.com,https://www.bbc.com/news/world-middle-east-67469987,2023-11-19T21:29:06Z,2026-02-19T08:05:21+00:00,67469987,bbc_xml_sitemap,https://www.bbc.com/sitemaps/https-sitemap-com-archive-103.xml,Evacuated premature babies arrive at Gaza hospital,The babies were moved from al-Shifa hospital to receive urgent care in a neonatal intensive care unit.,2026-02-19T08:21:31+00:00,200,,1,3,gaza|un
BBC,bbc.com,https://www.bbc.com/news/world-middle-east-67469591,2023-11-19T22:22:40Z,2026-02-19T08:05:21+00:00,67469591,bbc_xml_sitemap,https://www.bbc.com/sitemaps/https-sitemap-com-archive-103.xml,Israel says CCTV footage shows hostages were taken to Gaza hospital,Israel says the video - which the BBC has not verified - shows captives were taken to al-Shifa on 7 October.,2026-02-19T08:21:33+00:00,200,,1,10,israel|gaza|hostage|hostages|captives
BBC,bbc.com,https://www.bbc.com/news/world-middle-east-67469106,2023-11-19T16:48:28Z,2026-02-19T08:05:21+00:00,67469106,bbc_xml_sitemap,https://www.bbc.com/sitemaps/https-sitemap-com-archive-103.xml,Israel hopeful of Hamas deal to release hostages in 'coming days',"It comes after Qatar's PM said ""very minor"" obstacles remained to a deal between Israel and Hamas.",2026-02-19T08:21:35+00:00,200,,1,9,israel|hamas|hostage|hostages
BBC,bbc.com,https://www.bbc.com/news/world-middle-east-67469584,2023-11-19T18:19:53Z,2026-02-19T08:05:21+00:00,67469584,bbc_xml_sitemap,https://www.bbc.com/sitemaps/https-sitemap-com-archive-103.xml,Yemen's Houthi rebels hijack cargo ship in Red Sea,The Iran-backed rebels say the vessel is Israeli - a claim denied by Israel which blames Iran.,2026-02-19T08:21:36+00:00,200,,1,5,israel|israeli
BBC,bbc.com,https://www.bbc.com/news/world-middle-east-67470711,2023-11-20T20:20:23Z,2026-02-19T08:05:21+00:00,67470711,bbc_xml_sitemap,https://www.bbc.com/sitemaps/https-sitemap-com-archive-103.xml,Japan condemns Yemen's Houthi rebels hijack of cargo ship in Red Sea,"The rebels seized the car carrier in the Red Sea, claiming it was Israeli - but Israel says it is UK-owned.",2026-02-19T08:21:37+00:00,200,,1,6,israel|israeli|pa
BBC,bbc.com,https://www.bbc.com/news/world-middle-east-67482262,2023-11-21T06:03:04Z,2026-02-19T08:05:21+00:00,67482262,bbc_xml_sitemap,https://www.bbc.com/sitemaps/https-sitemap-com-archive-103.xml,Watch: Meeting between Israeli politicians and Gaza hostage families descends into shouting,"Politicians have been contemplating the death penalty for 7 October attackers, but some hostages' relatives say this could have repercussions.",2026-02-19T08:21:38+00:00,200,,1,11,israel|israeli|gaza|hostage|hostages
BBC,bbc.com,https://www.bbc.com/news/world-middle-east-67482305,2023-11-21T07:51:43Z,2026-02-19T08:05:21+00:00,67482305,bbc_xml_sitemap,https://www.bbc.com/sitemaps/https-sitemap-com-archive-103.xml,Palestinian football's 'star defender' among players stuck in Gaza,Ibrahim Abuimeir and two others won't be able to play in Tuesday's World Cup qualifier against Australia.,2026-02-19T08:21:39+00:00,200,,1,6,palestin|gaza|pa
BBC,bbc.com,https://www.bbc.com/news/world-middle-east-67485276,2023-11-21T17:48:16Z,2026-02-19T08:05:21+00:00,67485276,bbc_xml_sitemap,https://www.bbc.com/sitemaps/https-sitemap-com-archive-103.xml,Lebanon PM says Israeli strikes killed journalists,Two journalists and two other civilians are killed as exchanges of fire intensify along the border.,2026-02-19T08:21:40+00:00,200,,1,6,israel|israeli|strike
BBC,bbc.com,https://www.bbc.com/news/world-middle-east-67469779,2023-11-20T12:02:59Z,2026-02-19T08:05:21+00:00,67469779,bbc_xml_sitemap,https://www.bbc.com/sitemaps/https-sitemap-com-archive-103.xml,IDF releases CCTV it says shows Hamas bringing hostages to al-Shifa hospital on 7 October,Israel claims the footage shows hostages being brought to al-Shifa Hospital on 7 October.,2026-02-19T08:21:41+00:00,200,,1,11,israel|hamas|idf|hostage|hostages
BBC,bbc.com,https://www.bbc.com/news/world-middle-east-67475315,2023-11-20T15:31:17Z,2026-02-19T08:05:21+00:00,67475315,bbc_xml_sitemap,https://www.bbc.com/sitemaps/https-sitemap-com-archive-103.xml,'I was thrown back into the nightmare' - father of Irish-Israeli hostage,"Emily Hand, 9, was in Kibbutz Be'eri, about three miles from Gaza, when Hamas launched its attack.",2026-02-19T08:21:43+00:00,200,,1,12,israel|israeli|gaza|hamas|hostage|un
BBC,bbc.com,https://www.bbc.com/news/world-middle-east-67474549,2023-11-20T23:46:16Z,2026-02-19T08:05:21+00:00,67474549,bbc_xml_sitemap,https://www.bbc.com/sitemaps/https-sitemap-com-archive-103.xml,Israeli tanks surround north Gaza's Indonesian Hospital,At least 12 Palestinians are reported to have been killed by Israeli fire at the hospital overnight.,2026-02-19T08:21:44+00:00,200,,1,11,israel|israeli|palestin|gaza|pa|un
BBC,bbc.com,https://www.bbc.com/news/world-middle-east-67478425,2023-11-20T20:45:23Z,2026-02-19T08:05:21+00:00,67478425,bbc_xml_sitemap,https://www.bbc.com/sitemaps/https-sitemap-com-archive-103.xml,BBC assesses footage of hostages and tunnels released by Israel,BBC Verify assesses footage of a tunnel and hostages released by Israel to prove Hamas used Gaza's al-Shifa hospital as a command centre.,2026-02-19T08:21:44+00:00,200,,1,12,israel|gaza|hamas|hostage|hostages|un
BBC,bbc.com,https://www.bbc.com/news/world-middle-east-67478227,2023-11-20T22:42:29Z,2026-02-19T08:05:21+00:00,67478227,bbc_xml_sitemap,https://www.bbc.com/sitemaps/https-sitemap-com-archive-103.xml,US says Israel hostage deal 'closer than ever',"A deal to release Israeli hostages held in Gaza is ""closer than ever before"", a senior US official says.",2026-02-19T08:21:45+00:00,200,,1,11,israel|israeli|gaza|hostage|hostages
BBC,bbc.com,https://www.bbc.com/news/world-middle-east-67473719,2024-10-17T18:21:25Z,2026-02-19T08:05:21+00:00,67473719,bbc_xml_sitemap,https://www.bbc.com/sitemaps/https-sitemap-com-archive-103.xml,Yahya Sinwar: Who was the Hamas leader?,"Israel says its troops in Gaza killed Yahya Sinwar, a chief architect of the 7 October 2023 attack.",2026-02-19T08:21:47+00:00,200,,1,7,israel|gaza|hamas
BBC,bbc.com,https://www.bbc.com/news/world-middle-east-67493713,2023-11-23T17:54:16Z,2026-02-19T08:05:21+00:00,67493713,bbc_xml_sitemap,https://www.bbc.com/sitemaps/https-sitemap-com-archive-103.xml,What we know about Israel-Hamas Gaza deal on hostages,The agreement should see Hamas release 50 hostages during a four-day pause in fighting in Gaza.,2026-02-19T08:21:48+00:00,200,,1,12,israel|gaza|hamas|pa|hostage|hostages
BBC,bbc.com,https://www.bbc.com/news/world-middle-east-67497257,2023-11-23T02:25:04Z,2026-02-19T08:05:21+00:00,67497257,bbc_xml_sitemap,https://www.bbc.com/sitemaps/https-sitemap-com-archive-103.xml,Gaza hostages deal: 'Until I see them with my own eyes I won't believe anything',Relatives of those held anxiously wait to see if their loved ones will be among the captives freed.,2026-02-19T08:21:49+00:00,200,,1,9,gaza|hostage|hostages|captives|un
BBC,bbc.com,https://www.bbc.com/news/world-middle-east-67503704,2023-11-22T21:12:59Z,2026-02-19T08:05:21+00:00,67503704,bbc_xml_sitemap,https://www.bbc.com/sitemaps/https-sitemap-com-archive-103.xml,Family of child hostage ‘cautiously hopeful’ for release,"Abigail, a 3-year-old Israeli-American, was taken hostage by Hamas on 7 October after both her parents were killed.",2026-02-19T08:21:50+00:00,200,,1,10,israel|israeli|hamas|pa|hostage
BBC,bbc.com,https://www.bbc.com/news/world-middle-east-67507732,2023-11-23T14:52:17Z,2026-02-19T08:05:21+00:00,67507732,bbc_xml_sitemap,https://www.bbc.com/sitemaps/https-sitemap-com-archive-103.xml,Israeli forces detain director of Gaza's al-Shifa Hospital,"Dr Mohammed Abu Salmiya was held as he evacuated patients to the south, colleagues say.",2026-02-19T08:21:51+00:00,200,,1,8,israel|israeli|gaza|pa
BBC,bbc.com,https://www.bbc.com/news/world-middle-east-67522703,2023-11-24T19:32:44Z,2026-02-19T08:05:21+00:00,67522703,bbc_xml_sitemap,https://www.bbc.com/sitemaps/https-sitemap-com-archive-103.xml,Israel releases 39 Palestinian prisoners from Israeli prisons,The group of women and teenage boys are in exchange for a group of hostages held by Hamas.,2026-02-19T08:21:53+00:00,200,,1,16,israel|israeli|palestin|hamas|pa|hostage|hostages|prisoner|prisoners
BBC,bbc.com,https://www.bbc.com/news/world-middle-east-67523397,2023-11-25T08:37:52Z,2026-02-19T08:05:21+00:00,67523397,bbc_xml_sitemap,https://www.bbc.com/sitemaps/https-sitemap-com-archive-103.xml,Thai hostages: Relief for woman who feared boyfriend died in Hamas attack,Kittiya Thuengsaeng feared her boyfriend was killed on 7 October - but now says he's been freed from Gaza.,2026-02-19T08:21:53+00:00,200,,1,9,gaza|hamas|hostage|hostages
BBC,bbc.com,https://www.bbc.com/news/world-middle-east-67524090,2023-11-25T08:40:04Z,2026-02-19T08:05:21+00:00,67524090,bbc_xml_sitemap,https://www.bbc.com/sitemaps/https-sitemap-com-archive-103.xml,Israel-Gaza: Families' relief as hostages released,Hostages including young children and elderly women are freed from Gaza during a temporary ceasefire.,2026-02-19T08:21:54+00:00,200,,1,11,israel|gaza|ceasefire|hostage|hostages|un
BBC,bbc.com,https://www.bbc.com/news/world-middle-east-67518819,2023-11-25T00:23:33Z,2026-02-19T08:05:21+00:00,67518819,bbc_xml_sitemap,https://www.bbc.com/sitemaps/https-sitemap-com-archive-103.xml,"When this truce ends, the decisive next phase of war begins","If Israel decides to go south, a larger humanitarian disaster could be looming, writes Paul Adams.",2026-02-19T08:21:55+00:00,200,,1,5,israel|pa|truce|humanitarian
BBC,bbc.com,https://www.bbc.com/news/world-middle-east-67469248,2023-11-25T00:54:06Z,2026-02-19T08:05:21+00:00,67469248,bbc_xml_sitemap,https://www.bbc.com/sitemaps/https-sitemap-com-archive-103.xml,"Gaza hostages: 'My father wasn’t released, but I’m happy for those families'",Relatives of those held hostage by Hamas hope Friday's deal paves the way for more to be released.,2026-02-19T08:21:56+00:00,200,,1,10,gaza|hamas|pa|hostage|hostages
BBC,bbc.com,https://www.bbc.com/news/world-middle-east-67525454,2023-11-24T18:07:55Z,2026-02-19T08:05:21+00:00,67525454,bbc_xml_sitemap,https://www.bbc.com/sitemaps/https-sitemap-com-archive-103.xml,Israel hostages: Freed women and child helped out of ambulance,They are some of the reported 24 hostages released by Hamas in Gaza and transferred into Egypt.,2026-02-19T08:21:57+00:00,200,,1,11,israel|gaza|hamas|hostage|hostages
BBC,bbc.com,https://www.bbc.com/news/world-middle-east-67477240,2025-02-27T15:10:54Z,2026-02-19T08:05:21+00:00,67477240,bbc_xml_sitemap,https://www.bbc.com/sitemaps/https-sitemap-com-archive-103.xml,Who are Israeli hostages released and rescued from Gaza?,Hamas took 251 people hostage in the 7 October 2023 attack on Israel.,2026-02-19T08:21:58+00:00,200,,1,13,israel|israeli|gaza|hamas|hostage|hostages
BBC,bbc.com,https://www.bbc.com/news/world-middle-east-67528844,2023-11-25T15:00:50Z,2026-02-19T08:05:21+00:00,67528844,bbc_xml_sitemap,https://www.bbc.com/sitemaps/https-sitemap-com-archive-103.xml,Israel's Palestinian prisoner release a 'window of hope' in West Bank,The return of 39 women and teenagers is being seen by some as a symbolic victory over Israel.,2026-02-19T08:21:59+00:00,200,,1,9,israel|palestin|west bank|pa|prisoner
BBC,bbc.com,https://www.bbc.com/news/world-middle-east-67530181,2023-11-25T15:27:18Z,2026-02-19T08:05:21+00:00,67530181,bbc_xml_sitemap,https://www.bbc.com/sitemaps/https-sitemap-com-archive-103.xml,Gaza truce: Palestinians search for loved ones and check damaged homes,The pause in fighting allows Gazans to gather supplies and assess the widespread damage.,2026-02-19T08:22:00+00:00,200,,1,7,palestin|gaza|pa|truce
BBC,bbc.com,https://www.bbc.com/news/world-middle-east-67531102,2023-11-25T12:55:09Z,2026-02-19T08:05:21+00:00,67531102,bbc_xml_sitemap,https://www.bbc.com/sitemaps/https-sitemap-com-archive-103.xml,Watch: Moment Israeli boy reunites with dad after hostage ordeal,"Nine-year-old Ohad Munder, held by Hamas for seven weeks, ran towards his father on Friday.",2026-02-19T08:22:01+00:00,200,,1,10,israel|israeli|hamas|hostage|un
BBC,bbc.com,https://www.bbc.com/news/world-middle-east-67517901,2023-11-24T07:45:56Z,2026-02-19T08:05:21+00:00,67517901,bbc_xml_sitemap,https://www.bbc.com/sitemaps/https-sitemap-com-archive-103.xml,Watch: Moment Israel Gaza fighting pause begins,"A long-anticipated four-day pause in hostilities has come into effect, with both sides saying the pause is temporary.",2026-02-19T08:22:01+00:00,200,,1,6,israel|gaza|pa
BBC,bbc.com,https://www.bbc.com/news/world-middle-east-67533898,2023-11-25T20:11:59Z,2026-02-19T08:05:21+00:00,67533898,bbc_xml_sitemap,https://www.bbc.com/sitemaps/https-sitemap-com-archive-103.xml,'Torture' of waiting for my mother's release - son of Hamas hostage,"Noam Sagi is waiting to find out whether his mother, Ada Sagi, is on the list of hostages being released by Hamas.",2026-02-19T08:22:02+00:00,200,,1,7,hamas|hostage|hostages
BBC,bbc.com,https://www.bbc.com/news/world-middle-east-67533899,2023-11-25T22:38:15Z,2026-02-19T08:05:21+00:00,67533899,bbc_xml_sitemap,https://www.bbc.com/sitemaps/https-sitemap-com-archive-103.xml,Gazans take stock of their damaged neighbourhoods during temporary truce,Some residents have returned to northern Gaza during a four-day pause in fighting between Israel and Hamas.,2026-02-19T08:22:04+00:00,200,,1,9,israel|gaza|hamas|pa|truce
BBC,bbc.com,https://www.bbc.com/news/world-middle-east-67531477,2023-11-26T09:32:17Z,2026-02-19T08:05:21+00:00,67531477,bbc_xml_sitemap,https://www.bbc.com/sitemaps/https-sitemap-com-archive-103.xml,More hostages released by Hamas despite agonising delay,Urgent diplomacy enables the release of 13 more Israelis and 39 Palestinian prisoners under the fragile Gaza truce deal.,2026-02-19T08:22:04+00:00,200,,1,21,israel|israeli|palestin|gaza|hamas|pa|plo|truce|hostage|hostages|prisoner|prisoners|un
BBC,bbc.com,https://www.bbc.com/news/world-middle-east-67534946,2023-11-26T00:46:28Z,2026-02-19T08:05:21+00:00,67534946,bbc_xml_sitemap,https://www.bbc.com/sitemaps/https-sitemap-com-archive-103.xml,West Bank crowds celebrate as bus carries freed Palestinian prisoners,Thirty-nine Palestinian prisoners were freed by Israel in exchange for hostages held in Gaza.,2026-02-19T08:22:05+00:00,200,,1,16,israel|palestin|gaza|west bank|pa|hostage|hostages|prisoner|prisoners
BBC,bbc.com,https://www.bbc.com/news/world-middle-east-67534947,2023-11-26T02:24:50Z,2026-02-19T08:05:21+00:00,67534947,bbc_xml_sitemap,https://www.bbc.com/sitemaps/https-sitemap-com-archive-103.xml,Emily Hand among the 13 Israeli hostages released by Hamas,"Irish-Israeli Emily Hand, who was kidnapped on 7 October, was freed as part of a truce deal with Hamas.",2026-02-19T08:22:06+00:00,200,,1,13,israel|israeli|hamas|pa|truce|hostage|hostages
BBC,bbc.com,https://www.bbc.com/news/world-middle-east-67536423,2023-11-26T13:08:55Z,2026-02-19T08:05:21+00:00,67536423,bbc_xml_sitemap,https://www.bbc.com/sitemaps/https-sitemap-com-archive-103.xml,"For many Israeli hostage families, the painful wait goes on",There was a mix of hope and fear this weekend for the families of hostages expected to remain in Gaza.,2026-02-19T08:22:07+00:00,200,,1,12,israel|israeli|gaza|pa|hostage|hostages
BBC,bbc.com,https://www.bbc.com/news/world-middle-east-67536721,2023-11-26T15:29:03Z,2026-02-19T08:05:21+00:00,67536721,bbc_xml_sitemap,https://www.bbc.com/sitemaps/https-sitemap-com-archive-103.xml,Palestinian teenager 'dizzy with happiness' to be freed,"Mohammad dar-Darwish, 17, was among 39 women and teenagers released on Saturday night after a nervous wait.",2026-02-19T08:22:08+00:00,200,,1,3,palestin|pa
BBC,bbc.com,https://www.bbc.com/news/world-middle-east-67535965,2023-11-26T14:16:08Z,2026-02-19T08:05:21+00:00,67535965,bbc_xml_sitemap,https://www.bbc.com/sitemaps/https-sitemap-com-archive-103.xml,West Bank: Eight Palestinians killed during Israeli raid,The Israeli army says it was mounting a raid in the city of Jenin to capture a Palestinian suspect.,2026-02-19T08:22:09+00:00,200,,1,12,israel|israeli|palestin|west bank|israeli army|pa|un
BBC,bbc.com,https://www.bbc.com/news/world-middle-east-67538443,2023-11-26T21:16:27Z,2026-02-19T08:05:21+00:00,67538443,bbc_xml_sitemap,https://www.bbc.com/sitemaps/https-sitemap-com-archive-103.xml,Avigail Idan: Four-year-old girl among released hostages,"Avigail Idan, who turned four while she was held hostage by Hamas, was among nine children released.",2026-02-19T08:22:11+00:00,200,,1,7,hamas|hostage|hostages
BBC,bbc.com,https://www.bbc.com/news/world-middle-east-67508534,2023-11-27T10:37:33Z,2026-02-19T08:05:21+00:00,67508534,bbc_xml_sitemap,https://www.bbc.com/sitemaps/https-sitemap-com-archive-103.xml,Israel-Lebanon border: The Irish troops watching Israel’s hidden conflict,"As one of the region's most dangerous borders hots up, peacekeepers have an ever more perilous job.",2026-02-19T08:22:12+00:00,200,,1,2,israel
BBC,bbc.com,https://www.bbc.com/news/world-middle-east-67542550,2023-11-27T11:34:29Z,2026-02-19T08:05:21+00:00,67542550,bbc_xml_sitemap,https://www.bbc.com/sitemaps/https-sitemap-com-archive-103.xml,US Navy seizes attackers who held Israel-linked tanker,Houthi rebels fired missiles towards the warship which chased the armed men trying to escape by boat.,2026-02-19T08:22:13+00:00,200,,1,3,israel|missile
BBC,bbc.com,https://www.bbc.com/news/world-middle-east-67542128,2023-11-27T09:44:58Z,2026-02-19T08:05:21+00:00,67542128,bbc_xml_sitemap,https://www.bbc.com/sitemaps/https-sitemap-com-archive-103.xml,Avigail Idan: Family caring for released four-year-old US-Israeli,Avigail Idan's parents were attacked and killed by Hamas gunmen before she was taken hostage on 7 October.,2026-02-19T08:22:13+00:00,200,,1,11,israel|israeli|hamas|pa|hostage|un
BBC,bbc.com,https://www.bbc.com/news/world-middle-east-67542129,2023-11-27T13:44:24Z,2026-02-19T08:05:21+00:00,67542129,bbc_xml_sitemap,https://www.bbc.com/sitemaps/https-sitemap-com-archive-103.xml,Elon Musk visits 7 October kibbutz with Israeli PM Netanyahu,The US entrepreneur was shown around a kibbutz in Israel that was attacked on 7 October.,2026-02-19T08:22:14+00:00,200,,1,6,israel|israeli|un
BBC,bbc.com,https://www.bbc.com/news/world-middle-east-67542209,2023-11-27T21:15:36Z,2026-02-19T08:05:21+00:00,67542209,bbc_xml_sitemap,https://www.bbc.com/sitemaps/https-sitemap-com-archive-103.xml,"Israel-Hamas truce in Gaza extended for two days, Qatar says",It comes after a four-day pause where hostages in Gaza and prisoners in Israel have been released.,2026-02-19T08:22:15+00:00,200,,1,15,israel|gaza|hamas|pa|truce|hostage|hostages|prisoner|prisoners
BBC,bbc.com,https://www.bbc.com/news/world-middle-east-67520263,2023-11-27T16:02:15Z,2026-02-19T08:05:21+00:00,67520263,bbc_xml_sitemap,https://www.bbc.com/sitemaps/https-sitemap-com-archive-103.xml,Israel-Gaza war: The Red Cross's delicate role in hostage crises,The part played by the Red Cross in the Gaza hostage releases highlights its unique role.,2026-02-19T08:22:16+00:00,200,,1,9,israel|gaza|pa|hostage|un
BBC,bbc.com,https://www.bbc.com/news/world-middle-east-67546911,2023-11-27T17:00:08Z,2026-02-19T08:05:21+00:00,67546911,bbc_xml_sitemap,https://www.bbc.com/sitemaps/https-sitemap-com-archive-103.xml,Videos show Hamas and armed allies training together,The BBC has found propaganda videos showing armed groups training together ahead of the 7 October attack.,2026-02-19T08:22:16+00:00,200,,1,4,hamas|pa|un
BBC,bbc.com,https://www.bbc.com/news/world-middle-east-67480680,2023-11-27T17:05:55Z,2026-02-19T08:05:21+00:00,67480680,bbc_xml_sitemap,https://www.bbc.com/sitemaps/https-sitemap-com-archive-103.xml,How Hamas built a force to attack Israel on 7 October,BBC Arabic and BBC Verify have pieced together how armed groups came together to train for the assault.,2026-02-19T08:22:17+00:00,200,,1,5,israel|hamas
BBC,bbc.com,https://www.bbc.com/news/world-middle-east-67548831,2023-11-27T17:16:07Z,2026-02-19T08:05:21+00:00,67548831,bbc_xml_sitemap,https://www.bbc.com/sitemaps/https-sitemap-com-archive-103.xml,Gaza families live in tents with no winter clothing,The BBC's Adnan Elbursh says he's seen many return to destroyed homes to search for clothing and blankets.,2026-02-19T08:22:18+00:00,200,,1,2,gaza
BBC,bbc.com,https://www.bbc.com/news/world-middle-east-67550424,2023-11-28T03:46:03Z,2026-02-19T08:05:21+00:00,67550424,bbc_xml_sitemap,https://www.bbc.com/sitemaps/https-sitemap-com-archive-103.xml,Israel Gaza: Three-year-old-twins among hostages released by Hamas,Ema and Yuly Cunio were let go with their mother on the fourth day of a truce between Israel and Hamas.,2026-02-19T08:22:19+00:00,200,,1,13,israel|gaza|hamas|truce|hostage|hostages|un
BBC,bbc.com,https://www.bbc.com/news/world-middle-east-67550483,2023-11-28T09:34:32Z,2026-02-19T08:05:21+00:00,67550483,bbc_xml_sitemap,https://www.bbc.com/sitemaps/https-sitemap-com-archive-103.xml,Israel Gaza: 33 Palestinians released on fourth day of truce,It brings the total number of Palestinians released since the first swap on Friday to 150.,2026-02-19T08:22:19+00:00,200,,1,9,israel|palestin|gaza|pa|truce
BBC,bbc.com,https://www.bbc.com/news/world-middle-east-67552411,2023-11-28T10:32:17Z,2026-02-19T08:05:21+00:00,67552411,bbc_xml_sitemap,https://www.bbc.com/sitemaps/https-sitemap-com-archive-103.xml,Released 12-year-old Israeli hostage hugs mum,"Eitan Yahalomi and his father were taken to Gaza by Hamas on the back of motorcycles, his mother said.",2026-02-19T08:22:20+00:00,200,,1,11,israel|israeli|gaza|hamas|hostage
BBC,bbc.com,https://www.bbc.com/news/world-middle-east-67537994,2023-11-26T21:07:33Z,2026-02-19T08:05:21+00:00,67537994,bbc_xml_sitemap,https://www.bbc.com/sitemaps/https-sitemap-com-archive-103.xml,Watch: Celebrations in Ramallah after Palestinian prisoners released by Israel,"Crowds gathered around a bus which carried the some of the prisoners, as people waved flags and chanted.",2026-02-19T08:22:21+00:00,200,,1,10,israel|palestin|ramallah|pa|prisoner|prisoners|un
BBC,bbc.com,https://www.bbc.com/news/world-middle-east-67539821,2023-11-26T23:51:33Z,2026-02-19T08:05:21+00:00,67539821,bbc_xml_sitemap,https://www.bbc.com/sitemaps/https-sitemap-com-archive-103.xml,Mother of released Palestinian prisoner reunited with her son,Mohammed Al-Awar was freed on Sunday after spending 16 months in an Israeli prison.,2026-02-19T08:22:22+00:00,200,,1,10,israel|israeli|palestin|pa|prisoner|un
BBC,bbc.com,https://www.bbc.com/news/world-middle-east-67539533,2023-11-27T00:21:22Z,2026-02-19T08:05:21+00:00,67539533,bbc_xml_sitemap,https://www.bbc.com/sitemaps/https-sitemap-com-archive-103.xml,More Palestinian teen prisoners freed amid hopes of extended hostage deal,"Abdurahman Al-Zaghal, who was shot in the head, is among the latest prisoners to be released.",2026-02-19T08:22:22+00:00,200,,1,8,palestin|pa|hostage|prisoner|prisoners
BBC,bbc.com,https://www.bbc.com/news/world-middle-east-67539822,2023-11-27T01:16:07Z,2026-02-19T08:05:21+00:00,67539822,bbc_xml_sitemap,https://www.bbc.com/sitemaps/https-sitemap-com-archive-103.xml,Street celebrations as convoy carrying hostages returns to Israel,Thousands lined the streets near the Hatzerim military base in southern Israel to welcome the hostages freed from Gaza on Sunday.,2026-02-19T08:22:23+00:00,200,,1,10,israel|gaza|hostage|hostages|un
BBC,bbc.com,https://www.bbc.com/news/world-middle-east-67554394,2023-11-28T16:07:37Z,2026-02-19T08:05:21+00:00,67554394,bbc_xml_sitemap,https://www.bbc.com/sitemaps/https-sitemap-com-archive-103.xml,"Untreated diseases could kill more than bombings in Gaza, WHO warns","Diarrhoea is widespread in shelters and chronic illnesses are not being treated, the UN agency warns.",2026-02-19T08:22:24+00:00,200,,1,3,gaza|un
BBC,bbc.com,https://www.bbc.com/news/world-middle-east-67560774,2023-11-28T18:01:32Z,2026-02-19T08:05:21+00:00,67560774,bbc_xml_sitemap,https://www.bbc.com/sitemaps/https-sitemap-com-archive-103.xml,Israel Gaza: Drone footage shows Gazans scrambling for fuel,Dozens of cars are seen queuing for fuel in Khan Younis as Gazans try to secure necessities during the ceasefire.,2026-02-19T08:22:25+00:00,200,,1,8,israel|gaza|khan younis|ceasefire|un
BBC,bbc.com,https://www.bbc.com/news/world-middle-east-67556006,2023-11-28T22:44:29Z,2026-02-19T08:05:21+00:00,67556006,bbc_xml_sitemap,https://www.bbc.com/sitemaps/https-sitemap-com-archive-103.xml,"Freed Hamas captives tell of fear, squalor and hunger","Israelis released from Gaza say they endured very little food, intimidation and no word from outside.",2026-02-19T08:22:26+00:00,200,,1,11,israel|israeli|gaza|hamas|captives|un
BBC,bbc.com,https://www.bbc.com/news/world-middle-east-67561603,2023-11-28T22:36:04Z,2026-02-19T08:05:21+00:00,67561603,bbc_xml_sitemap,https://www.bbc.com/sitemaps/https-sitemap-com-archive-103.xml,"Boy, 14, and freelance reporter among Palestinians freed",A total of 180 Palestinian prisoners have now been released from Israeli jails since last Friday.,2026-02-19T08:22:26+00:00,200,,1,10,israel|israeli|palestin|pa|prisoner|prisoners
BBC,bbc.com,https://www.bbc.com/news/world-middle-east-67552413,2023-11-28T12:26:16Z,2026-02-19T08:05:21+00:00,67552413,bbc_xml_sitemap,https://www.bbc.com/sitemaps/https-sitemap-com-archive-103.xml,Israeli children taken hostage by Hamas reunite with family dog after release,"Yuval, Ofri and Oria Brodtz hugged their dog Rodney after being released by Hamas.",2026-02-19T08:22:27+00:00,200,,1,10,israel|israeli|hamas|hostage|un
BBC,bbc.com,https://www.bbc.com/news/world-middle-east-67565673,2023-11-29T12:04:42Z,2026-02-19T08:05:21+00:00,67565673,bbc_xml_sitemap,https://www.bbc.com/sitemaps/https-sitemap-com-archive-103.xml,Family return to wreckage of their Gaza home,Wael Qudeih has already had to rebuild his family home twice after previous conflicts.,2026-02-19T08:22:28+00:00,200,,1,2,gaza
BBC,bbc.com,https://www.bbc.com/news/world-middle-east-67565671,2023-11-29T10:27:21Z,2026-02-19T08:05:21+00:00,67565671,bbc_xml_sitemap,https://www.bbc.com/sitemaps/https-sitemap-com-archive-103.xml,"Gazans queue for days for a limited supply of cooking gas, BBC told","The wait, however, could be futile, as demand is far greater than supply.",2026-02-19T08:22:29+00:00,200,,1,2,gaza
BBC,bbc.com,https://www.bbc.com/news/world-middle-east-67566488,2023-11-29T12:59:42Z,2026-02-19T08:05:21+00:00,67566488,bbc_xml_sitemap,https://www.bbc.com/sitemaps/https-sitemap-com-archive-103.xml,Anger and despair as Palestinians queue for supplies during truce,Palestinians are filled with anger and despair as they seek basic supplies during the truce in Gaza.,2026-02-19T08:22:30+00:00,200,,1,7,palestin|gaza|pa|truce
BBC,bbc.com,https://www.bbc.com/news/world-middle-east-67569070,2023-11-29T15:05:38Z,2026-02-19T08:05:21+00:00,67569070,bbc_xml_sitemap,https://www.bbc.com/sitemaps/https-sitemap-com-archive-103.xml,Gaza mosque in city of Beit Lahia destroyed,Salim Abu Muslim mosque in city of Beit Lahia destroyed,2026-02-19T08:22:31+00:00,200,,1,2,gaza
BBC,bbc.com,https://www.bbc.com/news/world-middle-east-67570173,2023-11-29T15:15:38Z,2026-02-19T08:05:21+00:00,67570173,bbc_xml_sitemap,https://www.bbc.com/sitemaps/https-sitemap-com-archive-103.xml,People sift through rubble at Al-Nuseirat refugee camp in Gaza,People sift through the rubble of an area of Al-Nuseirat refugee camp in central Gaza,2026-02-19T08:22:32+00:00,200,,1,2,gaza
BBC,bbc.com,https://www.bbc.com/news/world-middle-east-67574546,2023-11-30T13:50:56Z,2026-02-19T08:05:21+00:00,67574546,bbc_xml_sitemap,https://www.bbc.com/sitemaps/https-sitemap-com-archive-103.xml,Palestinian activist Ahed Tamimi freed by Israel,The 22-year-old was arrested earlier this month over an Instagram post her family say she did not write.,2026-02-19T08:22:33+00:00,200,,1,6,israel|palestin|pa
BBC,bbc.com,https://www.bbc.com/news/world-middle-east-67573065,2023-11-29T21:11:14Z,2026-02-19T08:05:21+00:00,67573065,bbc_xml_sitemap,https://www.bbc.com/sitemaps/https-sitemap-com-archive-103.xml,Fears for displaced Gazans as winter approaches and diseases spread,The WHO warns that more people in Gaza could die from disease than from bombings.,2026-02-19T08:22:34+00:00,200,,1,2,gaza
BBC,bbc.com,https://www.bbc.com/news/world-middle-east-67572278,2023-11-29T21:54:14Z,2026-02-19T08:05:21+00:00,67572278,bbc_xml_sitemap,https://www.bbc.com/sitemaps/https-sitemap-com-archive-103.xml,Two Palestinian boys killed during Israeli raid in West Bank,"The boys, aged eight and 14, were shot by Israeli troops in Jenin, Palestinian officials say.",2026-02-19T08:22:34+00:00,200,,1,10,israel|israeli|palestin|west bank|pa
BBC,bbc.com,https://www.bbc.com/news/world-middle-east-67571742,2023-11-30T10:37:21Z,2026-02-19T08:05:21+00:00,67571742,bbc_xml_sitemap,https://www.bbc.com/sitemaps/https-sitemap-com-archive-103.xml,Israel-Hamas truce in Gaza extended as more hostages freed,The temporary ceasefire will last another day after it was extended just before it was due to expire.,2026-02-19T08:22:35+00:00,200,,1,13,israel|gaza|hamas|ceasefire|truce|hostage|hostages
BBC,bbc.com,https://www.bbc.com/news/world-middle-east-67560775,2023-11-30T11:17:51Z,2026-02-19T08:05:21+00:00,67560775,bbc_xml_sitemap,https://www.bbc.com/sitemaps/https-sitemap-com-archive-103.xml,Israel Gaza: Drone footage shows Gazans scrambling for fuel,Dozens of cars are seen queuing for fuel in Khan Younis as Gazans try to secure necessities during the ceasefire.,2026-02-19T08:22:36+00:00,200,,1,8,israel|gaza|khan younis|ceasefire|un
BBC,bbc.com,https://www.bbc.com/news/world-middle-east-67575684,2023-11-30T22:45:08Z,2026-02-19T08:05:21+00:00,67575684,bbc_xml_sitemap,https://www.bbc.com/sitemaps/https-sitemap-com-archive-103.xml,Three Israelis killed by Palestinian gunmen at Jerusalem bus stop,"Two Palestinian gunmen from Hamas fired at people waiting on a highway in the city's west, police say.",2026-02-19T08:22:38+00:00,200,,1,15,israel|israeli|palestin|jerusalem|jerusalem|hamas|pa|un
BBC,bbc.com,https://www.bbc.com/news/world-middle-east-67583304,2023-11-30T16:46:27Z,2026-02-19T08:05:21+00:00,67583304,bbc_xml_sitemap,https://www.bbc.com/sitemaps/https-sitemap-com-archive-103.xml,Israel Gaza war: The moment Mia Schem's mother is told her hostage daughter to be released,"""Mia's coming back"" exclaims her mother Keren as she is told her daughter will be released from Hamas.",2026-02-19T08:22:39+00:00,200,,1,9,israel|gaza|hamas|hostage
BBC,bbc.com,https://www.bbc.com/news/world-middle-east-67582027,2023-11-30T22:14:30Z,2026-02-19T08:05:21+00:00,67582027,bbc_xml_sitemap,https://www.bbc.com/sitemaps/https-sitemap-com-archive-103.xml,Mia Schem: Wounded festival-goer in Hamas hostage video freed,"Mia Schem is among eight more people released from Gaza on Thursday, in a swap for Palestinian prisoners.",2026-02-19T08:22:40+00:00,200,,1,13,palestin|gaza|hamas|pa|hostage|prisoner|prisoners|un
BBC,bbc.com,https://www.bbc.com/news/world-middle-east-67585077,2023-11-30T20:04:21Z,2026-02-19T08:05:21+00:00,67585077,bbc_xml_sitemap,https://www.bbc.com/sitemaps/https-sitemap-com-archive-103.xml,Israel has released footage claiming to show prisoner without bandages,Eighteen-year-old Mohammed Nazzal says he was beaten during his detention in an Israeli jail. But Israel disputers this.,2026-02-19T08:22:42+00:00,200,,1,6,israel|israeli|prisoner
BBC,bbc.com,https://www.bbc.com/news/world-middle-east-67581915,2023-12-01T00:59:28Z,2026-02-19T08:05:21+00:00,67581915,bbc_xml_sitemap,https://www.bbc.com/sitemaps/https-sitemap-com-archive-103.xml,Released Palestinians allege abuse in Israeli jails,Palestinians tell the BBC they were beaten and had dogs set on them while in Israeli detention.,2026-02-19T08:22:43+00:00,200,,1,8,israel|israeli|palestin|pa
BBC,bbc.com,https://www.bbc.com/news/world-middle-east-67585594,2023-12-01T04:49:02Z,2026-02-19T08:05:21+00:00,67585594,bbc_xml_sitemap,https://www.bbc.com/sitemaps/https-sitemap-com-archive-103.xml,Palestinian man criticises Israeli prison as 30 more freed,"In the seventh exchange of prisoners and hostages, eight Israelis are also released by Hamas.",2026-02-19T08:22:44+00:00,200,,1,16,israel|israeli|palestin|hamas|pa|hostage|hostages|prisoner|prisoners
BBC,bbc.com,https://www.bbc.com/news/world-middle-east-67587075,2023-12-01T07:12:47Z,2026-02-19T08:05:21+00:00,67587075,bbc_xml_sitemap,https://www.bbc.com/sitemaps/https-sitemap-com-archive-103.xml,Israel-Gaza war: Explosions heard and smoke rises as combat resumes,"Video shows plumes of smoke rising from Gaza City, Rafah and Khan Younis after pause in fighting ends.",2026-02-19T08:22:46+00:00,200,,1,11,israel|gaza|rafah|khan younis|pa|plo|un
BBC,bbc.com,https://www.bbc.com/news/world-middle-east-67573069,2023-11-30T14:22:18Z,2026-02-19T08:05:21+00:00,67573069,bbc_xml_sitemap,https://www.bbc.com/sitemaps/https-sitemap-com-archive-103.xml,Bedouin family desperate for news on teenagers held hostage in Gaza,Two Bedouin teenagers are among the last of the young hostages yet to be released by Hamas.,2026-02-19T08:22:47+00:00,200,,1,10,gaza|hamas|hostage|hostages|un
BBC,bbc.com,https://www.bbc.com/news/world-middle-east-67565872,2023-12-01T11:50:06Z,2026-02-19T08:05:21+00:00,67565872,bbc_xml_sitemap,https://www.bbc.com/sitemaps/https-sitemap-com-archive-103.xml,"Nearly 100,000 Gaza buildings may be damaged, satellite images show",Images commissioned by the BBC reveal the damage in Gaza before the recent temporary truce started.,2026-02-19T08:22:49+00:00,200,,1,3,gaza|truce
BBC,bbc.com,https://www.bbc.com/news/world-middle-east-67589259,2023-12-01T12:40:25Z,2026-02-19T08:05:21+00:00,67589259,bbc_xml_sitemap,https://www.bbc.com/sitemaps/https-sitemap-com-archive-103.xml,Why has the Gaza ceasefire come to an end?,Both Israel and Hamas are blaming each other for violating the terms of the agreement.,2026-02-19T08:22:51+00:00,200,,1,8,israel|gaza|hamas|ceasefire
BBC,bbc.com,https://www.bbc.com/news/world-middle-east-67591768,2023-12-01T13:25:27Z,2026-02-19T08:05:21+00:00,67591768,bbc_xml_sitemap,https://www.bbc.com/sitemaps/https-sitemap-com-archive-103.xml,Israel Gaza: How missiles and destruction quickly returned after ceasefire,"A seven-day ceasefire between Israel and Hamas has ended, bringing with it explosions and bloodshed.",2026-02-19T08:22:51+00:00,200,,1,10,israel|gaza|hamas|plo|ceasefire|missile
BBC,bbc.com,https://www.bbc.com/news/world-middle-east-67587999,2023-12-01T19:07:37Z,2026-02-19T08:05:21+00:00,67587999,bbc_xml_sitemap,https://www.bbc.com/sitemaps/https-sitemap-com-archive-103.xml,Gaza's fear and anger as ceasefire ends and fighting erupts,"The UN says renewed war between Israel and Hamas is ""catastrophic"" and a ""nightmare"".",2026-02-19T08:22:52+00:00,200,,1,9,israel|gaza|hamas|ceasefire|un
BBC,bbc.com,https://www.bbc.com/news/world-middle-east-67579364,2023-12-02T00:59:38Z,2026-02-19T08:05:21+00:00,67579364,bbc_xml_sitemap,https://www.bbc.com/sitemaps/https-sitemap-com-archive-103.xml,Bowen: US sets clearer red lines for Israel as ceasefire ends,"If Israel kills as many in south Gaza as in the north, Biden will face some tough questions over US support for its ally.",2026-02-19T08:22:54+00:00,200,,1,6,israel|gaza|ceasefire
BBC,bbc.com,https://www.bbc.com/news/world-middle-east-67595798,2023-12-01T21:35:04Z,2026-02-19T08:05:21+00:00,67595798,bbc_xml_sitemap,https://www.bbc.com/sitemaps/https-sitemap-com-archive-103.xml,'I’m not ready to lose hope': The hostages still in Gaza,"There are still over 100 hostages being held by Hamas in Gaza, including at least 16 women.",2026-02-19T08:22:55+00:00,200,,1,9,gaza|hamas|hostage|hostages
BBC,bbc.com,https://www.bbc.com/news/world-middle-east-67601891,2023-12-02T20:42:26Z,2026-02-19T08:05:21+00:00,67601891,bbc_xml_sitemap,https://www.bbc.com/sitemaps/https-sitemap-com-archive-103.xml,Israel-Gaza war: Residents of Khan Younis say Israeli strikes heaviest since start of war,Civilians in parts of north and south Gaza have been told to evacuate as Israel's renewed bombardment continues.,2026-02-19T08:22:59+00:00,200,,1,12,israel|israeli|gaza|khan younis|pa|strike|bombard|un
BBC,bbc.com,https://www.bbc.com/news/world-middle-east-67606343,2023-12-03T09:48:55Z,2026-02-19T08:05:21+00:00,67606343,bbc_xml_sitemap,https://www.bbc.com/sitemaps/https-sitemap-com-archive-103.xml,'A very desperate situation for the population of Gaza',The BBC's Hugo Bachega describes the situation in the south as Israel's bombardment continues.,2026-02-19T08:23:00+00:00,200,,1,6,israel|gaza|bombard
BBC,bbc.com,https://www.bbc.com/news/world-middle-east-67607243,2023-12-03T20:45:25Z,2026-02-19T08:05:21+00:00,67607243,bbc_xml_sitemap,https://www.bbc.com/sitemaps/https-sitemap-com-archive-103.xml,Israeli forces pushing into south Gaza,"The head of Israel's military says the IDF is fighting ""strongly and thoroughly"" in southern Gaza.",2026-02-19T08:23:01+00:00,200,,1,9,israel|israeli|gaza|idf
BBC,bbc.com,https://www.bbc.com/news/world-middle-east-67613153,2023-12-04T17:43:46Z,2026-02-19T08:05:21+00:00,67613153,bbc_xml_sitemap,https://www.bbc.com/sitemaps/https-sitemap-com-archive-103.xml,Hamas planned sexual violence as weapon of war - Israeli campaigner,An Israeli campaigner says militants planned acts of sexual violence committed in October's attack.,2026-02-19T08:23:04+00:00,200,,1,8,israel|israeli|hamas|pa
BBC,bbc.com,https://www.bbc.com/news/world-middle-east-67614139,2023-12-04T16:19:23Z,2026-02-19T08:05:21+00:00,67614139,bbc_xml_sitemap,https://www.bbc.com/sitemaps/https-sitemap-com-archive-103.xml,"'Wounded child, no surviving family': The pain of Gaza’s orphans",Medics in Gaza are using a unique acronym to describe children whose parents have been killed.,2026-02-19T08:23:05+00:00,200,,1,4,gaza|pa|un
BBC,bbc.com,https://www.bbc.com/news/world-middle-east-67592794,2023-12-04T20:39:35Z,2026-02-19T08:05:21+00:00,67592794,bbc_xml_sitemap,https://www.bbc.com/sitemaps/https-sitemap-com-archive-103.xml,Rushdi Abualouf: 'It's so much harder to watch Gaza from the outside',The BBC's Rushdi Abualouf talks about his sorrow at leaving Gaza and how he plans to go back some day.,2026-02-19T08:23:06+00:00,200,,1,2,gaza
BBC,bbc.com,https://www.bbc.com/news/world-middle-east-67614711,2023-12-04T23:14:59Z,2026-02-19T08:05:21+00:00,67614711,bbc_xml_sitemap,https://www.bbc.com/sitemaps/https-sitemap-com-archive-103.xml,Israel orders evacuations from city in south Gaza as offensive widens,"Witnesses also report seeing tanks advancing east of Khan Younis, as the ground offensive expands.",2026-02-19T08:23:09+00:00,200,,1,9,israel|gaza|khan younis|pa|ground offensive|un
BBC,bbc.com,https://www.bbc.com/news/world-middle-east-67629181,2023-12-05T17:15:49Z,2026-02-19T08:08:24+00:00,67629181,bbc_xml_sitemap,https://www.bbc.com/sitemaps/https-sitemap-com-archive-104.xml,"Israel Gaza: Hamas raped and mutilated women on 7 October, BBC hears",The BBC has seen and heard evidence that Hamas fighters committed horrific sexual violence in Israel.,2026-02-19T08:23:11+00:00,200,,1,7,israel|gaza|hamas
BBC,bbc.com,https://www.bbc.com/news/world-middle-east-67629360,2023-12-05T23:18:13Z,2026-02-19T08:08:24+00:00,67629360,bbc_xml_sitemap,https://www.bbc.com/sitemaps/https-sitemap-com-archive-104.xml,Israel says troops are in centre of Khan Younis,The UN says the situation in southern part of the territory is worsening dramatically.,2026-02-19T08:23:13+00:00,200,,1,5,israel|khan younis|pa|un
BBC,bbc.com,https://www.bbc.com/news/world-middle-east-67710154,2023-12-14T06:01:06Z,2026-02-19T08:08:24+00:00,67710154,bbc_xml_sitemap,https://www.bbc.com/sitemaps/https-sitemap-com-archive-104.xml,Footage of soldier confronting Palestinian in West Bank,Footage of soldier confronting Palestinian in West Bank,2026-02-19T08:23:14+00:00,200,,1,6,palestin|west bank|pa
BBC,bbc.com,https://www.bbc.com/news/world-middle-east-67630489,2023-12-05T19:49:45Z,2026-02-19T08:08:24+00:00,67630489,bbc_xml_sitemap,https://www.bbc.com/sitemaps/https-sitemap-com-archive-104.xml,Israel's new Gaza evacuation zones leave Palestinians few places to go,Palestinians and aid workers say new maps are not a workable solution to reduce civilian casualties.,2026-02-19T08:23:16+00:00,200,,1,8,israel|palestin|gaza|pa
BBC,bbc.com,https://www.bbc.com/news/world-middle-east-67617920,2023-12-06T06:00:02Z,2026-02-19T08:08:24+00:00,67617920,bbc_xml_sitemap,https://www.bbc.com/sitemaps/https-sitemap-com-archive-104.xml,Israeli settler violence brings destruction and fear to West Bank as war rages,Attacks including fatal shootings of Palestinians by Jewish settlers have risen sharply since 7 October.,2026-02-19T08:23:17+00:00,200,,1,12,israel|israeli|palestin|west bank|pa|settlers
BBC,bbc.com,https://www.bbc.com/news/world-middle-east-67701700,2023-12-14T06:01:30Z,2026-02-19T08:08:24+00:00,67701700,bbc_xml_sitemap,https://www.bbc.com/sitemaps/https-sitemap-com-archive-104.xml,Israel-Gaza war: What is the price of peace?,The BBC's Jeremy Bowen asks Israeli and Palestinian activists about their hopes for resolving the conflict.,2026-02-19T08:23:18+00:00,200,,1,10,israel|israeli|palestin|gaza|pa
BBC,bbc.com,https://www.bbc.com/news/world-middle-east-67632573,2023-12-05T20:53:27Z,2026-02-19T08:08:24+00:00,67632573,bbc_xml_sitemap,https://www.bbc.com/sitemaps/https-sitemap-com-archive-104.xml,Five-year-old Hamas hostage returns to school and is hugged by classmates,Emilia received a warm hug from her nursery school friends after being held in Hamas captivity for 49 days.,2026-02-19T08:23:19+00:00,200,,1,5,hamas|hostage
BBC,bbc.com,https://www.bbc.com/news/world-middle-east-67815370,2023-12-24T14:04:54Z,2026-02-19T08:08:24+00:00,67815370,bbc_xml_sitemap,https://www.bbc.com/sitemaps/https-sitemap-com-archive-104.xml,"'Bethlehem is empty of joy - no Santa, no celebration'","The West Bank city of Bethlehem, usually bustling at this time of year, is subdued as war goes on in Gaza.",2026-02-19T08:23:20+00:00,200,,1,5,gaza|west bank
BBC,bbc.com,https://www.bbc.com/news/world-middle-east-67820866,2023-12-26T03:26:49Z,2026-02-19T08:08:24+00:00,67820866,bbc_xml_sitemap,https://www.bbc.com/sitemaps/https-sitemap-com-archive-104.xml,Israel Gaza war: UN says no let-up in Israeli air strikes in Gaza,"A UN official speaks of ""absolute carnage"" after visiting a hospital with many injured in central Gaza.",2026-02-19T08:23:21+00:00,200,,1,10,israel|israeli|gaza|air strike|strike|un
BBC,bbc.com,https://www.bbc.com/news/world-middle-east-67632940,2023-12-06T12:46:31Z,2026-02-19T08:08:24+00:00,67632940,bbc_xml_sitemap,https://www.bbc.com/sitemaps/https-sitemap-com-archive-104.xml,Images show tours on board Houthi hijacked ship,"Men can be seen exploring a Japanese-operated, British-owned cargo ship seized last month.",2026-02-19T08:23:22+00:00,200,,0,2,pa|plo
BBC,bbc.com,https://www.bbc.com/news/world-middle-east-67635670,2023-12-06T15:53:39Z,2026-02-19T08:08:24+00:00,67635670,bbc_xml_sitemap,https://www.bbc.com/sitemaps/https-sitemap-com-archive-104.xml,How missiles from Yemen could escalate Israel-Gaza war,The Iran-backed Houthis have recently begun attacking vessels in the Red Sea they say are linked to Israel.,2026-02-19T08:23:23+00:00,200,,1,7,israel|gaza|missile|un
BBC,bbc.com,https://www.bbc.com/news/world-middle-east-67643746,2023-12-06T19:28:01Z,2026-02-19T08:08:24+00:00,67643746,bbc_xml_sitemap,https://www.bbc.com/sitemaps/https-sitemap-com-archive-104.xml,BBC reporter in Gaza: People here are traumatised and exhausted,"People say life in Khan Younis is ""indescribable"" as Israel's bombardment of the south intensifies.",2026-02-19T08:23:24+00:00,200,,1,8,israel|gaza|khan younis|bombard|un
BBC,bbc.com,https://www.bbc.com/news/world-middle-east-67714515,2023-12-14T15:02:29Z,2026-02-19T08:08:24+00:00,67714515,bbc_xml_sitemap,https://www.bbc.com/sitemaps/https-sitemap-com-archive-104.xml,Gaza doctor says lack of medicine is 'catastrophic' as diseases spread,The BBC's Adnan El-Bursh visits a hospital in Rafah overwhelmed by patients with wounds and diseases.,2026-02-19T08:23:25+00:00,200,,1,7,gaza|rafah|pa|un
BBC,bbc.com,https://www.bbc.com/news/world-middle-east-67636785,2023-12-07T05:59:54Z,2026-02-19T08:08:24+00:00,67636785,bbc_xml_sitemap,https://www.bbc.com/sitemaps/https-sitemap-com-archive-104.xml,Bringing broken survivors of the Israel Nova festival attack back from darkness,"""I just wanted them to be held"": Inside the centre helping survivors of the 7 October attacks.",2026-02-19T08:23:26+00:00,200,,1,2,israel
BBC,bbc.com,https://www.bbc.com/news/world-middle-east-67719820,2023-12-14T17:09:02Z,2026-02-19T08:08:24+00:00,67719820,bbc_xml_sitemap,https://www.bbc.com/sitemaps/https-sitemap-com-archive-104.xml,Israeli soldiers' mosque behaviour condemned by IDF,A Jewish festival song was filmed sung from the minaret of a mosque in the West Bank city of Jenin.,2026-02-19T08:23:27+00:00,200,,1,10,israel|israeli|west bank|idf|un
BBC,bbc.com,https://www.bbc.com/news/world-middle-east-67656787,2023-12-08T19:19:45Z,2026-02-19T08:08:24+00:00,67656787,bbc_xml_sitemap,https://www.bbc.com/sitemaps/https-sitemap-com-archive-104.xml,Refaat Alareer: Palestinians mourn writer killed in air strike,"Writer and literary scholar Refaat Alareer was killed in an air strike on Wednesday, his family say.",2026-02-19T08:23:28+00:00,200,,1,5,palestin|pa|air strike|strike
BBC,bbc.com,https://www.bbc.com/news/world-middle-east-67652774,2023-12-07T20:29:35Z,2026-02-19T08:08:24+00:00,67652774,bbc_xml_sitemap,https://www.bbc.com/sitemaps/https-sitemap-com-archive-104.xml,Issam Abdallah: Rights groups want Israel investigated over killed journalist,Amnesty and Human Rights Watch say a tank crew probably deliberately fired on Issam Abdallah.,2026-02-19T08:23:29+00:00,200,,1,2,israel
BBC,bbc.com,https://www.bbc.com/news/world-middle-east-67655015,2023-12-07T19:02:57Z,2026-02-19T08:08:24+00:00,67655015,bbc_xml_sitemap,https://www.bbc.com/sitemaps/https-sitemap-com-archive-104.xml,Hundreds queue for food in central Gaza city,"As hunger spreads, the UN says it can no longer run a dependable humanitarian operation.",2026-02-19T08:23:30+00:00,200,,1,4,gaza|un|humanitarian
BBC,bbc.com,https://www.bbc.com/news/world-middle-east-67654848,2023-12-07T19:16:59Z,2026-02-19T08:08:24+00:00,67654848,bbc_xml_sitemap,https://www.bbc.com/sitemaps/https-sitemap-com-archive-104.xml,Israel war cabinet minister's son killed in Gaza fighting,"Gadi Eisenkot's son Gal, 25, died after a tunnel shaft exploded in northern Gaza, Israeli media say.",2026-02-19T08:23:30+00:00,200,,1,9,israel|israeli|gaza|plo|un
BBC,bbc.com,https://www.bbc.com/news/world-middle-east-67659922,2023-12-08T10:52:59Z,2026-02-19T08:08:24+00:00,67659922,bbc_xml_sitemap,https://www.bbc.com/sitemaps/https-sitemap-com-archive-104.xml,Gaza: Video appears to show Palestinian men stripped and detained by IDF,Footage circulating online shows blindfolded men in their underwear being guarded by Israeli soldiers.,2026-02-19T08:23:31+00:00,200,,1,13,israel|israeli|palestin|gaza|idf|pa|un
BBC,bbc.com,https://www.bbc.com/news/world-middle-east-67659296,2023-12-08T16:38:37Z,2026-02-19T08:08:24+00:00,67659296,bbc_xml_sitemap,https://www.bbc.com/sitemaps/https-sitemap-com-archive-104.xml,Video shows stripped Palestinian men detained in Gaza,Pictures on social media show dozens of men in their underwear being guarded by Israeli troops in north Gaza.,2026-02-19T08:23:32+00:00,200,,1,11,israel|israeli|palestin|gaza|pa|un
BBC,bbc.com,https://www.bbc.com/news/world-middle-east-67600015,2023-12-15T06:00:15Z,2026-02-19T08:08:24+00:00,67600015,bbc_xml_sitemap,https://www.bbc.com/sitemaps/https-sitemap-com-archive-104.xml,How Israel jails hundreds of Palestinians without charge,Human rights groups say Israel is abusing a security law inherited from the British to strip due process.,2026-02-19T08:23:33+00:00,200,,1,7,israel|palestin|pa|un
BBC,bbc.com,https://www.bbc.com/news/world-middle-east-67646964,2023-12-08T14:44:48Z,2026-02-19T08:08:24+00:00,67646964,bbc_xml_sitemap,https://www.bbc.com/sitemaps/https-sitemap-com-archive-104.xml,"Al-Mawasi: Gaza humanitarian zone not humane, evacuees say","Israel has told civilians to shelter in a ""safe"" zone, but people say it is not fit for people to stay in.",2026-02-19T08:23:34+00:00,200,,1,6,israel|gaza|humanitarian
BBC,bbc.com,https://www.bbc.com/news/world-middle-east-67805812,2023-12-22T21:26:24Z,2026-02-19T08:08:24+00:00,67805812,bbc_xml_sitemap,https://www.bbc.com/sitemaps/https-sitemap-com-archive-104.xml,"UN Security Council backs ramping up Gaza aid, but no ceasefire",Days of negotiations were needed to overcome the threat of a US veto over a call for an immediate ceasefire.,2026-02-19T08:23:36+00:00,200,,1,5,gaza|ceasefire|un|security council
BBC,bbc.com,https://www.bbc.com/news/world-middle-east-67663792,2023-12-08T17:23:28Z,2026-02-19T08:08:24+00:00,67663792,bbc_xml_sitemap,https://www.bbc.com/sitemaps/https-sitemap-com-archive-104.xml,Video shows Palestinian men stripped by Israeli forces,"Footage on social media shows dozens of men being arrested in Beit Lahia, in the far north of the Gaza strip.",2026-02-19T08:23:37+00:00,200,,1,10,israel|israeli|palestin|gaza|pa
BBC,bbc.com,https://www.bbc.com/news/world-middle-east-67666270,2023-12-09T12:19:10Z,2026-02-19T08:08:24+00:00,67666270,bbc_xml_sitemap,https://www.bbc.com/sitemaps/https-sitemap-com-archive-104.xml,Palestinian recounts being stripped and driven away by Israeli army,"The BBC speaks to one of the men seen being detained, who was later released.",2026-02-19T08:23:38+00:00,200,,1,10,israel|israeli|palestin|israeli army|pa|un
BBC,bbc.com,https://www.bbc.com/news/world-middle-east-67664804,2023-12-08T20:54:29Z,2026-02-19T08:08:24+00:00,67664804,bbc_xml_sitemap,https://www.bbc.com/sitemaps/https-sitemap-com-archive-104.xml,Bowen: US uses veto but pressure for Gaza ceasefire is building,"Israel rejects the UN chief's description of the war in Gaza as a ""risk to international peace and security"".",2026-02-19T08:23:39+00:00,200,,1,7,israel|gaza|ceasefire|un
BBC,bbc.com,https://www.bbc.com/news/world-middle-east-67664854,2023-12-08T22:08:08Z,2026-02-19T08:08:24+00:00,67664854,bbc_xml_sitemap,https://www.bbc.com/sitemaps/https-sitemap-com-archive-104.xml,Hamas claims Israeli operation ended in hostage death,The group releases video it says shows the aftermath of a failed attempt to free a hostage held in Gaza.,2026-02-19T08:23:40+00:00,200,,1,11,israel|israeli|gaza|hamas|hostage
BBC,bbc.com,https://www.bbc.com/news/world-middle-east-67664853,2023-12-08T19:38:28Z,2026-02-19T08:08:24+00:00,67664853,bbc_xml_sitemap,https://www.bbc.com/sitemaps/https-sitemap-com-archive-104.xml,Images show major damage to Gaza's oldest mosque,"Hamas accuses Israel of causing the damage to the medieval Omari mosque, Israel has not yet commented.",2026-02-19T08:23:41+00:00,200,,1,7,israel|gaza|hamas
BBC,bbc.com,https://www.bbc.com/news/world-middle-east-67788359,2023-12-23T02:16:36Z,2026-02-19T08:08:24+00:00,67788359,bbc_xml_sitemap,https://www.bbc.com/sitemaps/https-sitemap-com-archive-104.xml,Stakes are immense as Biden presses Israel to change course,The US wants Israel to scale back its offensive in Gaza - the next few weeks will be crucial in testing its influence.,2026-02-19T08:23:42+00:00,200,,1,5,israel|gaza
BBC,bbc.com,https://www.bbc.com/news/world-middle-east-67795439,2023-12-22T03:28:26Z,2026-02-19T08:08:24+00:00,67795439,bbc_xml_sitemap,https://www.bbc.com/sitemaps/https-sitemap-com-archive-104.xml,Israel-Gaza war: US backs UN Security Council vote on Gaza aid boost,The vote is delayed until Friday as Security Council members wrangle over the wording.,2026-02-19T08:23:43+00:00,200,,1,7,israel|gaza|un|security council
BBC,bbc.com,https://www.bbc.com/news/world-middle-east-67732347,2023-12-15T21:11:30Z,2026-02-19T08:08:24+00:00,67732347,bbc_xml_sitemap,https://www.bbc.com/sitemaps/https-sitemap-com-archive-104.xml,Israel-Gaza war: UN aid worker describes nightmare journey to al-Ahli Hospital,A British aid worker tells the BBC his humanitarian convoy was delayed for hours by the Israeli military.,2026-02-19T08:23:44+00:00,200,,1,10,israel|israeli|gaza|israeli military|un|humanitarian
BBC,bbc.com,https://www.bbc.com/news/world-middle-east-67765866,2023-12-20T01:28:20Z,2026-02-19T08:08:24+00:00,67765866,bbc_xml_sitemap,https://www.bbc.com/sitemaps/https-sitemap-com-archive-104.xml,Israel Gaza: Negotiations delay UN vote urging pause in fighting,Wrangles over the wording of the Security Council resolution push the vote back to Wednesday.,2026-02-19T08:23:44+00:00,200,,1,8,israel|gaza|pa|un|security council
BBC,bbc.com,https://www.bbc.com/news/world-middle-east-67809242,2023-12-24T02:19:47Z,2026-02-19T08:08:24+00:00,67809242,bbc_xml_sitemap,https://www.bbc.com/sitemaps/https-sitemap-com-archive-104.xml,Israel-Gaza: Israel says it has arrested hundreds of Hamas and Islamic Jihad members,"The arrests come as Israel hints at expanding its campaign, forcing more civilians out of their homes.",2026-02-19T08:23:45+00:00,200,,1,10,israel|gaza|hamas|pa|islamic jihad|un
BBC,bbc.com,https://www.bbc.com/news/world-middle-east-67652494,2023-12-09T09:48:23Z,2026-02-19T08:08:24+00:00,67652494,bbc_xml_sitemap,https://www.bbc.com/sitemaps/https-sitemap-com-archive-104.xml,Israel-Gaza: The status quo is smashed. The future is messy and dangerous,"Even when the war between Israel and Hamas ends, there is no easy future, the BBC's Jeremy Bowen says.",2026-02-19T08:23:46+00:00,200,,1,7,israel|gaza|hamas
BBC,bbc.com,https://www.bbc.com/news/world-middle-east-67640750,2023-12-06T16:18:37Z,2026-02-19T08:08:24+00:00,67640750,bbc_xml_sitemap,https://www.bbc.com/sitemaps/https-sitemap-com-archive-104.xml,"Israel hostages in Gaza: We have evidence their health worsening, say families","A three-hour meeting between freed hostages and Israel's leaders turned tense, observers say.",2026-02-19T08:23:47+00:00,200,,1,9,israel|gaza|hostage|hostages
BBC,bbc.com,https://www.bbc.com/news/world-middle-east-67732353,2023-12-16T01:02:11Z,2026-02-19T08:08:24+00:00,67732353,bbc_xml_sitemap,https://www.bbc.com/sitemaps/https-sitemap-com-archive-104.xml,Israel hostages: IDF says it mistakenly killed three men held in Gaza,The military said the three men were shot and killed by troops who were operating in northern Gaza.,2026-02-19T08:23:48+00:00,200,,1,11,israel|gaza|idf|hostage|hostages
BBC,bbc.com,https://www.bbc.com/news/world-middle-east-67727601,2023-12-15T16:12:22Z,2026-02-19T08:08:24+00:00,67727601,bbc_xml_sitemap,https://www.bbc.com/sitemaps/https-sitemap-com-archive-104.xml,Yemen Houthi rebels claim attacks on two Red Sea cargo ships,The US says the missiles were fired from a part of Yemen controlled by the Iran-backed Houthi group.,2026-02-19T08:23:51+00:00,200,,1,2,pa|missile
BBC,bbc.com,https://www.bbc.com/news/world-middle-east-67788360,2023-12-24T00:46:50Z,2026-02-19T08:08:24+00:00,67788360,bbc_xml_sitemap,https://www.bbc.com/sitemaps/https-sitemap-com-archive-104.xml,Awni Eldous: The Palestinian boy who found YouTube fame after death,"Awni Eldous, who ran a small gaming channel, was one of the first Palestinian children to be killed in the war.",2026-02-19T08:23:53+00:00,200,,1,4,palestin|pa|un
BBC,bbc.com,https://www.bbc.com/news/world-middle-east-67670679,2023-12-10T01:56:00Z,2026-02-19T08:08:24+00:00,67670679,bbc_xml_sitemap,https://www.bbc.com/sitemaps/https-sitemap-com-archive-104.xml,"Israel-Gaza war: Half of Gaza's population is starving, warns UN","Conditions in Gaza have made the delivery of food almost impossible, the UN World Food Programme says.",2026-02-19T08:23:53+00:00,200,,1,6,israel|gaza|un
BBC,bbc.com,https://www.bbc.com/news/world-middle-east-67708116,2023-12-16T00:21:05Z,2026-02-19T08:08:24+00:00,67708116,bbc_xml_sitemap,https://www.bbc.com/sitemaps/https-sitemap-com-archive-104.xml,Lucy Williamson: Hamas support soars in West Bank - but full uprising can still be avoided,"Calls by Hamas for an uprising in the West Bank have come and gone, despite rising support for the group.",2026-02-19T08:23:54+00:00,200,,1,5,west bank|hamas
BBC,bbc.com,https://www.bbc.com/news/world-middle-east-67736520,2023-12-16T12:55:58Z,2026-02-19T08:08:24+00:00,67736520,bbc_xml_sitemap,https://www.bbc.com/sitemaps/https-sitemap-com-archive-104.xml,Killed Gaza cameraman 'would bring joy to any place',Al Jazeera journalist and cameraman Samer Abudaqa was killed by an Israel drone while working in Khan Younis.,2026-02-19T08:23:56+00:00,200,,1,7,israel|gaza|khan younis|un
BBC,bbc.com,https://www.bbc.com/news/world-middle-east-67737038,2023-12-16T20:19:23Z,2026-02-19T08:08:24+00:00,67737038,bbc_xml_sitemap,https://www.bbc.com/sitemaps/https-sitemap-com-archive-104.xml,Samer Abudaqa: Al Jazeera cameraman killed in Gaza drone strike,Samer Abudaqa died of wounds after a drone strike while working for Al Jazeera at a school.,2026-02-19T08:23:58+00:00,200,,1,4,gaza|strike|un
BBC,bbc.com,https://www.bbc.com/news/world-middle-east-67770514,2023-12-22T01:46:59Z,2026-02-19T08:08:24+00:00,67770514,bbc_xml_sitemap,https://www.bbc.com/sitemaps/https-sitemap-com-archive-104.xml,Our friendship was not damaged: Israeli-Palestinian rap duo,"Uriyah and Sameh's rap about peace between Palestinians and Israelis went viral in 2021, since then a lot has changed.",2026-02-19T08:24:00+00:00,200,,1,8,israel|israeli|palestin|pa
BBC,bbc.com,https://www.bbc.com/news/world-middle-east-67738111,2023-12-16T21:09:21Z,2026-02-19T08:08:24+00:00,67738111,bbc_xml_sitemap,https://www.bbc.com/sitemaps/https-sitemap-com-archive-104.xml,"Israel Gaza: Hostages were carrying white cloth when shot, IDF says",Three hostages were mistakenly killed in Gaza on Friday by Israeli troops in an area of intense fighting.,2026-02-19T08:24:01+00:00,200,,1,13,israel|israeli|gaza|idf|hostage|hostages
BBC,bbc.com,https://www.bbc.com/news/world-middle-east-67619386,2023-12-11T10:46:59Z,2026-02-19T08:08:24+00:00,67619386,bbc_xml_sitemap,https://www.bbc.com/sitemaps/https-sitemap-com-archive-104.xml,"Gaza surgeon: 'It broke me, not being able to save so many innocent lives'",Gaza’s first female surgeon describes the horror of having to choose which patients to save at Al-Shifa hospital.,2026-02-19T08:24:02+00:00,200,,1,3,gaza|pa
BBC,bbc.com,https://www.bbc.com/news/world-middle-east-67619390,2023-12-11T10:39:56Z,2026-02-19T08:08:24+00:00,67619390,bbc_xml_sitemap,https://www.bbc.com/sitemaps/https-sitemap-com-archive-104.xml,Israeli and Palestinian women 'on same side' says peace campaigner,Peace activist who lost a friend in Hamas attacks says Israeli and Palestinian women “are on the same side”.,2026-02-19T08:24:03+00:00,200,,1,10,israel|israeli|palestin|hamas|pa
BBC,bbc.com,https://www.bbc.com/news/world-middle-east-67740329,2023-12-17T00:51:26Z,2026-02-19T08:08:24+00:00,67740329,bbc_xml_sitemap,https://www.bbc.com/sitemaps/https-sitemap-com-archive-104.xml,Israel Gaza: The perils of hostage rescue,The shooting of three Israelis by IDF troops shows the risks of armed intervention in hostage situations.,2026-02-19T08:24:05+00:00,200,,1,11,israel|israeli|gaza|idf|hostage
BBC,bbc.com,https://www.bbc.com/news/world-middle-east-67676982,2023-12-10T18:10:50Z,2026-02-19T08:08:24+00:00,67676982,bbc_xml_sitemap,https://www.bbc.com/sitemaps/https-sitemap-com-archive-104.xml,"Israel-Hamas war: Ceasefire in Gaza chances shrinking, Qatar says","Benjamin Netanyahu says ""the war is in full swing"" and calls on Hamas fighters to surrender.",2026-02-19T08:24:08+00:00,200,,1,8,israel|gaza|hamas|ceasefire
BBC,bbc.com,https://www.bbc.com/news/world-middle-east-67675407,2023-12-10T17:59:54Z,2026-02-19T08:08:24+00:00,67675407,bbc_xml_sitemap,https://www.bbc.com/sitemaps/https-sitemap-com-archive-104.xml,Israel-Gaza war: Video shows Gaza detainees allegedly 'surrendering guns' - what we know,A man in his underwear is filmed laying down weapons - but there are questions about what happened.,2026-02-19T08:24:09+00:00,200,,1,6,israel|gaza|un
BBC,bbc.com,https://www.bbc.com/news/world-middle-east-67797747,2023-12-22T05:54:17Z,2026-02-19T08:08:24+00:00,67797747,bbc_xml_sitemap,https://www.bbc.com/sitemaps/https-sitemap-com-archive-104.xml,Israel Gaza: Hamas says no more hostage releases until war ends,"The group which seized hostages on 7 October calls for a ""full cessation of aggression""",2026-02-19T08:24:10+00:00,200,,1,12,israel|gaza|hamas|hostage|hostages|un
BBC,bbc.com,https://www.bbc.com/news/world-middle-east-67740979,2023-12-17T12:17:31Z,2026-02-19T08:08:24+00:00,67740979,bbc_xml_sitemap,https://www.bbc.com/sitemaps/https-sitemap-com-archive-104.xml,France calls for 'immediate and durable' ceasefire in Gaza,Foreign Minister Colonna said on a visit to Israel that too many civilians were being killed.,2026-02-19T08:24:11+00:00,200,,1,6,israel|gaza|ceasefire
BBC,bbc.com,https://www.bbc.com/news/world-middle-east-67742052,2023-12-17T10:31:50Z,2026-02-19T08:08:24+00:00,67742052,bbc_xml_sitemap,https://www.bbc.com/sitemaps/https-sitemap-com-archive-104.xml,Gaza: UK MP says family trapped in church area amid sniper fire,Layla Moran tells the BBC her relatives are trapped in a church complex as Israeli forces operate nearby.,2026-02-19T08:24:13+00:00,200,,1,7,israel|israeli|gaza
BBC,bbc.com,https://www.bbc.com/news/world-middle-east-67817939,2023-12-25T06:45:51Z,2026-02-19T08:08:24+00:00,67817939,bbc_xml_sitemap,https://www.bbc.com/sitemaps/https-sitemap-com-archive-104.xml,Israel Gaza war: Hamas says 70 killed in Israeli air strike on camp,"Central Gaza comes under ""intense"" air strikes, amid reports of a new peace bid by Egypt.",2026-02-19T08:24:14+00:00,200,,1,12,israel|israeli|gaza|hamas|air strike|strike|un
BBC,bbc.com,https://www.bbc.com/news/world-middle-east-67817953,2023-12-24T23:41:53Z,2026-02-19T08:08:24+00:00,67817953,bbc_xml_sitemap,https://www.bbc.com/sitemaps/https-sitemap-com-archive-104.xml,Israel Gaza: At least 70 reported dead in Israeli strike on Gaza refugee camp,The Hamas-run health ministry in Gaza says at least 70 people were killed at Al-Maghazi.,2026-02-19T08:24:15+00:00,200,,1,11,israel|israeli|gaza|hamas|strike|un
BBC,bbc.com,https://www.bbc.com/news/world-middle-east-67741610,2023-12-17T14:03:51Z,2026-02-19T08:08:24+00:00,67741610,bbc_xml_sitemap,https://www.bbc.com/sitemaps/https-sitemap-com-archive-104.xml,Chaotic scenes as people run after lorries carrying aid in Gaza,The vehicles carrying aid through the city of Rafah in Gaza were mobbed by crowds.,2026-02-19T08:24:17+00:00,200,,1,6,gaza|rafah|un
BBC,bbc.com,https://www.bbc.com/news/world-middle-east-67688422,2023-12-12T02:16:24Z,2026-02-19T08:08:24+00:00,67688422,bbc_xml_sitemap,https://www.bbc.com/sitemaps/https-sitemap-com-archive-104.xml,Israel Gaza: 'Where is mum? Where is grandma? Where did they go?',The uncle of a critically ill boy in Gaza fears he will deteriorate if told his parents were killed.,2026-02-19T08:24:19+00:00,200,,1,7,israel|gaza|pa|un
BBC,bbc.com,https://www.bbc.com/news/world-middle-east-67660002,2023-12-12T06:00:22Z,2026-02-19T08:08:24+00:00,67660002,bbc_xml_sitemap,https://www.bbc.com/sitemaps/https-sitemap-com-archive-104.xml,Father of murdered Israeli still has hopes for peace,Eyal Waldman's daughter was killed by Hamas while attending a music festival on 7 October.,2026-02-19T08:24:20+00:00,200,,1,7,israel|israeli|hamas
BBC,bbc.com,https://www.bbc.com/news/world-middle-east-67814475,2023-12-24T21:23:08Z,2026-02-19T08:08:24+00:00,67814475,bbc_xml_sitemap,https://www.bbc.com/sitemaps/https-sitemap-com-archive-104.xml,Israel-Gaza war: Benjamin Netanyahu says Israel paying 'heavy price',The Israeli PM says his troops will keep fighting - after one of their deadliest days of the conflict.,2026-02-19T08:24:22+00:00,200,,1,8,israel|israeli|gaza|pa
BBC,bbc.com,https://www.bbc.com/news/world-middle-east-67819122,2023-12-25T21:02:47Z,2026-02-19T08:08:24+00:00,67819122,bbc_xml_sitemap,https://www.bbc.com/sitemaps/https-sitemap-com-archive-104.xml,Israel-Gaza war: Netanyahu vows to intensify campaign,"Israel's prime minister says fighting will ""deepen"" in the days ahead, after visiting troops in Gaza.",2026-02-19T08:24:23+00:00,200,,1,6,israel|gaza|pa
BBC,bbc.com,https://www.bbc.com/news/world-middle-east-67679634,2023-12-12T06:00:34Z,2026-02-19T08:08:24+00:00,67679634,bbc_xml_sitemap,https://www.bbc.com/sitemaps/https-sitemap-com-archive-104.xml,Eyal Waldman: Israeli tech billionaire hopes for peace despite daughter's killing,Eyal Waldman's youngest daughter was killed in the Supernova music festival massacre on 7 October.,2026-02-19T08:24:25+00:00,200,,1,6,israel|israeli|un
BBC,bbc.com,https://www.bbc.com/news/world-middle-east-67745092,2023-12-18T14:34:30Z,2026-02-19T08:08:24+00:00,67745092,bbc_xml_sitemap,https://www.bbc.com/sitemaps/https-sitemap-com-archive-104.xml,Israel Gaza: Hostages shot by IDF put out 'SOS' sign written with leftover food,The three hostages were mistakenly killed in Gaza on Friday by Israeli troops.,2026-02-19T08:24:26+00:00,200,,1,13,israel|israeli|gaza|idf|hostage|hostages
BBC,bbc.com,https://www.bbc.com/news/world-middle-east-67779700,2023-12-20T17:09:10Z,2026-02-19T08:08:24+00:00,67779700,bbc_xml_sitemap,https://www.bbc.com/sitemaps/https-sitemap-com-archive-104.xml,'I don't want to be a number': Gazans live in fear of dying,"At least 8,000 children are among those killed since the war began, according to Hamas.",2026-02-19T08:24:27+00:00,200,,1,5,gaza|hamas
BBC,bbc.com,https://www.bbc.com/news/world-middle-east-67799527,2023-12-22T17:42:48Z,2026-02-19T08:08:24+00:00,67799527,bbc_xml_sitemap,https://www.bbc.com/sitemaps/https-sitemap-com-archive-104.xml,"Gaza facing famine if fighting continues, UN says","The whole of Gaza is suffering acute shortages, a report says, as the UN looks to get more aid in.",2026-02-19T08:24:30+00:00,200,,1,3,gaza|un
BBC,bbc.com,https://www.bbc.com/news/world-middle-east-67736723,2023-12-17T18:42:02Z,2026-02-19T08:08:24+00:00,67736723,bbc_xml_sitemap,https://www.bbc.com/sitemaps/https-sitemap-com-archive-104.xml,UK MP Layla Moran's family among hundreds trapped in Gaza church,Layla Moran's relatives and the Latin Patriarchate of Jerusalem say a sniper has killed two women there.,2026-02-19T08:24:31+00:00,200,,1,9,gaza|jerusalem|jerusalem|pa|un
BBC,bbc.com,https://www.bbc.com/news/world-middle-east-67764664,2023-12-20T18:30:08Z,2026-02-19T08:08:24+00:00,67764664,bbc_xml_sitemap,https://www.bbc.com/sitemaps/https-sitemap-com-archive-104.xml,Israel Gaza: What Gaza's death toll says about the war,"At least 20,000 Palestinians in Gaza have been reported killed in the war, according to Hamas.",2026-02-19T08:24:32+00:00,200,,1,10,israel|palestin|gaza|hamas|pa
BBC,bbc.com,https://www.bbc.com/news/world-middle-east-67691216,2023-12-12T11:39:07Z,2026-02-19T08:08:24+00:00,67691216,bbc_xml_sitemap,https://www.bbc.com/sitemaps/https-sitemap-com-archive-104.xml,MK Strinda: Yemen's rebel Houthis hit Norwegian tanker with missile,"The Houthis have vowed to stop ships heading to Israel, but its owners say it was going to Italy.",2026-02-19T08:24:34+00:00,200,,1,3,israel|missile
BBC,bbc.com,https://www.bbc.com/news/world-middle-east-67691219,2023-12-12T13:04:01Z,2026-02-19T08:08:24+00:00,67691219,bbc_xml_sitemap,https://www.bbc.com/sitemaps/https-sitemap-com-archive-104.xml,Israel determined to finish Gaza operation despite civilian suffering,A senior military adviser tells the BBC Israel will need more than a few more weeks to destroy Hamas.,2026-02-19T08:24:35+00:00,200,,1,7,israel|gaza|hamas
BBC,bbc.com,https://www.bbc.com/news/world-middle-east-67820538,2023-12-25T17:36:48Z,2026-02-19T08:08:24+00:00,67820538,bbc_xml_sitemap,https://www.bbc.com/sitemaps/https-sitemap-com-archive-104.xml,"Israeli strike in Syria kills Iranian commander, Iran says","Seyyed Razi Mousavi, a key member of the Revolutionary Guards, died in an Israeli strike, Iran says.",2026-02-19T08:24:40+00:00,200,,1,6,israel|israeli|strike
BBC,bbc.com,https://www.bbc.com/news/world-middle-east-67760523,2023-12-22T01:20:50Z,2026-02-19T08:08:24+00:00,67760523,bbc_xml_sitemap,https://www.bbc.com/sitemaps/https-sitemap-com-archive-104.xml,False claims of staged deaths surge in Israel-Gaza war,"People on both sides have wrongly claimed deaths were faked, as experts warn it harms hopes for peace.",2026-02-19T08:24:42+00:00,200,,1,5,israel|gaza
BBC,bbc.com,https://www.bbc.com/news/world-middle-east-67635735,2023-12-21T00:19:45Z,2026-02-19T08:08:24+00:00,67635735,bbc_xml_sitemap,https://www.bbc.com/sitemaps/https-sitemap-com-archive-104.xml,Israel Gaza: 'I walked my kids past explosions and rotting corpses',"BBC Arabic’s Jehad El-Mashhrawi documents fatigue, hunger and climbing over corpses as he fled north Gaza.",2026-02-19T08:24:45+00:00,200,,1,8,israel|gaza|pa|plo|un
BBC,bbc.com,https://www.bbc.com/news/world-middle-east-67744250,2023-12-21T06:44:53Z,2026-02-19T08:08:24+00:00,67744250,bbc_xml_sitemap,https://www.bbc.com/sitemaps/https-sitemap-com-archive-104.xml,Chaotic scenes as people run after lorries carrying aid in Gaza,The vehicles carrying aid through the city of Rafah in Gaza are being mobbed by crowds.,2026-02-19T08:24:46+00:00,200,,1,6,gaza|rafah|un
BBC,bbc.com,https://www.bbc.com/news/world-middle-east-67746432,2023-12-18T16:50:58Z,2026-02-19T08:08:24+00:00,67746432,bbc_xml_sitemap,https://www.bbc.com/sitemaps/https-sitemap-com-archive-104.xml,"Gazans trapped in church fear being shot, says relative","Two women were killed inside the Holy Family Church by sniper fire, a top Catholic cleric says.",2026-02-19T08:24:47+00:00,200,,1,2,gaza
BBC,bbc.com,https://www.bbc.com/news/world-middle-east-67644334,2023-12-06T21:50:58Z,2026-02-19T08:08:24+00:00,67644334,bbc_xml_sitemap,https://www.bbc.com/sitemaps/https-sitemap-com-archive-104.xml,'I'm helpless' - Gaza doctor tells of desperate situation,"Dr Ahmed Moghrabi told the BBC there's a scarcity of food, water, medicine and he cannot operate on patients.",2026-02-19T08:24:48+00:00,200,,1,3,gaza|pa
BBC,bbc.com,https://www.bbc.com/news/world-middle-east-67699508,2023-12-13T03:32:50Z,2026-02-19T08:08:24+00:00,67699508,bbc_xml_sitemap,https://www.bbc.com/sitemaps/https-sitemap-com-archive-104.xml,Israel Gaza: UN General Assembly demands immediate ceasefire,"A non-binding resolution is backed by 153 states, with the US and Israel among 10 voting against.",2026-02-19T08:24:49+00:00,200,,1,7,israel|gaza|ceasefire|un
BBC,bbc.com,https://www.bbc.com/news/world-middle-east-67755515,2023-12-18T18:45:01Z,2026-02-19T08:08:24+00:00,67755515,bbc_xml_sitemap,https://www.bbc.com/sitemaps/https-sitemap-com-archive-104.xml,Woman kidnapped by Hamas says she was 'shown off like a trophy',Yarden Roman-Gat was abducted from Kibbutz Be'eri and brought to Gaza during Hamas's 7 October attack.,2026-02-19T08:24:50+00:00,200,,1,5,gaza|hamas
BBC,bbc.com,https://www.bbc.com/news/world-middle-east-67752611,2023-12-18T22:04:48Z,2026-02-19T08:08:24+00:00,67752611,bbc_xml_sitemap,https://www.bbc.com/sitemaps/https-sitemap-com-archive-104.xml,Israel Gaza: Hamas releases video showing three elderly Israeli hostages,"About 120 hostages are believed to still be in captivity in Gaza, held by Hamas and allied groups.",2026-02-19T08:24:51+00:00,200,,1,13,israel|israeli|gaza|hamas|hostage|hostages
BBC,bbc.com,https://www.bbc.com/news/world-middle-east-67708700,2023-12-13T21:14:10Z,2026-02-19T08:08:24+00:00,67708700,bbc_xml_sitemap,https://www.bbc.com/sitemaps/https-sitemap-com-archive-104.xml,"Israel to continue Gaza war with or without international support, FM says",Eli Cohen's comments come a day after the UN General Assembly demanded an immediate ceasefire.,2026-02-19T08:24:52+00:00,200,,1,7,israel|gaza|ceasefire|un
BBC,bbc.com,https://www.bbc.com/news/world-middle-east-67824421,2023-12-26T20:32:30Z,2026-02-19T08:08:24+00:00,67824421,bbc_xml_sitemap,https://www.bbc.com/sitemaps/https-sitemap-com-archive-104.xml,"Israel-Gaza war will continue for months, IDF chief warns","There are no shortcuts in the fight against Hamas, the army chief insists as Israel pounds Gaza.",2026-02-19T08:24:52+00:00,200,,1,10,israel|gaza|hamas|idf|un
BBC,bbc.com,https://www.bbc.com/news/world-middle-east-67749557,2023-12-18T17:04:33Z,2026-02-19T08:08:24+00:00,67749557,bbc_xml_sitemap,https://www.bbc.com/sitemaps/https-sitemap-com-archive-104.xml,Gaza health ministry says Israeli strikes kill 110 in Jabalia,Hamas-run authorities report that the deadliest attack targeted three homes in the refugee camp.,2026-02-19T08:24:53+00:00,200,,1,12,israel|israeli|gaza|jabalia|hamas|strike|un
BBC,bbc.com,https://www.bbc.com/news/world-middle-east-67754837,2023-12-18T17:30:36Z,2026-02-19T08:08:24+00:00,67754837,bbc_xml_sitemap,https://www.bbc.com/sitemaps/https-sitemap-com-archive-104.xml,Footage shows inside of 'biggest ever' Gaza tunnel,The Israeli military has shown journalists what it says is the largest ever Hamas tunnel it has found in Gaza.,2026-02-19T08:24:54+00:00,200,,1,11,israel|israeli|gaza|hamas|israeli military|un
BBC,bbc.com,https://www.bbc.com/news/world-middle-east-67891893,2024-01-06T12:37:17Z,2026-02-19T08:08:24+00:00,67891893,bbc_xml_sitemap,https://www.bbc.com/sitemaps/https-sitemap-com-archive-104.xml,Israel-Gaza war: The huge challenges facing Israel's 'day after' plan,Paul Adams examines the Gaza proposal - which is little more than a series of bullet points.,2026-02-19T08:24:55+00:00,200,,1,6,israel|gaza|pa
BBC,bbc.com,https://www.bbc.com/news/world-middle-east-67825385,2023-12-26T23:06:40Z,2026-02-19T08:08:24+00:00,67825385,bbc_xml_sitemap,https://www.bbc.com/sitemaps/https-sitemap-com-archive-104.xml,Israel Gaza: Drone shots show Palestinians buried in Rafah mass grave,Some 80 unidentified bodies handed over by Israel are lowered into a grave in southern Gaza.,2026-02-19T08:24:56+00:00,200,,1,11,israel|palestin|gaza|rafah|pa|un
BBC,bbc.com,https://www.bbc.com/news/world-middle-east-67695861,2023-12-13T16:07:47Z,2026-02-19T08:08:24+00:00,67695861,bbc_xml_sitemap,https://www.bbc.com/sitemaps/https-sitemap-com-archive-104.xml,Support for Hamas grows among Palestinians in West Bank,"Israel aims to destroy the group in Gaza, but its influence is spreading in the occupied West Bank.",2026-02-19T08:24:57+00:00,200,,1,12,israel|palestin|gaza|west bank|hamas|pa
BBC,bbc.com,https://www.bbc.com/news/world-middle-east-67873573,2024-01-03T12:58:35Z,2026-02-19T08:08:24+00:00,67873573,bbc_xml_sitemap,https://www.bbc.com/sitemaps/https-sitemap-com-archive-104.xml,Hamas deputy leader Saleh al-Arouri's assassination sparks wider war fears,Lyse Doucet assesses if Hezbollah and Hamas will retaliate after Saleh al-Arouri was killed in Lebanon.,2026-02-19T08:24:58+00:00,200,,1,6,hamas|pa|hezbollah
BBC,bbc.com,https://www.bbc.com/news/world-middle-east-67825465,2023-12-27T17:16:10Z,2026-02-19T08:08:24+00:00,67825465,bbc_xml_sitemap,https://www.bbc.com/sitemaps/https-sitemap-com-archive-104.xml,Israel expanding ground offensive into central Gaza refugee camps,"The Palestinian president condemns the war, as Israel says it will last ""many more months"".",2026-02-19T08:24:59+00:00,200,,1,10,israel|palestin|gaza|pa|ground offensive|un
BBC,bbc.com,https://www.bbc.com/news/world-middle-east-67907336,2024-01-08T08:14:20Z,2026-02-19T08:08:24+00:00,67907336,bbc_xml_sitemap,https://www.bbc.com/sitemaps/https-sitemap-com-archive-104.xml,Palestinians must be able to stay in Gaza - Blinken,The US secretary of state criticises Israeli ministers calling for the resettlement of Gazans.,2026-02-19T08:25:01+00:00,200,,1,12,israel|israeli|palestin|gaza|pa|settlement
BBC,bbc.com,https://www.bbc.com/news/world-middle-east-67829186,2023-12-27T15:17:56Z,2026-02-19T08:08:24+00:00,67829186,bbc_xml_sitemap,https://www.bbc.com/sitemaps/https-sitemap-com-archive-104.xml,Israel Gaza: Drone shots show Palestinians buried in Rafah mass grave,Some 80 unidentified bodies handed over by Israel are lowered into a grave in southern Gaza.,2026-02-19T08:25:02+00:00,200,,1,11,israel|palestin|gaza|rafah|pa|un
BBC,bbc.com,https://www.bbc.com/news/world-middle-east-67836338,2023-12-28T19:26:47Z,2026-02-19T08:08:24+00:00,67836338,bbc_xml_sitemap,https://www.bbc.com/sitemaps/https-sitemap-com-archive-104.xml,Judi Haggai: US-Canadian confirmed killed by Hamas,"Her body is in Gaza, where her family had thought she was being held hostage, her kibbutz says.",2026-02-19T08:25:05+00:00,200,,1,7,gaza|hamas|hostage
BBC,bbc.com,https://www.bbc.com/news/world-middle-east-67836274,2023-12-28T23:02:30Z,2026-02-19T08:08:24+00:00,67836274,bbc_xml_sitemap,https://www.bbc.com/sitemaps/https-sitemap-com-archive-104.xml,Gaza: Rafah hospital in chaos after nearby Israeli air strike,Rafah's Kuwait Hospital was overwhelmed after people were injured by an airstrike on a building close-by.,2026-02-19T08:25:06+00:00,200,,1,12,israel|israeli|gaza|rafah|airstrike|air strike|strike
BBC,bbc.com,https://www.bbc.com/news/world-middle-east-67904259,2024-01-07T12:51:22Z,2026-02-19T08:08:24+00:00,67904259,bbc_xml_sitemap,https://www.bbc.com/sitemaps/https-sitemap-com-archive-104.xml,"Hamas command in north Gaza destroyed, Israel says","Three months into the Gaza war, the militants are ""without commanders"" in the area, the IDF says.",2026-02-19T08:25:07+00:00,200,,1,9,israel|gaza|hamas|idf
BBC,bbc.com,https://www.bbc.com/news/world-middle-east-67875508,2024-01-03T20:47:45Z,2026-02-19T08:08:24+00:00,67875508,bbc_xml_sitemap,https://www.bbc.com/sitemaps/https-sitemap-com-archive-104.xml,"Saleh al-Arouri: Hamas leader's death 'won't go unpunished', says Hezbollah chief",The head of Lebanon's largest military force says the death of Saleh al-Arouri will be avenged.,2026-02-19T08:25:08+00:00,200,,1,6,hamas|hezbollah|un
BBC,bbc.com,https://www.bbc.com/news/world-middle-east-67834432,2023-12-29T04:36:12Z,2026-02-19T08:08:24+00:00,67834432,bbc_xml_sitemap,https://www.bbc.com/sitemaps/https-sitemap-com-archive-104.xml,Thousands of Palestinians flee central Gaza as Israeli troops advance,Israeli tanks reportedly reach the outskirts of Bureij refugee camp as the ground offensive expands.,2026-02-19T08:25:09+00:00,200,,1,12,israel|israeli|palestin|gaza|pa|ground offensive|un
BBC,bbc.com,https://www.bbc.com/news/world-middle-east-67911825,2024-01-08T21:17:37Z,2026-02-19T08:08:24+00:00,67911825,bbc_xml_sitemap,https://www.bbc.com/sitemaps/https-sitemap-com-archive-104.xml,Antony Blinken: On the US mission to stop Gaza igniting wider war,The US secretary of state wants to prevent the war escalating but the cauldron of tensions could boil over.,2026-02-19T08:25:09+00:00,200,,1,2,gaza
BBC,bbc.com,https://www.bbc.com/news/world-middle-east-67893122,2024-01-07T09:30:05Z,2026-02-19T08:08:24+00:00,67893122,bbc_xml_sitemap,https://www.bbc.com/sitemaps/https-sitemap-com-archive-104.xml,Israel-Palestinian bitterness deepened by Hamas attack and war,Both Israelis and Palestinians believe the world does not understand their pain and suffering.,2026-02-19T08:25:10+00:00,200,,1,11,israel|israeli|palestin|hamas|pa|un
BBC,bbc.com,https://www.bbc.com/news/world-middle-east-67844374,2023-12-29T18:20:27Z,2026-02-19T08:08:24+00:00,67844374,bbc_xml_sitemap,https://www.bbc.com/sitemaps/https-sitemap-com-archive-104.xml,Israel Gaza: Palestinian girl shows bombed remains of house next door,"Nadin, who has already fled once, shows destroyed beds and pillows in the rubble after a deadly Israeli strike.",2026-02-19T08:25:11+00:00,200,,1,11,israel|israeli|palestin|gaza|pa|strike
BBC,bbc.com,https://www.bbc.com/news/world-middle-east-67843832,2023-12-29T21:26:21Z,2026-02-19T08:08:24+00:00,67843832,bbc_xml_sitemap,https://www.bbc.com/sitemaps/https-sitemap-com-archive-104.xml,Gaza: Baby pulled alive from rubble after Israeli air strike on Rafah,"Rescuers clear rubble with their hands to release the girl, before running with her to hospital.",2026-02-19T08:25:12+00:00,200,,1,12,israel|israeli|gaza|rafah|air strike|strike|un
BBC,bbc.com,https://www.bbc.com/news/world-middle-east-67905566,2024-01-08T09:54:19Z,2026-02-19T08:08:24+00:00,67905566,bbc_xml_sitemap,https://www.bbc.com/sitemaps/https-sitemap-com-archive-104.xml,Al Jazeera bureau chief's son Hamza al-Dahdouh among journalists killed in Gaza,Hamza al-Dahdouh was with colleagues when their car was reportedly hit in an Israeli air strike .,2026-02-19T08:25:14+00:00,200,,1,9,israel|israeli|gaza|air strike|strike
BBC,bbc.com,https://www.bbc.com/news/world-middle-east-67888794,2024-01-05T14:59:22Z,2026-02-19T08:08:24+00:00,67888794,bbc_xml_sitemap,https://www.bbc.com/sitemaps/https-sitemap-com-archive-104.xml,Israeli minister outlines plans for Gaza after war,The plans are unveiled by the defence minister as fighting rages on in the Palestinian territory.,2026-02-19T08:25:15+00:00,200,,1,11,israel|israeli|palestin|gaza|pa|un
BBC,bbc.com,https://www.bbc.com/news/world-middle-east-67849224,2023-12-30T21:24:54Z,2026-02-19T08:08:24+00:00,67849224,bbc_xml_sitemap,https://www.bbc.com/sitemaps/https-sitemap-com-archive-104.xml,"Israel-Gaza war: Displaced Gazans 'living in the open', UN says","The southern city of Rafah saw an influx of 100,000 people seeking shelter in recent days, officials say.",2026-02-19T08:25:15+00:00,200,,1,8,israel|gaza|rafah|un
BBC,bbc.com,https://www.bbc.com/news/world-middle-east-67854246,2023-12-31T17:54:46Z,2026-02-19T08:08:24+00:00,67854246,bbc_xml_sitemap,https://www.bbc.com/sitemaps/https-sitemap-com-archive-104.xml,Young Gazans hope for peace in new year as war with Israel goes on,Young Palestinians tell the BBC they want a return to peace and normality in 2024.,2026-02-19T08:25:16+00:00,200,,1,9,israel|palestin|gaza|pa|un
BBC,bbc.com,https://www.bbc.com/news/world-middle-east-67855117,2024-01-01T21:47:21Z,2026-02-19T08:08:24+00:00,67855117,bbc_xml_sitemap,https://www.bbc.com/sitemaps/https-sitemap-com-archive-104.xml,Israel says war in Gaza expected to continue throughout 2024,"In a new year message, Israel's military says it expects fighting in Gaza for the rest of the year.",2026-02-19T08:25:18+00:00,200,,1,5,israel|gaza
BBC,bbc.com,https://www.bbc.com/news/world-middle-east-67914727,2024-01-08T17:03:48Z,2026-02-19T08:08:24+00:00,67914727,bbc_xml_sitemap,https://www.bbc.com/sitemaps/https-sitemap-com-archive-104.xml,Suspected Israeli strike in Lebanon kills senior Hezbollah commander,"Hezbollah confirmed the death of Wissam Tawil, marking a further escalation of tensions with Israel.",2026-02-19T08:25:19+00:00,200,,1,8,israel|israeli|hezbollah|strike
BBC,bbc.com,https://www.bbc.com/news/world-middle-east-67859177,2024-01-01T19:47:58Z,2026-02-19T08:08:24+00:00,67859177,bbc_xml_sitemap,https://www.bbc.com/sitemaps/https-sitemap-com-archive-104.xml,Israel Supreme Court strikes down judicial reforms,The controversial plans triggered nationwide protests last year against Benjamin Netanyahu's government.,2026-02-19T08:25:20+00:00,200,,1,3,israel|strike
BBC,bbc.com,https://www.bbc.com/news/world-middle-east-67897056,2024-01-05T19:47:12Z,2026-02-19T08:08:24+00:00,67897056,bbc_xml_sitemap,https://www.bbc.com/sitemaps/https-sitemap-com-archive-104.xml,Israel: Nova festival survivor returns to site of massacre,People left flowers and lit candles to remember victims and hostages that are still being held by Hamas.,2026-02-19T08:25:21+00:00,200,,1,9,israel|hamas|hostage|hostages
BBC,bbc.com,https://www.bbc.com/news/world-middle-east-67921167,2024-01-09T10:39:35Z,2026-02-19T08:08:24+00:00,67921167,bbc_xml_sitemap,https://www.bbc.com/sitemaps/https-sitemap-com-archive-104.xml,'I cannot sleep in peace' - Israelis fearful as Hezbollah tensions soar,"As fighting spirals, Israelis living near Lebanon worry about a full-scale attack by Hezbollah.",2026-02-19T08:25:22+00:00,200,,1,7,israel|israeli|hezbollah
BBC,bbc.com,https://www.bbc.com/news/world-middle-east-67952302,2024-01-14T08:15:40Z,2026-02-19T08:08:24+00:00,67952302,bbc_xml_sitemap,https://www.bbc.com/sitemaps/https-sitemap-com-archive-104.xml,'This is my home’ – a 13-year-old's life in ruins,"Nadin Abdullatif moved home three times since the war began, and an Israeli air strike killed her brother.",2026-02-19T08:25:23+00:00,200,,1,7,israel|israeli|air strike|strike
BBC,bbc.com,https://www.bbc.com/news/world-middle-east-67866342,2024-01-02T18:02:44Z,2026-02-19T08:08:24+00:00,67866342,bbc_xml_sitemap,https://www.bbc.com/sitemaps/https-sitemap-com-archive-104.xml,Israel to fight South Africa's Gaza genocide claim in court,"South Africa accused Israel of committing genocide in Gaza, triggering Israeli outrage.",2026-02-19T08:25:24+00:00,200,,1,8,israel|israeli|gaza|genocide
BBC,bbc.com,https://www.bbc.com/news/world-middle-east-67771533,2023-12-20T13:28:19Z,2026-02-19T08:08:24+00:00,67771533,bbc_xml_sitemap,https://www.bbc.com/sitemaps/https-sitemap-com-archive-104.xml,Talks on new pause in Gaza war gain urgency as Hamas chief visits Cairo,Hamas's leader is in Egypt to discuss a potential deal that could see more Israeli hostages released.,2026-02-19T08:25:24+00:00,200,,1,14,israel|israeli|gaza|hamas|pa|hostage|hostages
BBC,bbc.com,https://www.bbc.com/news/world-middle-east-67987097,2024-01-15T21:55:26Z,2026-02-19T08:08:24+00:00,67987097,bbc_xml_sitemap,https://www.bbc.com/sitemaps/https-sitemap-com-archive-104.xml,Israel Gaza war: Hamas video claims to show dead hostages,"The militants say the two men were killed in air strikes on Gaza, an allegation denied by Israel.",2026-02-19T08:25:26+00:00,200,,1,13,israel|gaza|hamas|air strike|strike|hostage|hostages
BBC,bbc.com,https://www.bbc.com/news/world-middle-east-67922238,2024-01-09T14:11:11Z,2026-02-19T08:08:24+00:00,67922238,bbc_xml_sitemap,https://www.bbc.com/sitemaps/https-sitemap-com-archive-104.xml,Saudi Arabia interested in Israel normalisation deal after war,The Saudi ambassador to the UK says any agreement must lead to the creation of a Palestinian state.,2026-02-19T08:25:27+00:00,200,,1,6,israel|palestin|pa
BBC,bbc.com,https://www.bbc.com/news/world-middle-east-67972962,2024-01-14T14:21:16Z,2026-02-19T08:08:24+00:00,67972962,bbc_xml_sitemap,https://www.bbc.com/sitemaps/https-sitemap-com-archive-104.xml,"100 days since Hamas attacked Israel, triggering war in Gaza",Thousands of Israelis gathered in Tel Aviv to mark 100 days since the start of the unprecedented war against Hamas.,2026-02-19T08:25:28+00:00,200,,1,11,israel|israeli|gaza|tel aviv|hamas|un
BBC,bbc.com,https://www.bbc.com/news/world-middle-east-67932725,2024-01-11T04:15:37Z,2026-02-19T08:08:24+00:00,67932725,bbc_xml_sitemap,https://www.bbc.com/sitemaps/https-sitemap-com-archive-104.xml,US and UK hint at military action after largest Houthi attack in Red Sea,"The allies warn of ""consequences"" after 21 drones and missiles were launched by the Iran-based group.",2026-02-19T08:25:30+00:00,200,,1,2,missile|un
BBC,bbc.com,https://www.bbc.com/news/world-middle-east-67929397,2024-01-11T13:22:14Z,2026-02-19T08:08:24+00:00,67929397,bbc_xml_sitemap,https://www.bbc.com/sitemaps/https-sitemap-com-archive-104.xml,'Deep concern' for patients and staff at Gaza's al-Aqsa hospital,"Three UK doctors who worked at al-Aqsa hospital warn of a ""disaster"" as fighting nearby intensifies.",2026-02-19T08:25:32+00:00,200,,1,3,gaza|pa
BBC,bbc.com,https://www.bbc.com/news/world-middle-east-67978143,2024-01-15T06:36:46Z,2026-02-19T08:08:24+00:00,67978143,bbc_xml_sitemap,https://www.bbc.com/sitemaps/https-sitemap-com-archive-104.xml,Yemen: US shoots down missile from Houthi-run area fired towards warship,A fighter jet downs the missile from a Houthi-run area following US-UK strikes in Yemen.,2026-02-19T08:25:35+00:00,200,,0,3,strike|missile|un
BBC,bbc.com,https://www.bbc.com/news/world-middle-east-67942983,2024-01-11T19:21:25Z,2026-02-19T08:08:24+00:00,67942983,bbc_xml_sitemap,https://www.bbc.com/sitemaps/https-sitemap-com-archive-104.xml,"Israel officials support Gaza destruction, court hears",South African lawyers present their case on the first day of a hearing at the UN's top court.,2026-02-19T08:25:37+00:00,200,,1,6,israel|gaza|un
BBC,bbc.com,https://www.bbc.com/news/world-middle-east-67977694,2024-01-15T04:52:29Z,2026-02-19T08:08:24+00:00,67977694,bbc_xml_sitemap,https://www.bbc.com/sitemaps/https-sitemap-com-archive-104.xml,Drone video shows Gaza destruction after 100 days of war,Drone shots taken in Gaza show the extent of destruction in the enclave after 100 days of war.,2026-02-19T08:25:38+00:00,200,,1,2,gaza
BBC,bbc.com,https://www.bbc.com/news/world-middle-east-67952301,2024-01-11T17:53:08Z,2026-02-19T08:08:24+00:00,67952301,bbc_xml_sitemap,https://www.bbc.com/sitemaps/https-sitemap-com-archive-104.xml,'This is my home’ – a 13-year-old vlogger's life in Gaza,"Nadin Abdullatif moved home three times since the war began, and an Israeli air strike killed her brother.",2026-02-19T08:25:42+00:00,200,,1,9,israel|israeli|gaza|air strike|strike
BBC,bbc.com,https://www.bbc.com/news/world-middle-east-67951657,2024-01-11T18:03:31Z,2026-02-19T08:08:24+00:00,67951657,bbc_xml_sitemap,https://www.bbc.com/sitemaps/https-sitemap-com-archive-104.xml,"'Israel has genocidal intent in Gaza', says lawyer representing South Africa",The claims were made as South Africa presented its case against Israel at the International Court of Justice.,2026-02-19T08:25:43+00:00,200,,1,5,israel|gaza
BBC,bbc.com,https://www.bbc.com/news/world-middle-east-67989193,2024-01-16T12:45:22Z,2026-02-19T08:08:24+00:00,67989193,bbc_xml_sitemap,https://www.bbc.com/sitemaps/https-sitemap-com-archive-104.xml,US condemns Iran for 'reckless' missile strikes on northern Iraq,"Iran says it launched missiles at Israeli ""spy headquarters"" in the northern Iraqi city of Irbil.",2026-02-19T08:25:45+00:00,200,,1,8,israel|israeli|strike|missile|un
BBC,bbc.com,https://www.bbc.com/news/world-middle-east-67944903,2024-01-12T16:34:57Z,2026-02-19T08:08:24+00:00,67944903,bbc_xml_sitemap,https://www.bbc.com/sitemaps/https-sitemap-com-archive-104.xml,Israel says South Africa distorting the truth in ICJ genocide case,Its lawyers rebuff South Africa's accusations while defending actions in Gaza at the UN's top court.,2026-02-19T08:25:46+00:00,200,,1,9,israel|gaza|un|icj|genocide
BBC,bbc.com,https://www.bbc.com/news/world-middle-east-67946441,2024-01-11T20:49:16Z,2026-02-19T08:08:24+00:00,67946441,bbc_xml_sitemap,https://www.bbc.com/sitemaps/https-sitemap-com-archive-104.xml,Gaza journalists’ families reject Israeli military's ‘terrorist’ claims,An Al Jazeera journalist and a freelancer were killed in an Israeli air strike in Rafah on Sunday.,2026-02-19T08:25:48+00:00,200,,1,13,israel|israeli|gaza|rafah|israeli military|air strike|strike|un
BBC,bbc.com,https://www.bbc.com/news/world-middle-east-67958260,2024-01-15T00:19:44Z,2026-02-19T08:08:24+00:00,67958260,bbc_xml_sitemap,https://www.bbc.com/sitemaps/https-sitemap-com-archive-104.xml,They were Israel's 'eyes on the border' - but their Hamas warnings went unheard,A unit of young female soldiers warned of a big attack. They were among the first Hamas killed on 7 October.,2026-02-19T08:25:49+00:00,200,,1,6,israel|hamas|un
BBC,bbc.com,https://www.bbc.com/news/world-middle-east-67949952,2024-01-13T00:02:05Z,2026-02-19T08:08:24+00:00,67949952,bbc_xml_sitemap,https://www.bbc.com/sitemaps/https-sitemap-com-archive-104.xml,Tough choices for Israel in US's Middle East vision,The US plan sees diplomatic normalisation with Arab neighbours if Israel ends its offensive.,2026-02-19T08:25:54+00:00,200,,1,3,israel|plo
BBC,bbc.com,https://www.bbc.com/news/world-middle-east-67983624,2024-01-15T19:31:39Z,2026-02-19T08:08:24+00:00,67983624,bbc_xml_sitemap,https://www.bbc.com/sitemaps/https-sitemap-com-archive-104.xml,"Israel: Woman killed, 17 hurt in suspected Palestinian car-ramming attack",Two Palestinians are arrested after several cars are used in what police say was a terrorist attack.,2026-02-19T08:25:56+00:00,200,,1,6,israel|palestin|pa
BBC,bbc.com,https://www.bbc.com/news/world-middle-east-67955835,2024-01-12T08:24:32Z,2026-02-19T08:08:24+00:00,67955835,bbc_xml_sitemap,https://www.bbc.com/sitemaps/https-sitemap-com-archive-104.xml,Watch: Fighter jets strike targets in Yemen,Footage from UK and US authorities shows jets launch from Cyprus and a Red Sea carrier.,2026-02-19T08:25:57+00:00,200,,0,2,strike|un
BBC,bbc.com,https://www.bbc.com/news/world-middle-east-67955729,2024-01-12T13:13:32Z,2026-02-19T08:08:24+00:00,67955729,bbc_xml_sitemap,https://www.bbc.com/sitemaps/https-sitemap-com-archive-104.xml,Strikes on Houthi targets in Yemen show war in Gaza has already spread,"War spreading in the Middle East is not just a risk - it has already happened, writes the BBC's international editor.",2026-02-19T08:25:59+00:00,200,,1,3,gaza|strike
BBC,bbc.com,https://www.bbc.com/news/world-middle-east-67614911,2025-03-25T18:05:07Z,2026-02-19T08:08:24+00:00,67614911,bbc_xml_sitemap,https://www.bbc.com/sitemaps/https-sitemap-com-archive-104.xml,Who are the Houthis and why is the US targeting them?,The US administration has been shaken after it emerged plans for air strikes against the group were inadvertently shared with a journalist.,2026-02-19T08:26:02+00:00,200,,0,2,air strike|strike
BBC,bbc.com,https://www.bbc.com/news/world-middle-east-67962302,2024-01-12T20:59:40Z,2026-02-19T08:08:24+00:00,67962302,bbc_xml_sitemap,https://www.bbc.com/sitemaps/https-sitemap-com-archive-104.xml,South Africa's genocide case against Israel: Both sides play heavy on emotion in ICJ hearing,"After two days of legal argument, judges must now rule on whether Israel is committing genocide in Gaza.",2026-02-19T08:26:04+00:00,200,,1,8,israel|gaza|icj|genocide
BBC,bbc.com,https://www.bbc.com/news/world-middle-east-67962769,2024-01-12T22:39:35Z,2026-02-19T08:08:24+00:00,67962769,bbc_xml_sitemap,https://www.bbc.com/sitemaps/https-sitemap-com-archive-104.xml,US will respond if Houthis continue attacks - Biden,The Yemeni group says Friday's airstrikes mean US and UK interests are now legitimate targets.,2026-02-19T08:26:06+00:00,200,,1,2,airstrike|strike
BBC,bbc.com,https://www.bbc.com/news/world-middle-east-67968533,2024-01-13T18:24:33Z,2026-02-19T08:08:24+00:00,67968533,bbc_xml_sitemap,https://www.bbc.com/sitemaps/https-sitemap-com-archive-104.xml,Israel strikes southern Gaza city swollen with displaced people,"Ten people in a Rafah house sheltering displaced people were killed, the Hamas-run health ministry says.",2026-02-19T08:26:08+00:00,200,,1,11,israel|gaza|rafah|hamas|strike|un
BBC,bbc.com,https://www.bbc.com/news/world-middle-east-68035744,2024-01-19T23:17:26Z,2026-02-19T08:08:24+00:00,68035744,bbc_xml_sitemap,https://www.bbc.com/sitemaps/https-sitemap-com-archive-104.xml,Eisenkot: Key Israeli war leader challenges Netanyahu over Gaza strategy,"Gadi Eisenkot condemns the prime minister, who insists Israel's offensive will go on until ""complete victory"".",2026-02-19T08:26:09+00:00,200,,1,8,israel|israeli|gaza|un
BBC,bbc.com,https://www.bbc.com/news/world-middle-east-67991427,2024-01-16T17:35:52Z,2026-02-19T08:08:24+00:00,67991427,bbc_xml_sitemap,https://www.bbc.com/sitemaps/https-sitemap-com-archive-104.xml,Mother of killed Israeli calls Hamas videos 'psychological warfare',Iris Haim wants the world to know her son died a free person.,2026-02-19T08:26:10+00:00,200,,1,7,israel|israeli|hamas
BBC,bbc.com,https://www.bbc.com/news/world-middle-east-68045247,2024-01-21T09:08:29Z,2026-02-19T08:08:24+00:00,68045247,bbc_xml_sitemap,https://www.bbc.com/sitemaps/https-sitemap-com-archive-104.xml,Israel-Gaza: Netanyahu defies Biden over Palestinian state,The comments deepen a rift with the US which believes a two-state solution is vital for long-term stability.,2026-02-19T08:26:15+00:00,200,,1,10,israel|palestin|gaza|pa|two-state
BBC,bbc.com,https://www.bbc.com/news/world-middle-east-68034722,2024-01-21T07:28:47Z,2026-02-19T08:08:24+00:00,68034722,bbc_xml_sitemap,https://www.bbc.com/sitemaps/https-sitemap-com-archive-104.xml,Jerusalem: Armenian Christians fight controversial land deal,Armenian Christians are trying to block a deal to redevelop their part of the holy city.,2026-02-19T08:26:16+00:00,200,,1,6,jerusalem|jerusalem|pa
BBC,bbc.com,https://www.bbc.com/news/world-middle-east-68034128,2024-01-20T07:21:50Z,2026-02-19T08:08:24+00:00,68034128,bbc_xml_sitemap,https://www.bbc.com/sitemaps/https-sitemap-com-archive-104.xml,Palestinians tell of fears for the future as war destroys Gaza,"Palestinians in Gaza scramble to survive Israeli attacks and secure basics as they fear a return to Hamas rule, too.",2026-02-19T08:26:17+00:00,200,,1,12,israel|israeli|palestin|gaza|hamas|pa
BBC,bbc.com,https://www.bbc.com/news/world-middle-east-68040493,2024-01-20T20:20:28Z,2026-02-19T08:08:24+00:00,68040493,bbc_xml_sitemap,https://www.bbc.com/sitemaps/https-sitemap-com-archive-104.xml,Iran warns air strike on Syria will not go unanswered,Iran's president blames Israel for the strike in the Syrian capital which killed five senior advisers.,2026-02-19T08:26:18+00:00,200,,1,5,israel|air strike|strike|un
BBC,bbc.com,https://www.bbc.com/news/world-middle-east-68004451,2024-01-17T14:28:33Z,2026-02-19T08:08:24+00:00,68004451,bbc_xml_sitemap,https://www.bbc.com/sitemaps/https-sitemap-com-archive-104.xml,Iran demonstrates missile capabilities with regional strikes,"Jiyar Gol analyses the message Iran is seeking to send with its strikes in Iraq, Syria and Pakistan.",2026-02-19T08:26:20+00:00,200,,1,3,pa|strike|missile
BBC,bbc.com,https://www.bbc.com/news/world-middle-east-68006126,2024-01-17T17:43:50Z,2026-02-19T08:08:24+00:00,68006126,bbc_xml_sitemap,https://www.bbc.com/sitemaps/https-sitemap-com-archive-104.xml,West Bank strike: Israel accused of targeting civilians in deadly attack,"The IDF says the strike hit a “terrorist squad”, but witnesses tell the BBC the group posed no threat.",2026-02-19T08:26:21+00:00,200,,1,8,israel|west bank|idf|strike
BBC,bbc.com,https://www.bbc.com/news/world-middle-east-68017376,2024-01-18T12:17:35Z,2026-02-19T08:08:24+00:00,68017376,bbc_xml_sitemap,https://www.bbc.com/sitemaps/https-sitemap-com-archive-104.xml,Suspected Jordanian air strikes in southern Syria kill 10 - activists,Jordan is thought to have targeted suspected drug smugglers in a number of strikes in the past year.,2026-02-19T08:26:22+00:00,200,,0,3,pa|air strike|strike
BBC,bbc.com,https://www.bbc.com/news/world-middle-east-68018676,2024-01-18T12:31:04Z,2026-02-19T08:08:24+00:00,68018676,bbc_xml_sitemap,https://www.bbc.com/sitemaps/https-sitemap-com-archive-104.xml,Video shows aftermath of Pakistan strike on Iran,"Footage shared on social media, and verified by the BBC, shows destroyed buildings in Saravan, Iran.",2026-02-19T08:26:22+00:00,200,,1,2,pa|strike
BBC,bbc.com,https://www.bbc.com/news/world-middle-east-68021483,2024-01-18T18:17:45Z,2026-02-19T08:08:24+00:00,68021483,bbc_xml_sitemap,https://www.bbc.com/sitemaps/https-sitemap-com-archive-104.xml,Why did Iran launch strikes on its allies' territory?,"Iranian attacks hit targets in Syria, Iraq and Pakistan over two days. Why, and why now?",2026-02-19T08:26:23+00:00,200,,1,3,pa|strike|un
BBC,bbc.com,https://www.bbc.com/news/world-middle-east-68025945,2024-01-19T07:18:56Z,2026-02-19T08:08:24+00:00,68025945,bbc_xml_sitemap,https://www.bbc.com/sitemaps/https-sitemap-com-archive-104.xml,Netanyahu publicly rejects US push for Palestinian state,The Israeli PM's rejection of Washington's efforts shows the growing disagreement between the two allies.,2026-02-19T08:26:24+00:00,200,,1,8,israel|israeli|palestin|pa
BBC,bbc.com,https://www.bbc.com/news/world-middle-east-68041490,2024-01-20T14:02:25Z,2026-02-19T08:08:24+00:00,68041490,bbc_xml_sitemap,https://www.bbc.com/sitemaps/https-sitemap-com-archive-104.xml,Air strike flattens building in Syrian capital,Footage shows the aftermath of an air strike in the Mezzeh area of Damascus.,2026-02-19T08:26:25+00:00,200,,0,2,air strike|strike
BBC,bbc.com,https://www.bbc.com/news/world-middle-east-68023080,2024-01-19T11:28:30Z,2026-02-19T08:08:24+00:00,68023080,bbc_xml_sitemap,https://www.bbc.com/sitemaps/https-sitemap-com-archive-104.xml,"Gaza destruction risks lost generation of children, says UN official",A senior United Nations official tells the BBC that civilians may have no choice but to leave entirely.,2026-02-19T08:26:26+00:00,200,,1,3,gaza|un
BBC,bbc.com,https://www.bbc.com/news/world-middle-east-68017051,2024-01-21T10:32:59Z,2026-02-19T08:08:24+00:00,68017051,bbc_xml_sitemap,https://www.bbc.com/sitemaps/https-sitemap-com-archive-104.xml,Understanding a week of missile strikes across Middle East,"From the Red Sea to Gaza to Iran, the past week has deepened fears of conflict spreading.",2026-02-19T08:26:27+00:00,200,,1,6,gaza|pa|strike|missile|un
BBC,bbc.com,https://www.bbc.com/news/world-middle-east-68033426,2024-01-19T17:54:09Z,2026-02-19T08:08:24+00:00,68033426,bbc_xml_sitemap,https://www.bbc.com/sitemaps/https-sitemap-com-archive-104.xml,Pakistan-Iran diplomatic ties restored after missile and drone strikes,"Ambassadors are expected to return to their posts in each other's countries, Pakistan's caretaker PM says.",2026-02-19T08:26:27+00:00,200,,1,5,pa|plo|strike|missile|un
BBC,bbc.com,https://www.bbc.com/news/world-middle-east-68045254,2024-01-21T00:44:13Z,2026-02-19T08:08:24+00:00,68045254,bbc_xml_sitemap,https://www.bbc.com/sitemaps/https-sitemap-com-archive-104.xml,US personnel injured in missile attack on Al Asad airbase in Iraq,"Missiles and rockets were fired at the airbase by an Iranian-backed militia, the US military says.",2026-02-19T08:26:28+00:00,200,,1,2,rocket|missile
BBC,bbc.com,https://www.bbc.com/news/world-middle-east-68050172,2024-01-21T18:53:53Z,2026-02-19T08:08:24+00:00,68050172,bbc_xml_sitemap,https://www.bbc.com/sitemaps/https-sitemap-com-archive-104.xml,"More than 25,000 now killed in Gaza since Israel offensive began, Hamas-run health ministry says",The grim milestone comes as Israel presses its war in Gaza and rejects calls for a Palestinian state.,2026-02-19T08:26:29+00:00,200,,1,11,israel|palestin|gaza|hamas|pa|un
BBC,bbc.com,https://www.bbc.com/news/world-middle-east-68053528,2024-01-23T00:23:53Z,2026-02-19T08:08:24+00:00,68053528,bbc_xml_sitemap,https://www.bbc.com/sitemaps/https-sitemap-com-archive-104.xml,Navy Seals presumed dead after anti-Houthi mission,The commandos were part of an operation to seize Iranian-made missile parts bound for Yemen.,2026-02-19T08:26:30+00:00,200,,1,3,pa|missile|un
BBC,bbc.com,https://www.bbc.com/news/world-middle-east-68054982,2024-01-22T12:16:47Z,2026-02-19T08:08:24+00:00,68054982,bbc_xml_sitemap,https://www.bbc.com/sitemaps/https-sitemap-com-archive-104.xml,Families of Israeli hostages storm Knesset parliament meeting,The group whose relatives are still in Gaza broke into a meeting inside Israel's parliament building.,2026-02-19T08:26:32+00:00,200,,1,12,israel|israeli|gaza|pa|hostage|hostages
BBC,bbc.com,https://www.bbc.com/news/world-middle-east-68059715,2024-01-26T00:03:52Z,2026-02-19T08:08:24+00:00,68059715,bbc_xml_sitemap,https://www.bbc.com/sitemaps/https-sitemap-com-archive-104.xml,Gaza war: ICJ to rule on call for Israel to stop military action,"The ICJ could order Israel to stop military action, in a high-profile case brought by South Africa.",2026-02-19T08:26:32+00:00,200,,1,7,israel|gaza|icj
BBC,bbc.com,https://www.bbc.com/news/world-middle-east-68059132,2024-01-23T17:07:32Z,2026-02-19T08:08:24+00:00,68059132,bbc_xml_sitemap,https://www.bbc.com/sitemaps/https-sitemap-com-archive-104.xml,'I go to sleep a dead man' - father's pain at daughter's captivity in Gaza,"Eli Albag is haunted by the ordeal of his daughter Liri, held hostage in Gaza, as he campaigns for more pressure on Qatar.",2026-02-19T08:26:34+00:00,200,,1,7,gaza|pa|hostage|un
BBC,bbc.com,https://www.bbc.com/news/world-middle-east-68065903,2024-01-23T19:59:49Z,2026-02-19T08:08:24+00:00,68065903,bbc_xml_sitemap,https://www.bbc.com/sitemaps/https-sitemap-com-archive-104.xml,Israel-Gaza war: IDF says 24 soldiers killed in Gaza in one day,Monday was the deadliest day for Israel since the start of its ground operation.,2026-02-19T08:26:34+00:00,200,,1,8,israel|gaza|idf|un
BBC,bbc.com,https://www.bbc.com/news/world-middle-east-68062245,2024-01-22T23:22:46Z,2026-02-19T08:08:24+00:00,68062245,bbc_xml_sitemap,https://www.bbc.com/sitemaps/https-sitemap-com-archive-104.xml,Explosions and flashes near Yemen's capital,The US and UK have conducted a fresh series of joint air strikes against eight Houthi targets in Yemen.,2026-02-19T08:26:35+00:00,200,,0,3,plo|air strike|strike
BBC,bbc.com,https://www.bbc.com/news/world-middle-east-67945137,2024-01-23T02:50:08Z,2026-02-19T08:08:24+00:00,67945137,bbc_xml_sitemap,https://www.bbc.com/sitemaps/https-sitemap-com-archive-104.xml,"UAE has funded political assassinations in Yemen, BBC finds","The United Arab Emirates has paid for the killing of its political enemies in Yemen, whistleblowers say.",2026-02-19T08:26:36+00:00,200,,0,2,pa|un
BBC,bbc.com,https://www.bbc.com/news/world-middle-east-68064422,2024-01-23T11:47:08Z,2026-02-19T08:08:24+00:00,68064422,bbc_xml_sitemap,https://www.bbc.com/sitemaps/https-sitemap-com-archive-104.xml,US and UK launch fresh strikes on Houthis in Yemen,"The second joint operation between the US and UK targets underground storage and missiles, they say.",2026-02-19T08:26:37+00:00,200,,0,3,strike|missile|un
BBC,bbc.com,https://www.bbc.com/news/world-middle-east-68078580,2024-01-25T08:30:27Z,2026-02-19T08:08:24+00:00,68078580,bbc_xml_sitemap,https://www.bbc.com/sitemaps/https-sitemap-com-archive-104.xml,Khan Younis: UN says 12 killed at Gaza shelter as fighting rages,"A UN agency says shells hit a college in Khan Younis, but Israel rules out a strike by its forces.",2026-02-19T08:26:39+00:00,200,,1,9,israel|gaza|khan younis|strike|shell|un
BBC,bbc.com,https://www.bbc.com/news/world-middle-east-68084402,2024-01-24T16:35:20Z,2026-02-19T08:08:24+00:00,68084402,bbc_xml_sitemap,https://www.bbc.com/sitemaps/https-sitemap-com-archive-104.xml,Mediators push for Gaza ceasefire deal but gaps remain between Israel and Hamas,"Indirect talks have brought no breakthrough, but neither Israel nor Hamas have abandoned them.",2026-02-19T08:26:41+00:00,200,,1,8,israel|gaza|hamas|ceasefire
BBC,bbc.com,https://www.bbc.com/news/world-middle-east-68113223,2024-01-26T19:09:55Z,2026-02-19T08:08:24+00:00,68113223,bbc_xml_sitemap,https://www.bbc.com/sitemaps/https-sitemap-com-archive-104.xml,Israel reined in by ICJ rulings on Gaza - but will it obey?,"The demands, if implemented, would drastically change the nature of Israel's Gaza campaign.",2026-02-19T08:26:42+00:00,200,,1,8,israel|gaza|pa|icj
BBC,bbc.com,https://www.bbc.com/news/world-middle-east-68103641,2024-01-26T14:35:36Z,2026-02-19T08:08:24+00:00,68103641,bbc_xml_sitemap,https://www.bbc.com/sitemaps/https-sitemap-com-archive-104.xml,Kerem Shalom crossing: Israeli protesters hold up aid trucks to Gaza,Israeli protesters stop a convoy of humanitarian aid trucks entering Gaza for third consecutive day.,2026-02-19T08:26:44+00:00,200,,1,9,israel|israeli|gaza|humanitarian|kerem shalom
BBC,bbc.com,https://www.bbc.com/news/world-middle-east-68108260,2024-01-26T16:54:33Z,2026-02-19T08:08:24+00:00,68108260,bbc_xml_sitemap,https://www.bbc.com/sitemaps/https-sitemap-com-archive-104.xml,ICJ says Israel must prevent genocide in Gaza,"But it stops short of ordering Israel to halt the war in Gaza, in a controversial case at The Hague.",2026-02-19T08:26:45+00:00,200,,1,8,israel|gaza|icj|genocide
BBC,bbc.com,https://www.bbc.com/news/world-middle-east-68104203,2024-01-27T20:54:20Z,2026-02-19T08:08:24+00:00,68104203,bbc_xml_sitemap,https://www.bbc.com/sitemaps/https-sitemap-com-archive-104.xml,UNRWA claims: UK halts aid to UN agency over allegation staff helped Hamas attack,"The UK government is ""appalled"" by allegations UNRWA staff were involved in 7 October attacks.",2026-02-19T08:26:46+00:00,200,,1,7,hamas|pa|un|unrwa
BBC,bbc.com,https://www.bbc.com/news/world-middle-east-68107844,2024-01-26T16:53:43Z,2026-02-19T08:08:24+00:00,68107844,bbc_xml_sitemap,https://www.bbc.com/sitemaps/https-sitemap-com-archive-104.xml,ICJ orders Israel to take all measures to prevent genocidal acts,The UN's top court's ruling stopped short of ordering Israel to immediately halt its operations in Gaza.,2026-02-19T08:26:47+00:00,200,,1,8,israel|gaza|un|icj
BBC,bbc.com,https://www.bbc.com/news/world-middle-east-68097993,2024-01-27T11:29:28Z,2026-02-19T08:08:24+00:00,68097993,bbc_xml_sitemap,https://www.bbc.com/sitemaps/https-sitemap-com-archive-104.xml,Huge push for Gaza aid - but little hope for those suffering,"There's a chasm between what Gaza needs and what it's receiving, writes Quentin Sommerville.",2026-02-19T08:26:48+00:00,200,,1,2,gaza
BBC,bbc.com,https://www.bbc.com/news/world-middle-east-68119268,2024-01-28T07:51:23Z,2026-02-19T08:08:24+00:00,68119268,bbc_xml_sitemap,https://www.bbc.com/sitemaps/https-sitemap-com-archive-104.xml,UNRWA claims: UN chief in aid plea after staff accused of helping Hamas in Israel attack,Countries pause funding for UNRWA over Israeli allegations its staff were involved in the Hamas attacks.,2026-02-19T08:26:49+00:00,200,,1,11,israel|israeli|hamas|pa|un|unrwa
BBC,bbc.com,https://www.bbc.com/news/world-middle-east-68116274,2024-01-27T09:45:43Z,2026-02-19T08:08:24+00:00,68116274,bbc_xml_sitemap,https://www.bbc.com/sitemaps/https-sitemap-com-archive-104.xml,Israel not meeting international obligation on aid - Qatar,Trucks carrying aid into Gaza continue to struggle to gain access to the enclave.,2026-02-19T08:26:49+00:00,200,,1,5,israel|gaza
BBC,bbc.com,https://www.bbc.com/news/world-middle-east-68123222,2024-01-28T14:45:08Z,2026-02-19T08:08:24+00:00,68123222,bbc_xml_sitemap,https://www.bbc.com/sitemaps/https-sitemap-com-archive-104.xml,UNRWA: Key UN Gaza aid agency runs into diplomatic storm,"UNRWA is a lifeline in Gaza, but several countries have paused aid over claims staff helped attack Israel.",2026-02-19T08:26:50+00:00,200,,1,10,israel|gaza|pa|plo|un|unrwa
BBC,bbc.com,https://www.bbc.com/news/world-middle-east-68133115,2024-01-29T23:53:54Z,2026-02-19T08:08:24+00:00,68133115,bbc_xml_sitemap,https://www.bbc.com/sitemaps/https-sitemap-com-archive-104.xml,Three US soldiers killed in Jordan attack named,"The US has blamed Iranian-backed groups and says the attack carried the ""footprints"" of Hezbollah.",2026-02-19T08:26:57+00:00,200,,1,2,hezbollah
BBC,bbc.com,https://www.bbc.com/news/world-middle-east-68127544,2024-01-29T21:30:01Z,2026-02-19T08:08:24+00:00,68127544,bbc_xml_sitemap,https://www.bbc.com/sitemaps/https-sitemap-com-archive-104.xml,UNRWA: Gaza aid agency says it is 'extremely desperate' after funding halted,More countries halt aid to UNRWA over the alleged role of some staff in the 7 October Hamas attacks.,2026-02-19T08:26:57+00:00,200,,1,8,gaza|hamas|un|unrwa
BBC,bbc.com,https://www.bbc.com/news/world-middle-east-67983018,2024-01-30T02:09:56Z,2026-02-19T08:08:24+00:00,67983018,bbc_xml_sitemap,https://www.bbc.com/sitemaps/https-sitemap-com-archive-104.xml,Israel-Gaza war: Counting the destruction of religious sites,Some of the world’s oldest churches and mosques have been completely destroyed in the conflict.,2026-02-19T08:26:58+00:00,200,,1,6,israel|gaza|un
BBC,bbc.com,https://www.bbc.com/news/world-middle-east-67922346,2024-05-24T12:25:48Z,2026-02-19T08:08:24+00:00,67922346,bbc_xml_sitemap,https://www.bbc.com/sitemaps/https-sitemap-com-archive-104.xml,What is South Africa’s genocide case against Israel at the ICJ?,The International Court of Justice is considering whether Israel is committing genocide in Gaza.,2026-02-19T08:26:59+00:00,200,,1,8,israel|gaza|icj|genocide
BBC,bbc.com,https://www.bbc.com/news/world-middle-east-68137050,2024-01-30T17:35:48Z,2026-02-19T08:08:24+00:00,68137050,bbc_xml_sitemap,https://www.bbc.com/sitemaps/https-sitemap-com-archive-104.xml,Israeli forces kill three Palestinian fighters in West Bank hospital raid,CCTV captures undercover forces disguised as medics and nurses in the hospital with weapons raised.,2026-02-19T08:27:00+00:00,200,,1,11,israel|israeli|palestin|west bank|pa|un
BBC,bbc.com,https://www.bbc.com/news/world-middle-east-68138209,2024-01-30T10:55:43Z,2026-02-19T08:08:24+00:00,68138209,bbc_xml_sitemap,https://www.bbc.com/sitemaps/https-sitemap-com-archive-104.xml,"Disguised Israeli forces raid West Bank hospital, killing three Palestinian fighters","Dressed as medics and civilians, an Israeli undercover unit shoots three men in West Bank hospital.",2026-02-19T08:27:01+00:00,200,,1,11,israel|israeli|palestin|west bank|pa|un
BBC,bbc.com,https://www.bbc.com/news/world-middle-east-67831478,2023-12-28T18:33:33Z,2026-02-19T08:08:24+00:00,67831478,bbc_xml_sitemap,https://www.bbc.com/sitemaps/https-sitemap-com-archive-104.xml,Israel Gaza war: Israel warns Hezbollah and Lebanon over border fighting,"""If the world and the Lebanese government don't act... the IDF will do it,"" says Israeli minister Benny Gantz.",2026-02-19T08:27:02+00:00,200,,1,11,israel|israeli|gaza|idf|hezbollah
BBC,bbc.com,https://www.bbc.com/news/world-middle-east-67965009,2024-01-12T20:57:43Z,2026-02-19T08:08:24+00:00,67965009,bbc_xml_sitemap,https://www.bbc.com/sitemaps/https-sitemap-com-archive-104.xml,"Medicine to be delivered to Gaza hostages under new agreement, says Israeli PM",Qatar has helped agree a deal between Israel and Hamas after families of hostages raised concerns.,2026-02-19T08:27:03+00:00,200,,1,14,israel|israeli|gaza|hamas|hostage|hostages|un
BBC,bbc.com,https://www.bbc.com/news/world-middle-east-68000227,2024-01-16T21:38:44Z,2026-02-19T08:08:24+00:00,68000227,bbc_xml_sitemap,https://www.bbc.com/sitemaps/https-sitemap-com-archive-104.xml,"Israel Gaza war: Deal reached on aid to Gaza, including to hostages","Under the deal, brokered by Qatar and France, new aid is to reach both Gaza civilians and Israeli hostages.",2026-02-19T08:27:04+00:00,200,,1,12,israel|israeli|gaza|hostage|hostages|un
BBC,bbc.com,https://www.bbc.com/news/world-middle-east-68138210,2024-01-30T15:58:29Z,2026-02-19T08:08:24+00:00,68138210,bbc_xml_sitemap,https://www.bbc.com/sitemaps/https-sitemap-com-archive-104.xml,Gaza university blown up in massive explosion,The Israel Defense Forces say the approval process for the blast at Israa University is now being investigated.,2026-02-19T08:27:04+00:00,200,,1,8,israel|gaza|israel defense forces|plo|un
BBC,bbc.com,https://www.bbc.com/news/world-middle-east-68006607,2024-01-30T17:23:48Z,2026-02-19T08:08:24+00:00,68006607,bbc_xml_sitemap,https://www.bbc.com/sitemaps/https-sitemap-com-archive-104.xml,"At least half of Gaza's buildings damaged or destroyed, new analysis shows","Satellite data reveals at least 144,000 hit since Israeli strikes began, and how south is now bearing the brunt.",2026-02-19T08:27:05+00:00,200,,1,9,israel|israeli|gaza|strike|un
BBC,bbc.com,https://www.bbc.com/news/world-middle-east-67884392,2024-01-04T20:39:03Z,2026-02-19T08:08:24+00:00,67884392,bbc_xml_sitemap,https://www.bbc.com/sitemaps/https-sitemap-com-archive-104.xml,Saleh al-Arouri: Thousands attend Hamas deputy leader's funeral in Beirut,"Al-Arouri, a deputy political leader of Hamas, was killed in an attack in Beirut on Tuesday.",2026-02-19T08:27:06+00:00,200,,1,3,hamas|un
BBC,bbc.com,https://www.bbc.com/news/world-middle-east-68141039,2024-01-31T06:00:55Z,2026-02-19T08:08:24+00:00,68141039,bbc_xml_sitemap,https://www.bbc.com/sitemaps/https-sitemap-com-archive-104.xml,"Injured, hungry and alone - the Gazan children orphaned by war","Some 19,000 children have been orphaned by the war, or have no adults to look after them, says the UN.",2026-02-19T08:27:07+00:00,200,,1,3,gaza|un
BBC,bbc.com,https://www.bbc.com/news/world-middle-east-67866346,2024-01-03T08:14:34Z,2026-02-19T08:08:24+00:00,67866346,bbc_xml_sitemap,https://www.bbc.com/sitemaps/https-sitemap-com-archive-104.xml,Hamas deputy leader Saleh al-Arouri killed in Beirut blast,Saleh al-Arouri is the most senior Hamas figure killed since the Israel-Hamas war began in October.,2026-02-19T08:27:08+00:00,200,,1,5,israel|hamas
BBC,bbc.com,https://www.bbc.com/news/world-middle-east-68091659,2024-01-25T17:52:09Z,2026-02-19T08:08:24+00:00,68091659,bbc_xml_sitemap,https://www.bbc.com/sitemaps/https-sitemap-com-archive-104.xml,Qatar 'appalled' by reported criticism from Israel's Netanyahu,"The Israeli PM was apparently recorded calling its role as a mediator in the Gaza war ""problematic"".",2026-02-19T08:27:10+00:00,200,,1,8,israel|israeli|gaza|pa
BBC,bbc.com,https://www.bbc.com/news/world-middle-east-67975815,2024-01-14T20:43:44Z,2026-02-19T08:08:24+00:00,67975815,bbc_xml_sitemap,https://www.bbc.com/sitemaps/https-sitemap-com-archive-104.xml,Hezbollah missile attack kills Israeli woman and son,A woman in her seventies and her son have been killed by an anti-tank missile attack on northern Israel.,2026-02-19T08:27:11+00:00,200,,1,8,israel|israeli|hezbollah|missile
BBC,bbc.com,https://www.bbc.com/news/world-middle-east-68150519,2024-01-31T02:29:47Z,2026-02-19T08:08:24+00:00,68150519,bbc_xml_sitemap,https://www.bbc.com/sitemaps/https-sitemap-com-archive-104.xml,Israel Gaza: UN warning that aid system could collapse if UNRWA funding is withheld,Top officials issue a joint appeal after countries halt funding for the territory's main aid agency.,2026-02-19T08:27:14+00:00,200,,1,8,israel|gaza|un|unrwa
BBC,bbc.com,https://www.bbc.com/news/world-middle-east-68024249,2024-01-18T21:32:44Z,2026-02-19T08:08:24+00:00,68024249,bbc_xml_sitemap,https://www.bbc.com/sitemaps/https-sitemap-com-archive-104.xml,Israeli troops push deep into Gaza's southern city of Khan Younis,"The army says soldiers are engaged in ""close quarter combat"" after reaching the city's southernmost area.",2026-02-19T08:27:16+00:00,200,,1,9,israel|israeli|gaza|khan younis|un
BBC,bbc.com,https://www.bbc.com/news/world-middle-east-68055933,2024-01-22T15:37:25Z,2026-02-19T08:08:24+00:00,68055933,bbc_xml_sitemap,https://www.bbc.com/sitemaps/https-sitemap-com-archive-104.xml,Dozens reported killed as battle rages in Gaza's Khan Younis,Residents say Israeli forces have surrounded a hospital amid fierce fighting in the south Gaza city.,2026-02-19T08:27:18+00:00,200,,1,9,israel|israeli|gaza|khan younis|un
BBC,bbc.com,https://www.bbc.com/news/world-middle-east-68074566,2024-01-23T21:15:25Z,2026-02-19T08:08:24+00:00,68074566,bbc_xml_sitemap,https://www.bbc.com/sitemaps/https-sitemap-com-archive-104.xml,Khan Younis: Israel says forces have encircled Gaza's second city,"Fighting is reported around hospitals in the city, where Israel believes Hamas leaders are hiding.",2026-02-19T08:27:19+00:00,200,,1,9,israel|gaza|khan younis|hamas|un
BBC,bbc.com,https://www.bbc.com/news/world-middle-east-68138853,2024-01-30T23:15:41Z,2026-02-19T08:08:24+00:00,68138853,bbc_xml_sitemap,https://www.bbc.com/sitemaps/https-sitemap-com-archive-104.xml,Hamas says it is studying proposal for new pause in Gaza fighting,A framework reportedly sets out a six-week pause in the fighting to allow more hostages to be freed.,2026-02-19T08:27:20+00:00,200,,1,10,gaza|hamas|pa|hostage|hostages
BBC,bbc.com,https://www.bbc.com/news/world-middle-east-68004449,2024-01-17T16:11:07Z,2026-02-19T08:08:24+00:00,68004449,bbc_xml_sitemap,https://www.bbc.com/sitemaps/https-sitemap-com-archive-104.xml,Intense Israeli strikes in south Gaza city as hostages sent medicine,"Khan Younis residents report intense fighting, as Qatar says Hamas will give medicines to hostages.",2026-02-19T08:27:25+00:00,200,,1,16,israel|israeli|gaza|khan younis|hamas|strike|hostage|hostages|un
BBC,bbc.com,https://www.bbc.com/news/world-middle-east-67893123,2024-01-05T17:24:30Z,2026-02-19T08:08:24+00:00,67893123,bbc_xml_sitemap,https://www.bbc.com/sitemaps/https-sitemap-com-archive-104.xml,Israeli ex-hostage returns to site of Nova festival massacre and kidnappings,Survivors and relatives of those killed or kidnapped pay emotional visits to the festival site for a memorial event.,2026-02-19T08:27:27+00:00,200,,1,8,israel|israeli|pa|hostage
BBC,bbc.com,https://www.bbc.com/news/world-middle-east-68249962,2024-02-09T19:53:55Z,2026-02-19T08:09:58+00:00,68249962,bbc_xml_sitemap,https://www.bbc.com/sitemaps/https-sitemap-com-archive-105.xml,"Israeli soldier videos from Gaza could breach international law, experts say",Experts say videos posted by IDF soldiers showing Gaza detainees bound and blindfolded could breach international law.,2026-02-19T08:27:30+00:00,200,,1,10,israel|israeli|gaza|idf|un
BBC,bbc.com,https://www.bbc.com/news/world-middle-east-68256510,2024-02-10T01:37:30Z,2026-02-19T08:09:58+00:00,68256510,bbc_xml_sitemap,https://www.bbc.com/sitemaps/https-sitemap-com-archive-105.xml,Netanyahu orders military to plan evacuations from Rafah,The Israeli PM's order comes after the US warned against an unplanned invasion of the Gazan city.,2026-02-19T08:27:34+00:00,200,,1,10,israel|israeli|gaza|rafah|un
BBC,bbc.com,https://www.bbc.com/news/world-middle-east-68315875,2024-02-16T17:38:32Z,2026-02-19T08:09:58+00:00,68315875,bbc_xml_sitemap,https://www.bbc.com/sitemaps/https-sitemap-com-archive-105.xml,Gaza's Nasser hospital: Fears for patients as Israeli raid continues,"Further damage is reported at Nasser, as Israel says it has captured 7 October attackers there.",2026-02-19T08:27:36+00:00,200,,1,8,israel|israeli|gaza|pa
BBC,bbc.com,https://www.bbc.com/news/world-middle-east-68575413,2024-03-16T08:03:40Z,2026-02-19T08:09:58+00:00,68575413,bbc_xml_sitemap,https://www.bbc.com/sitemaps/https-sitemap-com-archive-105.xml,Was this the week Israel and Hezbollah drew closer to war?,"Israel may be fighting in Gaza, but fear remains a war with Hezbollah could turn the conflict into something even deadlier.",2026-02-19T08:27:37+00:00,200,,1,7,israel|gaza|hezbollah
BBC,bbc.com,https://www.bbc.com/news/world-middle-east-68379646,2024-02-23T20:01:32Z,2026-02-19T08:09:58+00:00,68379646,bbc_xml_sitemap,https://www.bbc.com/sitemaps/https-sitemap-com-archive-105.xml,Israel's PM Netanyahu lays out Gaza plan for after the war,It would see long-term Israeli security control and non-Hamas Palestinians running the territory.,2026-02-19T08:27:38+00:00,200,,1,13,israel|israeli|palestin|gaza|hamas|pa|un
BBC,bbc.com,https://www.bbc.com/news/world-middle-east-68443883,2024-03-01T19:02:38Z,2026-02-19T08:09:58+00:00,68443883,bbc_xml_sitemap,https://www.bbc.com/sitemaps/https-sitemap-com-archive-105.xml,UN chief urges probe into Gaza aid convoy tragedy,At least 117 people were killed on Thursday as crowds gathered round aid lorries in Gaza City.,2026-02-19T08:27:39+00:00,200,,1,4,gaza|un|aid convoy
BBC,bbc.com,https://www.bbc.com/news/world-middle-east-68317541,2024-02-16T18:23:58Z,2026-02-19T08:09:58+00:00,68317541,bbc_xml_sitemap,https://www.bbc.com/sitemaps/https-sitemap-com-archive-105.xml,Israel Gaza war: Satellite images show construction on Egypt's border,Reports claim the work could be in preparation for Palestinian refugees - something Egypt publicly denies.,2026-02-19T08:27:40+00:00,200,,1,8,israel|palestin|gaza|pa
BBC,bbc.com,https://www.bbc.com/news/world-middle-east-68662118,2024-03-26T07:40:00Z,2026-02-19T08:09:58+00:00,68662118,bbc_xml_sitemap,https://www.bbc.com/sitemaps/https-sitemap-com-archive-105.xml,Israel cancels Washington meeting after UN Gaza ceasefire vote,Israel reacts angrily after a UN resolution calls for an immediate ceasefire and the release of all hostages.,2026-02-19T08:27:43+00:00,200,,1,11,israel|gaza|ceasefire|hostage|hostages|un
BBC,bbc.com,https://www.bbc.com/news/world-middle-east-68239320,2024-02-10T17:30:12Z,2026-02-19T08:09:58+00:00,68239320,bbc_xml_sitemap,https://www.bbc.com/sitemaps/https-sitemap-com-archive-105.xml,Gaza residents surviving off animal feed and rice as food dwindles,The UN says hundreds of thousands of people in the territory are at growing risk of famine.,2026-02-19T08:27:45+00:00,200,,1,3,gaza|un
BBC,bbc.com,https://www.bbc.com/news/world-middle-east-68255881,2024-02-09T19:22:47Z,2026-02-19T08:09:58+00:00,68255881,bbc_xml_sitemap,https://www.bbc.com/sitemaps/https-sitemap-com-archive-105.xml,"Gaza soldier videos could breach international law, experts say","BBC Verify has found videos posted by Israeli soldiers showing Gaza detainees bound and blindfolded, which experts say could breach international law.",2026-02-19T08:27:47+00:00,200,,1,8,israel|israeli|gaza|un
BBC,bbc.com,https://www.bbc.com/news/world-middle-east-68256069,2024-02-10T06:01:42Z,2026-02-19T08:09:58+00:00,68256069,bbc_xml_sitemap,https://www.bbc.com/sitemaps/https-sitemap-com-archive-105.xml,"Iraq could be pushed into conflict, minister warns",The foreign minister says his country is paying a high price for tensions between the US and Iran.,2026-02-19T08:27:48+00:00,200,,1,2,pa|un
BBC,bbc.com,https://www.bbc.com/news/world-middle-east-68662011,2024-03-25T22:33:41Z,2026-02-19T08:09:58+00:00,68662011,bbc_xml_sitemap,https://www.bbc.com/sitemaps/https-sitemap-com-archive-105.xml,Jeremy Bowen: Biden has decided strong words with Israel are not enough,The BBC's international editor on the US decision not to veto a call for a ceasefire in Gaza.,2026-02-19T08:27:50+00:00,200,,1,6,israel|gaza|ceasefire
BBC,bbc.com,https://www.bbc.com/news/world-middle-east-68586065,2024-03-16T19:55:17Z,2026-02-19T08:09:58+00:00,68586065,bbc_xml_sitemap,https://www.bbc.com/sitemaps/https-sitemap-com-archive-105.xml,Israel-Gaza war: Germany calls for more larger-scale aid,"Olaf Scholz also criticises Israel's planned offensive in Rafah, warning of a danger of casualties.",2026-02-19T08:27:51+00:00,200,,1,7,israel|gaza|rafah
BBC,bbc.com,https://www.bbc.com/news/world-middle-east-68511606,2024-03-08T23:39:54Z,2026-02-19T08:09:58+00:00,68511606,bbc_xml_sitemap,https://www.bbc.com/sitemaps/https-sitemap-com-archive-105.xml,"Gaza maritime corridor could begin at weekend, EU says",It comes a day after US President Joe Biden said the US planned to build a temporary port in Gaza.,2026-02-19T08:27:52+00:00,200,,1,2,gaza
BBC,bbc.com,https://www.bbc.com/news/world-middle-east-68582258,2024-03-17T00:49:27Z,2026-02-19T08:09:58+00:00,68582258,bbc_xml_sitemap,https://www.bbc.com/sitemaps/https-sitemap-com-archive-105.xml,'Hope is mandatory': Hostage's mother believes her son will return,Rachel Goldberg-Polin's son Hersh was kidnapped on 7 October and is still being held hostage in Gaza.,2026-02-19T08:27:53+00:00,200,,1,5,gaza|hostage
BBC,bbc.com,https://www.bbc.com/news/world-middle-east-68249367,2024-02-10T14:44:03Z,2026-02-19T08:09:58+00:00,68249367,bbc_xml_sitemap,https://www.bbc.com/sitemaps/https-sitemap-com-archive-105.xml,'We'll never leave Gaza' - Palestinians who fled to Rafah fear Israeli assault,"Forced to move time and time again, Palestinians insist fleeing to Egypt is not an option.",2026-02-19T08:27:53+00:00,200,,1,12,israel|israeli|palestin|gaza|rafah|pa
BBC,bbc.com,https://www.bbc.com/news/world-middle-east-68665247,2024-03-26T22:41:44Z,2026-02-19T08:09:58+00:00,68665247,bbc_xml_sitemap,https://www.bbc.com/sitemaps/https-sitemap-com-archive-105.xml,Israel says UN resolution damaged Gaza ceasefire talks,"Israel says the ceasefire demand led Hamas to reject a deal, but the US calls the claim inaccurate.",2026-02-19T08:27:54+00:00,200,,1,9,israel|gaza|hamas|ceasefire|un
BBC,bbc.com,https://www.bbc.com/news/world-middle-east-68445973,2024-03-01T19:15:03Z,2026-02-19T08:09:58+00:00,68445973,bbc_xml_sitemap,https://www.bbc.com/sitemaps/https-sitemap-com-archive-105.xml,What video and eyewitness accounts tell us about Gazans killed around aid convoy,BBC Verify analyses footage and Israeli statements to trace what happened when more than 100 Gazans were killed.,2026-02-19T08:27:55+00:00,200,,1,9,israel|israeli|gaza|un|aid convoy
BBC,bbc.com,https://www.bbc.com/news/world-middle-east-68167920,2024-02-03T14:45:06Z,2026-02-19T08:09:58+00:00,68167920,bbc_xml_sitemap,https://www.bbc.com/sitemaps/https-sitemap-com-archive-105.xml,What are routes out of this 'dangerous moment' in Middle East?,BBC's Paul Adams asks whether US strikes on Iraq and Syria made a regional conflagration more likely.,2026-02-19T08:27:56+00:00,200,,0,2,pa|strike
BBC,bbc.com,https://www.bbc.com/news/world-middle-east-68668721,2024-03-26T21:16:42Z,2026-02-19T08:09:58+00:00,68668721,bbc_xml_sitemap,https://www.bbc.com/sitemaps/https-sitemap-com-archive-105.xml,Gaza aid drop in sea leads to drownings,Video obtained by Reuters shows people rushing towards the aid drop as it landed in the sea.,2026-02-19T08:27:57+00:00,200,,1,2,gaza
BBC,bbc.com,https://www.bbc.com/news/world-middle-east-68509794,2024-03-08T15:05:15Z,2026-02-19T08:09:58+00:00,68509794,bbc_xml_sitemap,https://www.bbc.com/sitemaps/https-sitemap-com-archive-105.xml,Gaza convoy: IDF says it fired at 'suspects' but not at aid trucks,It follows an investigation into the incident in which more than 100 Palestinians were killed.,2026-02-19T08:27:58+00:00,200,,1,8,palestin|gaza|idf|pa
BBC,bbc.com,https://www.bbc.com/news/world-middle-east-68450736,2024-03-01T21:19:21Z,2026-02-19T08:09:58+00:00,68450736,bbc_xml_sitemap,https://www.bbc.com/sitemaps/https-sitemap-com-archive-105.xml,"Israel Gaza: Seven hostages killed, Hamas says","The group blamed the deaths on Israeli bombardment and said a ""number"" of its fighters were also killed.",2026-02-19T08:27:59+00:00,200,,1,14,israel|israeli|gaza|hamas|bombard|hostage|hostages
BBC,bbc.com,https://www.bbc.com/news/world-middle-east-68514816,2024-03-08T15:31:13Z,2026-02-19T08:09:58+00:00,68514816,bbc_xml_sitemap,https://www.bbc.com/sitemaps/https-sitemap-com-archive-105.xml,"Israel abused Gaza war detainees, UN report alleges","The BBC sees a draft document containing testimony from detainees, but Israel disputes their accounts.",2026-02-19T08:28:00+00:00,200,,1,6,israel|gaza|un
BBC,bbc.com,https://www.bbc.com/news/world-middle-east-68667556,2024-03-26T17:55:15Z,2026-02-19T08:09:58+00:00,68667556,bbc_xml_sitemap,https://www.bbc.com/sitemaps/https-sitemap-com-archive-105.xml,Gaza war: UN rights expert accuses Israel of acts of genocide,"Francesca Albanese says Israel seeks to destroy Palestinians, in a report Israel calls ""outrageous"".",2026-02-19T08:28:01+00:00,200,,1,10,israel|palestin|gaza|pa|un|genocide
BBC,bbc.com,https://www.bbc.com/news/world-middle-east-68514467,2024-03-08T19:56:55Z,2026-02-19T08:09:58+00:00,68514467,bbc_xml_sitemap,https://www.bbc.com/sitemaps/https-sitemap-com-archive-105.xml,Five killed in Gaza aid drop parachute failure - reports,"The US, Jordan, Egypt, France, the Netherlands and Belgium have been dropping aid into Gaza.",2026-02-19T08:28:02+00:00,200,,1,3,gaza|pa
BBC,bbc.com,https://www.bbc.com/news/world-middle-east-68261286,2024-02-10T11:34:33Z,2026-02-19T08:09:58+00:00,68261286,bbc_xml_sitemap,https://www.bbc.com/sitemaps/https-sitemap-com-archive-105.xml,"Hind Rajab, 6, found dead in Gaza days after phone calls for help","Hind was last heard from trapped in a car under fire, surrounded by bodies of her relatives, 12 days ago.",2026-02-19T08:28:03+00:00,200,,1,3,gaza|un
BBC,bbc.com,https://www.bbc.com/news/world-middle-east-68264363,2024-02-10T18:56:41Z,2026-02-19T08:09:58+00:00,68264363,bbc_xml_sitemap,https://www.bbc.com/sitemaps/https-sitemap-com-archive-105.xml,Hungarian President Katalin Novak resigns over child-abuse pardon scandal,Katalin Novak steps down live on TV after pardoning man jailed for covering up sexual abuse at a children's home.,2026-02-19T08:28:04+00:00,200,,0,2,pa|un
BBC,bbc.com,https://www.bbc.com/news/world-middle-east-68445974,2024-03-02T00:38:15Z,2026-02-19T08:09:58+00:00,68445974,bbc_xml_sitemap,https://www.bbc.com/sitemaps/https-sitemap-com-archive-105.xml,Israel-Gaza briefings: Biden treading carefully through political minefield,Michigan's protest vote reminds the US president that Middle East turmoil could translate into electoral peril.,2026-02-19T08:28:04+00:00,200,,1,5,israel|gaza
BBC,bbc.com,https://www.bbc.com/news/world-middle-east-68514581,2024-03-08T17:22:38Z,2026-02-19T08:09:58+00:00,68514581,bbc_xml_sitemap,https://www.bbc.com/sitemaps/https-sitemap-com-archive-105.xml,West Bank violence: 'My child's destiny was to get killed',Amr Najjar is one of more than 100 Palestinian children killed in the West Bank since 7 October.,2026-02-19T08:28:05+00:00,200,,1,6,palestin|west bank|pa
BBC,bbc.com,https://www.bbc.com/news/world-middle-east-68591487,2024-03-17T19:26:54Z,2026-02-19T08:09:58+00:00,68591487,bbc_xml_sitemap,https://www.bbc.com/sitemaps/https-sitemap-com-archive-105.xml,Israel-Gaza war: Netanyahu vows to defy allies on Rafah invasion,The Israeli prime minister says no international pressure will stop Israel from achieving all its war aims.,2026-02-19T08:28:07+00:00,200,,1,9,israel|israeli|gaza|rafah
BBC,bbc.com,https://www.bbc.com/news/world-middle-east-68380776,2024-02-24T10:45:56Z,2026-02-19T08:09:58+00:00,68380776,bbc_xml_sitemap,https://www.bbc.com/sitemaps/https-sitemap-com-archive-105.xml,Gaza desperately needs more aid but agencies can’t cope,Paul Adams examines why agencies are unable to get desperately needed aid into the Gaza Strip.,2026-02-19T08:28:08+00:00,200,,1,4,gaza|pa|un
BBC,bbc.com,https://www.bbc.com/news/world-middle-east-68512319,2024-03-08T23:27:36Z,2026-02-19T08:09:58+00:00,68512319,bbc_xml_sitemap,https://www.bbc.com/sitemaps/https-sitemap-com-archive-105.xml,"Netanyahu is a survivor, but his problems are stacking up","Although most Israelis support the war in Gaza, confidence in the prime minister is low, writes Wyre Davies.",2026-02-19T08:28:09+00:00,200,,1,7,israel|israeli|gaza
BBC,bbc.com,https://www.bbc.com/news/world-middle-east-68454348,2024-03-02T10:29:44Z,2026-02-19T08:09:58+00:00,68454348,bbc_xml_sitemap,https://www.bbc.com/sitemaps/https-sitemap-com-archive-105.xml,Large number of bullet wounds among those injured in Gaza aid convoy rush - UN,Some 760 people were reportedly injured and more than 100 died after a rush on an aid convoy in Gaza.,2026-02-19T08:28:10+00:00,200,,1,4,gaza|un|aid convoy
BBC,bbc.com,https://www.bbc.com/news/world-middle-east-68266335,2024-02-11T16:17:26Z,2026-02-19T08:09:58+00:00,68266335,bbc_xml_sitemap,https://www.bbc.com/sitemaps/https-sitemap-com-archive-105.xml,Netanyahu insists on Rafah offensive as warnings mount,More countries urge Israel against any military operation in the southern Gazan city crammed with refugees.,2026-02-19T08:28:11+00:00,200,,1,8,israel|gaza|rafah|un
BBC,bbc.com,https://www.bbc.com/news/world-middle-east-68326788,2024-02-17T22:18:29Z,2026-02-19T08:09:58+00:00,68326788,bbc_xml_sitemap,https://www.bbc.com/sitemaps/https-sitemap-com-archive-105.xml,Israel-Gaza war: Latest ceasefire talks not very promising - Qatar,Israel's PM Benjamin Netanyahu vows to carry on the war against Hamas regardless of international pressure.,2026-02-19T08:28:12+00:00,200,,1,8,israel|gaza|hamas|ceasefire
BBC,bbc.com,https://www.bbc.com/news/world-middle-east-68594153,2024-03-18T16:00:50Z,2026-02-19T08:09:58+00:00,68594153,bbc_xml_sitemap,https://www.bbc.com/sitemaps/https-sitemap-com-archive-105.xml,Israeli forces raid Gaza City's al-Shifa hospital,"Israel says it killed 20 ""terrorists"" in the operation, which Hamas-run authorities call a war crime.",2026-02-19T08:28:13+00:00,200,,1,10,israel|israeli|gaza|hamas|un
BBC,bbc.com,https://www.bbc.com/news/world-middle-east-68518918,2024-03-09T16:04:44Z,2026-02-19T08:09:58+00:00,68518918,bbc_xml_sitemap,https://www.bbc.com/sitemaps/https-sitemap-com-archive-105.xml,Gaza aid ship expected to set sail from Cyprus,"Carrying desperately needed food, the vessel will hope to use a newly opened shipping route to Gaza.",2026-02-19T08:28:14+00:00,200,,1,2,gaza
BBC,bbc.com,https://www.bbc.com/news/world-middle-east-68255843,2024-02-11T20:22:07Z,2026-02-19T08:09:58+00:00,68255843,bbc_xml_sitemap,https://www.bbc.com/sitemaps/https-sitemap-com-archive-105.xml,Israel-Gaza war: Death and Israel’s search for ‘total victory’,Jeremy Bowen looks at Gaza's humanitarian crisis and a growing panic in Rafah over a looming Israeli offensive.,2026-02-19T08:28:15+00:00,200,,1,11,israel|israeli|gaza|rafah|pa|humanitarian
BBC,bbc.com,https://www.bbc.com/news/world-middle-east-68305581,2024-02-18T02:08:13Z,2026-02-19T08:09:58+00:00,68305581,bbc_xml_sitemap,https://www.bbc.com/sitemaps/https-sitemap-com-archive-105.xml,West Bank Palestinians paying the price for Gaza war,"Kamal, from the occupied West Bank, had a well-paid job in Israel before the Hamas attacks - now he is in poverty.",2026-02-19T08:28:16+00:00,200,,1,12,israel|palestin|gaza|west bank|hamas|pa
BBC,bbc.com,https://www.bbc.com/news/world-middle-east-68675608,2024-03-27T19:10:50Z,2026-02-19T08:09:58+00:00,68675608,bbc_xml_sitemap,https://www.bbc.com/sitemaps/https-sitemap-com-archive-105.xml,Israel and Hezbollah trade strikes over Lebanon border,"The Iran-backed movement fires rockets into Israel killing one, after a deadly strike on a Lebanese village.",2026-02-19T08:28:17+00:00,200,,1,7,israel|hezbollah|strike|rocket
BBC,bbc.com,https://www.bbc.com/news/world-middle-east-68673960,2024-03-27T13:43:20Z,2026-02-19T08:09:58+00:00,68673960,bbc_xml_sitemap,https://www.bbc.com/sitemaps/https-sitemap-com-archive-105.xml,Israeli hostages’ relatives arrested at protest as Gaza talks break down,"Family members and activists blocked a main road in Tel Aviv, demanding more be done to free them.",2026-02-19T08:28:19+00:00,200,,1,12,israel|israeli|gaza|tel aviv|hostage|hostages
BBC,bbc.com,https://www.bbc.com/news/world-middle-east-68456718,2024-03-02T15:23:30Z,2026-02-19T08:09:58+00:00,68456718,bbc_xml_sitemap,https://www.bbc.com/sitemaps/https-sitemap-com-archive-105.xml,Fergal Keane: Aid convoy tragedy shows fear of starvation haunts Gaza,"The international community is under pressure to tackle the growing crisis of hunger in the territory, writes Fergal Keane.",2026-02-19T08:28:20+00:00,200,,1,4,gaza|un|aid convoy
BBC,bbc.com,https://www.bbc.com/news/world-middle-east-68457937,2024-03-03T07:41:24Z,2026-02-19T08:09:58+00:00,68457937,bbc_xml_sitemap,https://www.bbc.com/sitemaps/https-sitemap-com-archive-105.xml,Israel-Gaza war: US carries out its first aid airdrop in strip,The desperately needed supplies come as a US official says Israel is close to agreeing to a temporary truce.,2026-02-19T08:28:22+00:00,200,,1,6,israel|gaza|truce
BBC,bbc.com,https://www.bbc.com/news/world-middle-east-68395290,2024-02-24T22:46:00Z,2026-02-19T08:09:58+00:00,68395290,bbc_xml_sitemap,https://www.bbc.com/sitemaps/https-sitemap-com-archive-105.xml,Houthi attacks: UK and US launch strikes against 18 targets,British and American forces have carried out a fresh wave of strikes against 18 Houthi targets in Yemen.,2026-02-19T08:28:23+00:00,200,,0,2,strike|un
BBC,bbc.com,https://www.bbc.com/news/world-middle-east-68458902,2024-03-02T17:27:20Z,2026-02-19T08:09:58+00:00,68458902,bbc_xml_sitemap,https://www.bbc.com/sitemaps/https-sitemap-com-archive-105.xml,Israel-Gaza war: US parachutes humanitarian aid into Gaza,Military planes fly over the Gaza Strip as aid is airdropped into densely populated Rafah.,2026-02-19T08:28:25+00:00,200,,1,9,israel|gaza|rafah|pa|humanitarian
BBC,bbc.com,https://www.bbc.com/news/world-middle-east-68395173,2024-02-24T23:36:32Z,2026-02-19T08:09:58+00:00,68395173,bbc_xml_sitemap,https://www.bbc.com/sitemaps/https-sitemap-com-archive-105.xml,US and UK carry out fresh strikes on Houthi targets in Yemen,"The US says the allies targeted 18 sites, including missile storages, drones and radars.",2026-02-19T08:28:26+00:00,200,,0,2,strike|missile
BBC,bbc.com,https://www.bbc.com/news/world-middle-east-68331273,2024-02-18T12:12:44Z,2026-02-19T08:09:58+00:00,68331273,bbc_xml_sitemap,https://www.bbc.com/sitemaps/https-sitemap-com-archive-105.xml,Tel Aviv protesters call on Netanyahu to resign,The Israeli prime minister's popularity has declined among Israelis after the 7 October Hamas attacks.,2026-02-19T08:28:28+00:00,200,,1,8,israel|israeli|tel aviv|hamas
BBC,bbc.com,https://www.bbc.com/news/world-middle-east-68330579,2024-02-18T20:19:44Z,2026-02-19T08:09:58+00:00,68330579,bbc_xml_sitemap,https://www.bbc.com/sitemaps/https-sitemap-com-archive-105.xml,WHO says Gaza's Nasser hospital not functional after Israel raids,Israeli forces say intelligence suggested hostages were being held at the Nasser site by Hamas.,2026-02-19T08:28:29+00:00,200,,1,14,israel|israeli|gaza|hamas|hostage|hostages|un
BBC,bbc.com,https://www.bbc.com/news/world-middle-east-68331272,2024-02-18T11:38:41Z,2026-02-19T08:09:58+00:00,68331272,bbc_xml_sitemap,https://www.bbc.com/sitemaps/https-sitemap-com-archive-105.xml,Tel Aviv protesters call on Netanyahu to resign,The Israeli prime minister's popularity has declined among Israelis after the 7 October Hamas attacks.,2026-02-19T08:28:29+00:00,200,,1,8,israel|israeli|tel aviv|hamas
BBC,bbc.com,https://www.bbc.com/news/world-middle-east-68577026,2024-03-18T17:13:50Z,2026-02-19T08:09:58+00:00,68577026,bbc_xml_sitemap,https://www.bbc.com/sitemaps/https-sitemap-com-archive-105.xml,"Gaza faces famine during Ramadan, the holy month of fasting","More than a million people in Gaza are already starving, says the global body responsible for declaring famine.",2026-02-19T08:28:31+00:00,200,,1,2,gaza
BBC,bbc.com,https://www.bbc.com/news/world-middle-east-68602337,2024-03-18T19:02:44Z,2026-02-19T08:09:58+00:00,68602337,bbc_xml_sitemap,https://www.bbc.com/sitemaps/https-sitemap-com-archive-105.xml,Israel-Hamas war: Displaced Gazans describe al-Shifa raid,"The Israeli military says it has taken control of al-Shifa hospital in Gaza City in what it called an operation to ""thwart terrorist activity"".",2026-02-19T08:28:35+00:00,200,,1,10,israel|israeli|gaza|hamas|israeli military
BBC,bbc.com,https://www.bbc.com/news/world-middle-east-68679482,2024-03-28T07:35:53Z,2026-02-19T08:09:58+00:00,68679482,bbc_xml_sitemap,https://www.bbc.com/sitemaps/https-sitemap-com-archive-105.xml,"Gaza starvation could amount to war crime, UN human rights chief tells BBC","Volker Türk tells Jeremy Bowen there is a ""plausible"" case that Israel is using starvation as a weapon of war.",2026-02-19T08:28:37+00:00,200,,1,6,israel|gaza|un
BBC,bbc.com,https://www.bbc.com/news/world-middle-east-68269957,2024-02-12T02:06:24Z,2026-02-19T08:09:58+00:00,68269957,bbc_xml_sitemap,https://www.bbc.com/sitemaps/https-sitemap-com-archive-105.xml,Israel-Gaza war: 'Violent' strikes reported in Gazan city of Rafah,"The Israeli military confirms it carried out attacks in the area, but gives no further details.",2026-02-19T08:28:38+00:00,200,,1,11,israel|israeli|gaza|rafah|israeli military|strike
BBC,bbc.com,https://www.bbc.com/news/world-middle-east-68330475,2024-02-18T17:02:14Z,2026-02-19T08:09:58+00:00,68330475,bbc_xml_sitemap,https://www.bbc.com/sitemaps/https-sitemap-com-archive-105.xml,Israel-Gaza war: Relief and guilt after Gazans find safety in Egypt,Tala Abu Nahla and her family have finally made it to Cairo - now the work to rebuild their lives begins.,2026-02-19T08:28:39+00:00,200,,1,5,israel|gaza
BBC,bbc.com,https://www.bbc.com/news/world-middle-east-68578735,2024-03-19T06:43:34Z,2026-02-19T08:09:58+00:00,68578735,bbc_xml_sitemap,https://www.bbc.com/sitemaps/https-sitemap-com-archive-105.xml,Israel Gaza: US reports death of senior Hamas military leader Marwan Issa,Details are also released of President Biden's high-stakes call to Israeli leader Benjamin Netanyahu.,2026-02-19T08:28:41+00:00,200,,1,9,israel|israeli|gaza|hamas
BBC,bbc.com,https://www.bbc.com/news/world-middle-east-68331988,2024-02-18T17:02:01Z,2026-02-19T08:09:58+00:00,68331988,bbc_xml_sitemap,https://www.bbc.com/sitemaps/https-sitemap-com-archive-105.xml,Gaza doctors: ‘We leave patients to scream for hours and hours’,Doctors in Gaza say the healthcare system is broken and they are operating on people without anaesthetic.,2026-02-19T08:28:42+00:00,200,,1,3,gaza|pa
BBC,bbc.com,https://www.bbc.com/news/world-middle-east-68271246,2024-02-12T02:06:41Z,2026-02-19T08:09:58+00:00,68271246,bbc_xml_sitemap,https://www.bbc.com/sitemaps/https-sitemap-com-archive-105.xml,Israel-Gaza war: 'Violent' strikes reported in Gazan city of Rafah,"The Israeli military confirms it carried out attacks in the area, but gives no further details.",2026-02-19T08:28:46+00:00,200,,1,11,israel|israeli|gaza|rafah|israeli military|strike
BBC,bbc.com,https://www.bbc.com/news/world-middle-east-68418012,2024-03-02T04:39:54Z,2026-02-19T08:09:58+00:00,68418012,bbc_xml_sitemap,https://www.bbc.com/sitemaps/https-sitemap-com-archive-105.xml,The derelict hotel sheltering Lebanese displaced from border,Tens of thousands have fled border towns because of the hostilities between Hezbollah and Israel.,2026-02-19T08:28:50+00:00,200,,1,5,israel|hezbollah
BBC,bbc.com,https://www.bbc.com/news/world-middle-east-68271340,2024-02-12T11:50:24Z,2026-02-19T08:09:58+00:00,68271340,bbc_xml_sitemap,https://www.bbc.com/sitemaps/https-sitemap-com-archive-105.xml,Israel rescues two hostages in Rafah amid deadly strikes,"The two men, Israeli-Argentines, were rescued as Israel carried out air strikes on the southern Gazan city.",2026-02-19T08:28:53+00:00,200,,1,15,israel|israeli|gaza|rafah|air strike|strike|hostage|hostages
BBC,bbc.com,https://www.bbc.com/news/world-middle-east-68509797,2024-03-10T15:01:38Z,2026-02-19T08:09:58+00:00,68509797,bbc_xml_sitemap,https://www.bbc.com/sitemaps/https-sitemap-com-archive-105.xml,Gaza war fuels Jerusalem fears as Ramadan set to begin,Attention focuses on a flashpoint holy site where violence has erupted in previous years.,2026-02-19T08:28:55+00:00,200,,1,7,gaza|jerusalem|jerusalem
BBC,bbc.com,https://www.bbc.com/news/world-middle-east-68514821,2024-03-10T00:45:23Z,2026-02-19T08:09:58+00:00,68514821,bbc_xml_sitemap,https://www.bbc.com/sitemaps/https-sitemap-com-archive-105.xml,"IDF completes road across width of Gaza, satellite images show",The IDF says it is to facilitate troop movements but experts fear it could be used as a barrier.,2026-02-19T08:28:56+00:00,200,,1,5,gaza|idf
BBC,bbc.com,https://www.bbc.com/news/world-middle-east-68396335,2024-02-25T14:55:11Z,2026-02-19T08:09:58+00:00,68396335,bbc_xml_sitemap,https://www.bbc.com/sitemaps/https-sitemap-com-archive-105.xml,Israel mulls ceasefire plan as progress reported,It comes as police break up protests in Tel Aviv calling for the prime minister's resignation.,2026-02-19T08:28:57+00:00,200,,1,4,israel|tel aviv|ceasefire
BBC,bbc.com,https://www.bbc.com/news/world-middle-east-68334510,2024-02-19T00:50:48Z,2026-02-19T08:09:58+00:00,68334510,bbc_xml_sitemap,https://www.bbc.com/sitemaps/https-sitemap-com-archive-105.xml,Israel indicates March deadline for Gaza ground offensive in Rafah,A war cabinet member says unless Hamas frees all hostages by 10 March an assault will begin in Rafah.,2026-02-19T08:28:58+00:00,200,,1,15,israel|gaza|rafah|hamas|ground offensive|hostage|hostages|un
BBC,bbc.com,https://www.bbc.com/news/world-middle-east-68272136,2024-02-12T06:57:22Z,2026-02-19T08:09:58+00:00,68272136,bbc_xml_sitemap,https://www.bbc.com/sitemaps/https-sitemap-com-archive-105.xml,Bowen: Gazans fled to Rafah for safety but now Israel wants to attack,Israel says it will expand its military operations all the way south into Rafah.,2026-02-19T08:28:59+00:00,200,,1,8,israel|gaza|rafah|pa
BBC,bbc.com,https://www.bbc.com/news/world-middle-east-68602338,2024-03-19T06:45:05Z,2026-02-19T08:09:58+00:00,68602338,bbc_xml_sitemap,https://www.bbc.com/sitemaps/https-sitemap-com-archive-105.xml,Displaced Gazans describe al-Shifa raid,"The Israeli military says it has taken control of al-Shifa hospital in Gaza City in what it called an operation to ""thwart terrorist activity"".",2026-02-19T08:29:00+00:00,200,,1,8,israel|israeli|gaza|israeli military
BBC,bbc.com,https://www.bbc.com/news/world-middle-east-68461543,2024-03-03T20:44:58Z,2026-02-19T08:09:58+00:00,68461543,bbc_xml_sitemap,https://www.bbc.com/sitemaps/https-sitemap-com-archive-105.xml,Israel-Gaza war: Israel demands names of hostages still alive for deal on new ceasefire,"A Hamas delegation is understood to be in Cairo, but the Israelis want more details about captives in Gaza.",2026-02-19T08:29:00+00:00,200,,1,16,israel|israeli|gaza|hamas|ceasefire|hostage|hostages|captives|un
BBC,bbc.com,https://www.bbc.com/news/world-middle-east-68605401,2024-03-19T17:40:11Z,2026-02-19T08:09:58+00:00,68605401,bbc_xml_sitemap,https://www.bbc.com/sitemaps/https-sitemap-com-archive-105.xml,"Gaza's entire population facing acute food insecurity, Blinken warns",Secretary of State Antony Blinken says it is the first time this has happened and calls for more aid.,2026-02-19T08:29:01+00:00,200,,1,2,gaza
BBC,bbc.com,https://www.bbc.com/news/world-middle-east-68691095,2024-03-29T08:44:29Z,2026-02-19T08:09:58+00:00,68691095,bbc_xml_sitemap,https://www.bbc.com/sitemaps/https-sitemap-com-archive-105.xml,Top UN court orders Israel to allow food and medical aid into Gaza,"The Hague court says Gaza is ""no longer facing only a risk of famine"" but that ""famine is setting in"".",2026-02-19T08:29:02+00:00,200,,1,6,israel|gaza|un
BBC,bbc.com,https://www.bbc.com/news/world-middle-east-68398476,2024-02-26T00:32:43Z,2026-02-19T08:09:58+00:00,68398476,bbc_xml_sitemap,https://www.bbc.com/sitemaps/https-sitemap-com-archive-105.xml,Gaza children searching for food to keep families alive,"As aid reaching the territory dwindles, reports of widespread malnutrition are increasing.",2026-02-19T08:29:03+00:00,200,,1,2,gaza
BBC,bbc.com,https://www.bbc.com/news/world-middle-east-68399626,2024-02-26T01:11:31Z,2026-02-19T08:09:58+00:00,68399626,bbc_xml_sitemap,https://www.bbc.com/sitemaps/https-sitemap-com-archive-105.xml,Gaza crisis: A boy's journey for food to feed family,"Every morning, Mohammed goes out into the southern Gaza city of Rafah on a mission to find food.",2026-02-19T08:29:04+00:00,200,,1,5,gaza|rafah
BBC,bbc.com,https://www.bbc.com/news/world-middle-east-68486306,2024-03-19T23:04:17Z,2026-02-19T08:09:58+00:00,68486306,bbc_xml_sitemap,https://www.bbc.com/sitemaps/https-sitemap-com-archive-105.xml,"'People in Gaza desperate, eating anything they can find'","The BBC spoke to Save the Children's Gaza response leader, who described the situation of near-starvation.",2026-02-19T08:29:05+00:00,200,,1,2,gaza
BBC,bbc.com,https://www.bbc.com/news/world-middle-east-68464207,2024-03-03T23:26:58Z,2026-02-19T08:09:58+00:00,68464207,bbc_xml_sitemap,https://www.bbc.com/sitemaps/https-sitemap-com-archive-105.xml,Israel-Gaza war: Kamala Harris urges more aid for starving Gazans,US Vice-President Kamala Harris says Israel must let more aid into Gaza and calls for an immediate ceasefire.,2026-02-19T08:29:07+00:00,200,,1,6,israel|gaza|ceasefire
BBC,bbc.com,https://www.bbc.com/news/world-middle-east-68691102,2024-03-29T12:17:45Z,2026-02-19T08:09:58+00:00,68691102,bbc_xml_sitemap,https://www.bbc.com/sitemaps/https-sitemap-com-archive-105.xml,Syria accuses Israel after strikes kill more than 40 near Aleppo,Hezbollah and Syrian forces are among 42 reported killed in one of the deadliest attacks of its kind.,2026-02-19T08:29:08+00:00,200,,1,6,israel|hezbollah|strike
BBC,bbc.com,https://www.bbc.com/news/world-middle-east-68341694,2024-02-19T17:12:00Z,2026-02-19T08:09:58+00:00,68341694,bbc_xml_sitemap,https://www.bbc.com/sitemaps/https-sitemap-com-archive-105.xml,Israel's Rafah deadline raises stakes as Ramadan approaches,Indirect talks between Israel and Hamas have not brought the war to an end - and a pivotal few weeks looms.,2026-02-19T08:29:09+00:00,200,,1,7,israel|rafah|hamas
BBC,bbc.com,https://www.bbc.com/news/world-middle-east-68277124,2024-02-12T17:15:41Z,2026-02-19T08:09:58+00:00,68277124,bbc_xml_sitemap,https://www.bbc.com/sitemaps/https-sitemap-com-archive-105.xml,Israel to act on soldier misconduct after BBC investigation,A BBC Verify investigation found videos showing detainees that legal experts say may breach international law.,2026-02-19T08:29:10+00:00,200,,1,3,israel|un
BBC,bbc.com,https://www.bbc.com/news/world-middle-east-68318856,2024-02-19T17:04:09Z,2026-02-19T08:09:58+00:00,68318856,bbc_xml_sitemap,https://www.bbc.com/sitemaps/https-sitemap-com-archive-105.xml,"Israeli PM 'missed chance' to cut off Hamas cash, says ex-spy chief",Former spy chief tells BBC that Benjamin Netanyahu didn't act on advice to hit the group's money streams.,2026-02-19T08:29:11+00:00,200,,1,7,israel|israeli|hamas
BBC,bbc.com,https://www.bbc.com/news/world-middle-east-68276452,2024-02-12T17:50:01Z,2026-02-19T08:09:58+00:00,68276452,bbc_xml_sitemap,https://www.bbc.com/sitemaps/https-sitemap-com-archive-105.xml,Gaza war: What we know about Israel's Rafah hostage rescue raid,Israeli commandos rescued two men in an operation that reportedly killed dozens of Palestinians.,2026-02-19T08:29:12+00:00,200,,1,14,israel|israeli|palestin|gaza|rafah|pa|hostage
BBC,bbc.com,https://www.bbc.com/news/world-middle-east-68180642,2024-02-05T17:07:31Z,2026-02-19T08:09:58+00:00,68180642,bbc_xml_sitemap,https://www.bbc.com/sitemaps/https-sitemap-com-archive-105.xml,Israel-Gaza war: Unknown fate of six-year-old Hind Rajab trapped under fire,Six-year-old Hind was last heard from trapped in a car surrounded by bodies - then the line went dead.,2026-02-19T08:29:12+00:00,200,,1,6,israel|gaza|un
BBC,bbc.com,https://www.bbc.com/news/world-middle-east-68210344,2024-02-05T17:39:33Z,2026-02-19T08:09:58+00:00,68210344,bbc_xml_sitemap,https://www.bbc.com/sitemaps/https-sitemap-com-archive-105.xml,BBC Verify looks at impact of strikes in Yemen,BBC Verify looks at whether the air strikes on Yemen are impacting Houthi attacks in the Red Sea.,2026-02-19T08:29:13+00:00,200,,0,3,pa|air strike|strike
BBC,bbc.com,https://www.bbc.com/news/world-middle-east-68274757,2024-02-12T17:58:09Z,2026-02-19T08:09:58+00:00,68274757,bbc_xml_sitemap,https://www.bbc.com/sitemaps/https-sitemap-com-archive-105.xml,"Israel’s assault on Rafah looms, but no plan yet to evacuate civilians",Aid agencies say there is nowhere safe to move the 1.5 million people now sheltering in the city.,2026-02-19T08:29:14+00:00,200,,1,5,israel|rafah
BBC,bbc.com,https://www.bbc.com/news/world-middle-east-68342759,2024-02-19T17:27:54Z,2026-02-19T08:09:58+00:00,68342759,bbc_xml_sitemap,https://www.bbc.com/sitemaps/https-sitemap-com-archive-105.xml,Huge explosions as Israel strikes southern Lebanon,Israel's military says it hit weapons depots in response to a drone launched by Hezbollah.,2026-02-19T08:29:15+00:00,200,,1,8,israel|plo|hezbollah|strike|un
BBC,bbc.com,https://www.bbc.com/news/world-middle-east-68276216,2024-02-12T21:50:39Z,2026-02-19T08:09:58+00:00,68276216,bbc_xml_sitemap,https://www.bbc.com/sitemaps/https-sitemap-com-archive-105.xml,Israel Gaza: Palestinians sheltering in Rafah fear impending offensive,"The UN warns an assault on the Gaza city sheltering more than a million people would be ""terrifying"".",2026-02-19T08:29:16+00:00,200,,1,11,israel|palestin|gaza|rafah|pa|un
BBC,bbc.com,https://www.bbc.com/news/world-middle-east-68280754,2024-02-12T23:51:56Z,2026-02-19T08:09:58+00:00,68280754,bbc_xml_sitemap,https://www.bbc.com/sitemaps/https-sitemap-com-archive-105.xml,BBC Verify looks at images from space that show how crowded Rafah is,"BBC Verify looks at Gaza's southernmost city, which is full of people who have fled their homes.",2026-02-19T08:29:17+00:00,200,,1,6,gaza|rafah|pa
BBC,bbc.com,https://www.bbc.com/news/world-middle-east-68280216,2024-02-13T01:04:01Z,2026-02-19T08:09:58+00:00,68280216,bbc_xml_sitemap,https://www.bbc.com/sitemaps/https-sitemap-com-archive-105.xml,BBC follows Gaza’s tireless paramedics as they confront death and trauma at every turn,BBC News Arabic followed three first responders working under intense bombardment in the first month of the war.,2026-02-19T08:29:18+00:00,200,,1,5,gaza|pa|bombard|un
BBC,bbc.com,https://www.bbc.com/news/world-middle-east-68531231,2024-03-11T13:41:57Z,2026-02-19T08:09:58+00:00,68531231,bbc_xml_sitemap,https://www.bbc.com/sitemaps/https-sitemap-com-archive-105.xml,Israel-Gaza war: Gaza aid ship yet to leave Cyprus,"The Spanish vessel was due to sail on Sunday, but by Monday morning it was still docked in Larnaca.",2026-02-19T08:29:19+00:00,200,,1,7,israel|gaza|pa|un
BBC,bbc.com,https://www.bbc.com/news/world-middle-east-68338551,2024-02-20T06:01:09Z,2026-02-19T08:09:58+00:00,68338551,bbc_xml_sitemap,https://www.bbc.com/sitemaps/https-sitemap-com-archive-105.xml,'Evacuating was a mistake': Israelis push to return to border homes,Israel's government is under pressure to let people return to communities in the north and south.,2026-02-19T08:29:20+00:00,200,,1,6,israel|israeli|un
BBC,bbc.com,https://www.bbc.com/news/world-middle-east-68345117,2024-02-20T03:28:40Z,2026-02-19T08:09:58+00:00,68345117,bbc_xml_sitemap,https://www.bbc.com/sitemaps/https-sitemap-com-archive-105.xml,Watch: WHO releases video from inside raided Gaza hospital,"UN doctors were granted access to the Nasser Medical Complex. One described it as a ""death zone"".",2026-02-19T08:29:21+00:00,200,,1,3,gaza|un
BBC,bbc.com,https://www.bbc.com/news/world-middle-east-68281213,2024-02-13T12:05:54Z,2026-02-19T08:09:58+00:00,68281213,bbc_xml_sitemap,https://www.bbc.com/sitemaps/https-sitemap-com-archive-105.xml,Israel Gaza: Biden says Israel must protect vulnerable in Rafah,The US president says Israeli operations in the Gazan city must include a plan to protect civilians.,2026-02-19T08:29:22+00:00,200,,1,9,israel|israeli|gaza|rafah
BBC,bbc.com,https://www.bbc.com/news/world-middle-east-68614549,2024-03-20T17:32:34Z,2026-02-19T08:09:58+00:00,68614549,bbc_xml_sitemap,https://www.bbc.com/sitemaps/https-sitemap-com-archive-105.xml,Blinken visits Middle East to discuss Gaza post-war plan,"The US secretary of state lands in Saudi Arabia, as fighting rages around Gaza's al-Shifa hospital.",2026-02-19T08:29:23+00:00,200,,1,3,gaza|un
BBC,bbc.com,https://www.bbc.com/news/world-middle-east-68469699,2024-03-04T13:46:21Z,2026-02-19T08:09:58+00:00,68469699,bbc_xml_sitemap,https://www.bbc.com/sitemaps/https-sitemap-com-archive-105.xml,Gaza war: Hopes for ceasefire falter ahead of Ramadan,Progress appears to be stalling over whether Hamas can provide information about hostages.,2026-02-19T08:29:24+00:00,200,,1,10,gaza|hamas|ceasefire|hostage|hostages
BBC,bbc.com,https://www.bbc.com/news/world-middle-east-68282603,2024-02-13T09:04:17Z,2026-02-19T08:09:58+00:00,68282603,bbc_xml_sitemap,https://www.bbc.com/sitemaps/https-sitemap-com-archive-105.xml,Emotional moment Israeli hostages hug with reunited family,"Fernando and Louis were reunited with their families in Sheba Hospital, after they were rescued in Rafah.",2026-02-19T08:29:25+00:00,200,,1,12,israel|israeli|rafah|hostage|hostages|un
BBC,bbc.com,https://www.bbc.com/news/world-middle-east-68406546,2024-02-26T18:47:12Z,2026-02-19T08:09:58+00:00,68406546,bbc_xml_sitemap,https://www.bbc.com/sitemaps/https-sitemap-com-archive-105.xml,Palestinian Authority PM Shtayyeh resigns citing new 'reality' in Gaza,Mohammed Shtayyeh's decision to step down could pave the way for a technocratic government.,2026-02-19T08:29:27+00:00,200,,1,7,palestin|gaza|palestinian authority|pa
BBC,bbc.com,https://www.bbc.com/news/world-middle-east-68284819,2024-02-13T14:56:43Z,2026-02-19T08:09:58+00:00,68284819,bbc_xml_sitemap,https://www.bbc.com/sitemaps/https-sitemap-com-archive-105.xml,Israel Gaza: Ceasefire talks resume as Rafah under fire,"Senior US, Israeli, Qatari and Egyptian officials meet amid fears Israel could expand its ground offensive.",2026-02-19T08:29:29+00:00,200,,1,13,israel|israeli|gaza|rafah|pa|ceasefire|ground offensive|un
BBC,bbc.com,https://www.bbc.com/news/world-middle-east-68285677,2024-02-13T13:47:57Z,2026-02-19T08:09:58+00:00,68285677,bbc_xml_sitemap,https://www.bbc.com/sitemaps/https-sitemap-com-archive-105.xml,Death and trauma at every turn for Gaza’s paramedics,"As waves of air strikes hit northern Gaza in the first month of war, BBC News Arabic followed the tireless first responders.",2026-02-19T08:29:31+00:00,200,,1,5,gaza|pa|air strike|strike
BBC,bbc.com,https://www.bbc.com/news/world-middle-east-68410226,2024-02-27T19:20:02Z,2026-02-19T08:09:58+00:00,68410226,bbc_xml_sitemap,https://www.bbc.com/sitemaps/https-sitemap-com-archive-105.xml,Israel Gaza: Biden hopes for ceasefire by next week,The US president says the warring sides are close to a truce but Hamas says a deal is not that close.,2026-02-19T08:29:31+00:00,200,,1,9,israel|gaza|hamas|ceasefire|truce
BBC,bbc.com,https://www.bbc.com/news/world-middle-east-68410504,2024-02-27T03:07:21Z,2026-02-19T08:09:58+00:00,68410504,bbc_xml_sitemap,https://www.bbc.com/sitemaps/https-sitemap-com-archive-105.xml,Watch: Survivors rescued from building in Rafah after air strike,An eyewitness says a seven-year-old child was among those killed when the building collapsed.,2026-02-19T08:29:32+00:00,200,,1,4,rafah|air strike|strike
BBC,bbc.com,https://www.bbc.com/news/world-middle-east-68400463,2024-02-26T21:01:00Z,2026-02-19T08:09:58+00:00,68400463,bbc_xml_sitemap,https://www.bbc.com/sitemaps/https-sitemap-com-archive-105.xml,'Who will call me Dad?' Tears of Gaza father who lost 103 relatives,"Ahmad al-Ghuferi's wife, mother and daughters were killed when a strike hit the home where they sheltered.",2026-02-19T08:29:33+00:00,200,,1,3,gaza|strike
BBC,bbc.com,https://www.bbc.com/news/world-middle-east-68401909,2024-02-26T21:24:03Z,2026-02-19T08:09:58+00:00,68401909,bbc_xml_sitemap,https://www.bbc.com/sitemaps/https-sitemap-com-archive-105.xml,UN's top court hears key case on Israeli occupation of the Palestinian Territories,"The ICJ will issue an opinion on the legality of the occupation, though Israel has snubbed the hearings.",2026-02-19T08:29:34+00:00,200,,1,13,israel|israeli|palestin|pa|occupation|un|icj
BBC,bbc.com,https://www.bbc.com/news/world-middle-east-68474899,2024-03-05T13:38:58Z,2026-02-19T08:09:58+00:00,68474899,bbc_xml_sitemap,https://www.bbc.com/sitemaps/https-sitemap-com-archive-105.xml,UN: 'Convincing information' sexual violence committed against hostages in Gaza,"The UN also found ""reasonable grounds to believe"" rapes took place during Hamas's 7 October attack.",2026-02-19T08:29:35+00:00,200,,1,10,gaza|hamas|hostage|hostages|un
BBC,bbc.com,https://www.bbc.com/news/world-middle-east-68471572,2024-03-05T03:31:04Z,2026-02-19T08:09:58+00:00,68471572,bbc_xml_sitemap,https://www.bbc.com/sitemaps/https-sitemap-com-archive-105.xml,Children starving to death in northern Gaza - WHO,The World Health Organisation chief says 10 children have died due to lack of food in northern Gaza.,2026-02-19T08:29:36+00:00,200,,1,2,gaza
BBC,bbc.com,https://www.bbc.com/news/world-middle-east-68349031,2024-02-20T19:16:03Z,2026-02-19T08:09:58+00:00,68349031,bbc_xml_sitemap,https://www.bbc.com/sitemaps/https-sitemap-com-archive-105.xml,Israel-Gaza war: World Food Programme stops deliveries to northern Gaza,The agency says lorries faced gunfire and looting. The UN has warned of looming famine in the north.,2026-02-19T08:29:37+00:00,200,,1,6,israel|gaza|un
BBC,bbc.com,https://www.bbc.com/news/world-middle-east-68614552,2024-03-21T15:37:21Z,2026-02-19T08:09:58+00:00,68614552,bbc_xml_sitemap,https://www.bbc.com/sitemaps/https-sitemap-com-archive-105.xml,Israeli government spokesman Eylon Levy suspended after UK online row,It is understood Eylon Levy was suspended over an online exchange with the UK foreign secretary.,2026-02-19T08:29:37+00:00,200,,1,6,israel|israeli|un
BBC,bbc.com,https://www.bbc.com/news/world-middle-east-68348021,2024-02-21T07:44:00Z,2026-02-19T08:09:58+00:00,68348021,bbc_xml_sitemap,https://www.bbc.com/sitemaps/https-sitemap-com-archive-105.xml,WHO fears for remaining patients at Gaza's Nasser hospital,"Some 130 patients remain at the raided facility with no electricity or running water, UN agency warns.",2026-02-19T08:29:39+00:00,200,,1,4,gaza|pa|un
BBC,bbc.com,https://www.bbc.com/news/world-middle-east-68539703,2024-03-12T05:55:29Z,2026-02-19T08:09:58+00:00,68539703,bbc_xml_sitemap,https://www.bbc.com/sitemaps/https-sitemap-com-archive-105.xml,Verified footage shows people detained after raid on Nasser Hospital,Footage verified by the BBC shows people detained after an Israeli military raid on Nasser Hospital.,2026-02-19T08:29:40+00:00,200,,1,6,israel|israeli|israeli military
BBC,bbc.com,https://www.bbc.com/news/world-middle-east-68223494,2024-02-06T21:41:35Z,2026-02-19T08:09:58+00:00,68223494,bbc_xml_sitemap,https://www.bbc.com/sitemaps/https-sitemap-com-archive-105.xml,Israel-Gaza war: Hamas responds to proposed Gaza ceasefire plan,"Israel and the US say they are reviewing the response, which Qatar has described as ""positive"".",2026-02-19T08:29:41+00:00,200,,1,8,israel|gaza|hamas|ceasefire
BBC,bbc.com,https://www.bbc.com/news/world-middle-east-68513408,2024-03-12T06:00:11Z,2026-02-19T08:09:58+00:00,68513408,bbc_xml_sitemap,https://www.bbc.com/sitemaps/https-sitemap-com-archive-105.xml,Gaza medics tell BBC that Israeli troops beat and humiliated them after hospital raid,"Medical staff at Nasser hospital say they were blindfolded, detained, and forced to strip by Israeli soldiers.",2026-02-19T08:29:42+00:00,200,,1,7,israel|israeli|gaza
BBC,bbc.com,https://www.bbc.com/news/world-middle-east-68539702,2024-03-12T05:55:02Z,2026-02-19T08:09:58+00:00,68539702,bbc_xml_sitemap,https://www.bbc.com/sitemaps/https-sitemap-com-archive-105.xml,Nasser Hospital doctor says he was detained and beaten by IDF,Dr Ahmed Abu Sabha said he was detained by Israeli forces after the IDF's raid on Nasser Hospital.,2026-02-19T08:29:43+00:00,200,,1,7,israel|israeli|idf
BBC,bbc.com,https://www.bbc.com/news/world-middle-east-68471121,2024-03-05T06:19:17Z,2026-02-19T08:09:58+00:00,68471121,bbc_xml_sitemap,https://www.bbc.com/sitemaps/https-sitemap-com-archive-105.xml,Gaza widows and orphans struggle with loss in makeshift camp,A woman tells the BBC she had just given birth when her husband was hit by Israeli naval fire.,2026-02-19T08:29:44+00:00,200,,1,7,israel|israeli|gaza
BBC,bbc.com,https://www.bbc.com/news/world-middle-east-68346047,2024-02-20T15:22:27Z,2026-02-19T08:09:58+00:00,68346047,bbc_xml_sitemap,https://www.bbc.com/sitemaps/https-sitemap-com-archive-105.xml,Watch: WHO releases video from inside raided Gaza hospital,"One of the UN doctors granted access to Nasser hospital describes it as a ""death zone"".",2026-02-19T08:29:45+00:00,200,,1,3,gaza|un
BBC,bbc.com,https://www.bbc.com/news/world-middle-east-68541981,2024-03-12T18:04:30Z,2026-02-19T08:09:58+00:00,68541981,bbc_xml_sitemap,https://www.bbc.com/sitemaps/https-sitemap-com-archive-105.xml,Gaza war: First aid ship sets off from Cyprus,The charity ship Open Arms aims to deliver 200 tonnes of food as part of a new maritime aid corridor.,2026-02-19T08:29:46+00:00,200,,1,3,gaza|pa
BBC,bbc.com,https://www.bbc.com/news/world-middle-east-68224415,2024-02-07T00:28:55Z,2026-02-19T08:09:58+00:00,68224415,bbc_xml_sitemap,https://www.bbc.com/sitemaps/https-sitemap-com-archive-105.xml,Syria says Israel bombed targets in Homs area,"Shuyrat air base is said to have been targeted, with reports of people killed or injured.",2026-02-19T08:29:47+00:00,200,,1,2,israel
BBC,bbc.com,https://www.bbc.com/news/world-middle-east-68287513,2024-02-14T05:39:39Z,2026-02-19T08:09:58+00:00,68287513,bbc_xml_sitemap,https://www.bbc.com/sitemaps/https-sitemap-com-archive-105.xml,Israel Gaza: UN warns of 'slaughter' if Israel launches ground assault on Rafah,"Its aid chief says more than a million people in the Gazan city are staring ""death in the face"".",2026-02-19T08:29:47+00:00,200,,1,8,israel|gaza|rafah|un
BBC,bbc.com,https://www.bbc.com/news/world-middle-east-68541353,2024-03-12T04:25:47Z,2026-02-19T08:09:58+00:00,68541353,bbc_xml_sitemap,https://www.bbc.com/sitemaps/https-sitemap-com-archive-105.xml,Israel Gaza: ‘We don’t feel the joy of Ramadan’,Displaced people in Rafah prepare meals using the limited food available to mark the start of the Muslim holy month.,2026-02-19T08:29:48+00:00,200,,1,8,israel|gaza|rafah|pa
BBC,bbc.com,https://www.bbc.com/news/world-middle-east-68542364,2024-03-12T08:02:14Z,2026-02-19T08:09:58+00:00,68542364,bbc_xml_sitemap,https://www.bbc.com/sitemaps/https-sitemap-com-archive-105.xml,‘We don’t feel the joy’: Ramadan marred by Israel-Gaza war,Refugees in Rafah prepare meals using the limited food available to mark the start of the Muslim holy month.,2026-02-19T08:29:49+00:00,200,,1,8,israel|gaza|rafah|pa
BBC,bbc.com,https://www.bbc.com/news/world-middle-east-68629540,2024-03-21T16:50:05Z,2026-02-19T08:09:58+00:00,68629540,bbc_xml_sitemap,https://www.bbc.com/sitemaps/https-sitemap-com-archive-105.xml,New Gaza hospital raid shows Hamas is not a spent force,"It is the second time Israeli forces have gone into al-Shifa, where they say Hamas has regrouped.",2026-02-19T08:29:50+00:00,200,,1,9,israel|israeli|gaza|hamas
BBC,bbc.com,https://www.bbc.com/news/world-middle-east-68355436,2024-02-21T11:01:03Z,2026-02-19T08:09:58+00:00,68355436,bbc_xml_sitemap,https://www.bbc.com/sitemaps/https-sitemap-com-archive-105.xml,Israel Gaza: China condemns US veto of call for immediate ceasefire at UN,"Beijing suggests blocking calls for an immediate ceasefire gives a “green light to continued slaughter"".",2026-02-19T08:29:51+00:00,200,,1,7,israel|gaza|ceasefire|un
BBC,bbc.com,https://www.bbc.com/news/world-middle-east-68399627,2024-02-27T14:24:46Z,2026-02-19T08:09:58+00:00,68399627,bbc_xml_sitemap,https://www.bbc.com/sitemaps/https-sitemap-com-archive-105.xml,Gaza crisis: A boy's journey for food to feed family,"In northern Gaza the food crisis is at its worst, with many starving and the UN warning of a risk of famine.",2026-02-19T08:29:52+00:00,200,,1,3,gaza|un
BBC,bbc.com,https://www.bbc.com/news/world-middle-east-68345120,2024-02-21T03:29:41Z,2026-02-19T08:09:58+00:00,68345120,bbc_xml_sitemap,https://www.bbc.com/sitemaps/https-sitemap-com-archive-105.xml,Watch moment French warships intercept drones from Yemen,Large explosions can be seen in footage released by France from its patrol zones in the Red Sea.,2026-02-19T08:29:54+00:00,200,,0,2,pa|plo
BBC,bbc.com,https://www.bbc.com/news/world-middle-east-68550937,2024-03-13T07:30:02Z,2026-02-19T08:09:58+00:00,68550937,bbc_xml_sitemap,https://www.bbc.com/sitemaps/https-sitemap-com-archive-105.xml,Israel Gaza war: EU says starvation being used as a weapon,The bloc's foreign policy chief says not enough aid is getting in because land routes are being closed off.,2026-02-19T08:29:58+00:00,200,,1,5,israel|gaza
BBC,bbc.com,https://www.bbc.com/news/world-middle-east-68419581,2024-02-27T21:01:02Z,2026-02-19T08:09:58+00:00,68419581,bbc_xml_sitemap,https://www.bbc.com/sitemaps/https-sitemap-com-archive-105.xml,Gazans in survival mode with cold nights and food rations,The BBC speaks to people in Gaza who are scouring markets for food and working in overcrowded hospitals.,2026-02-19T08:30:00+00:00,200,,1,2,gaza
BBC,bbc.com,https://www.bbc.com/news/world-middle-east-68616964,2024-03-22T06:03:34Z,2026-02-19T08:09:58+00:00,68616964,bbc_xml_sitemap,https://www.bbc.com/sitemaps/https-sitemap-com-archive-105.xml,‘I wish for death' - 12-year-old orphan in Gaza,"Alma's family was killed when a bomb hit their building, leaving her an orphan.",2026-02-19T08:30:01+00:00,200,,1,2,gaza
BBC,bbc.com,https://www.bbc.com/news/world-middle-east-68225663,2024-02-07T15:39:53Z,2026-02-19T08:09:58+00:00,68225663,bbc_xml_sitemap,https://www.bbc.com/sitemaps/https-sitemap-com-archive-105.xml,Israel-Gaza war: Hamas responds to ceasefire offer with 135-day truce plan,The group is seeking a hostage-prisoner swap and full Israeli withdrawal from Gaza.,2026-02-19T08:30:02+00:00,200,,1,14,israel|israeli|gaza|hamas|ceasefire|truce|hostage|prisoner
BBC,bbc.com,https://www.bbc.com/news/world-middle-east-68625406,2024-03-22T06:04:43Z,2026-02-19T08:09:58+00:00,68625406,bbc_xml_sitemap,https://www.bbc.com/sitemaps/https-sitemap-com-archive-105.xml,Israel-Gaza war: Gazan girl begs rescuers to save brother first as entire family killed,"Alma's parents, brothers and sister were all killed when a bomb destroyed the building they were sheltering in.",2026-02-19T08:30:04+00:00,200,,1,6,israel|gaza|pa
BBC,bbc.com,https://www.bbc.com/news/world-middle-east-68292471,2024-02-14T22:52:21Z,2026-02-19T08:09:58+00:00,68292471,bbc_xml_sitemap,https://www.bbc.com/sitemaps/https-sitemap-com-archive-105.xml,Israel launches deadly air strikes in Lebanon after rockets hit army base,"At least seven civilians are killed, security sources say, after a rocket attack killed an Israeli soldier.",2026-02-19T08:30:08+00:00,200,,1,9,israel|israeli|air strike|strike|rocket|un
BBC,bbc.com,https://www.bbc.com/news/world-middle-east-68356933,2024-02-21T14:35:19Z,2026-02-19T08:09:58+00:00,68356933,bbc_xml_sitemap,https://www.bbc.com/sitemaps/https-sitemap-com-archive-105.xml,"Israeli missile strike on Damascus flat kills two, Syria says",Israel's military has not commented on the reported attack on a building in the Syrian capital.,2026-02-19T08:30:08+00:00,200,,1,7,israel|israeli|strike|missile
BBC,bbc.com,https://www.bbc.com/news/world-middle-east-68486248,2024-03-05T22:48:37Z,2026-02-19T08:09:58+00:00,68486248,bbc_xml_sitemap,https://www.bbc.com/sitemaps/https-sitemap-com-archive-105.xml,World Food Programme says northern Gaza aid convoy blocked,The UN agency says Israeli forces turned back a convoy of 14 lorries taking aid to northern Gaza.,2026-02-19T08:30:11+00:00,200,,1,9,israel|israeli|gaza|un|aid convoy
BBC,bbc.com,https://www.bbc.com/news/world-middle-east-68358053,2024-02-21T13:14:56Z,2026-02-19T08:09:58+00:00,68358053,bbc_xml_sitemap,https://www.bbc.com/sitemaps/https-sitemap-com-archive-105.xml,"Gaza food crisis: I miss bread, says girl",Footage shows desperation as crowds rush to aid deliveries.,2026-02-19T08:30:11+00:00,200,,1,2,gaza
BBC,bbc.com,https://www.bbc.com/news/world-middle-east-68552311,2024-03-13T12:28:45Z,2026-02-19T08:09:58+00:00,68552311,bbc_xml_sitemap,https://www.bbc.com/sitemaps/https-sitemap-com-archive-105.xml,UN aid convoy uses new land route from Israel to reach north Gaza,"Lorries used a gate in the border fence to reach the north, where the UN says famine is looming.",2026-02-19T08:30:12+00:00,200,,1,7,israel|gaza|un|aid convoy
BBC,bbc.com,https://www.bbc.com/news/world-middle-east-68359454,2024-02-21T11:49:16Z,2026-02-19T08:09:58+00:00,68359454,bbc_xml_sitemap,https://www.bbc.com/sitemaps/https-sitemap-com-archive-105.xml,Aftermath of Israeli strike on residential building in Damascus,Verified footage shows damage to a residential building near a school in Syria's capital Damascus.,2026-02-19T08:30:13+00:00,200,,1,6,israel|israeli|strike
BBC,bbc.com,https://www.bbc.com/news/world-middle-east-68232883,2024-02-07T22:30:41Z,2026-02-19T08:09:58+00:00,68232883,bbc_xml_sitemap,https://www.bbc.com/sitemaps/https-sitemap-com-archive-105.xml,Gaza ceasefire: Israel's PM Benjamin Netanyahu rejects Hamas's proposed terms,"Israel's PM insists he will accept only ""total victory"", and calls Hamas's truce terms ""delusional"".",2026-02-19T08:30:16+00:00,200,,1,9,israel|gaza|hamas|ceasefire|truce
BBC,bbc.com,https://www.bbc.com/news/world-middle-east-68627272,2024-03-22T17:20:18Z,2026-02-19T08:09:58+00:00,68627272,bbc_xml_sitemap,https://www.bbc.com/sitemaps/https-sitemap-com-archive-105.xml,US call at UN for Gaza truce linked to hostages blocked,The draft resolution put to the UN Security Council marked a hardening of its stance towards Israel.,2026-02-19T08:30:17+00:00,200,,1,12,israel|gaza|truce|hostage|hostages|un|security council
BBC,bbc.com,https://www.bbc.com/news/world-middle-east-68554145,2024-03-13T11:23:56Z,2026-02-19T08:09:58+00:00,68554145,bbc_xml_sitemap,https://www.bbc.com/sitemaps/https-sitemap-com-archive-105.xml,Piecing together the story of Nasser hospital using footage,BBC Verify authenticates video from key moments in the story of Nasser Medical Complex in Gaza.,2026-02-19T08:30:18+00:00,200,,1,2,gaza
BBC,bbc.com,https://www.bbc.com/news/world-middle-east-68293874,2024-02-14T19:04:43Z,2026-02-19T08:09:58+00:00,68293874,bbc_xml_sitemap,https://www.bbc.com/sitemaps/https-sitemap-com-archive-105.xml,Israel orders evacuation of largest hospital in southern Gaza,Doctors and health officials say a number of people there have been killed by Israeli sniper fire in recent days.,2026-02-19T08:30:19+00:00,200,,1,7,israel|israeli|gaza
BBC,bbc.com,https://www.bbc.com/news/world-middle-east-68476386,2024-03-06T03:20:16Z,2026-02-19T08:09:58+00:00,68476386,bbc_xml_sitemap,https://www.bbc.com/sitemaps/https-sitemap-com-archive-105.xml,Watch: Heavy barrage of missiles intercepted by Israel’s Iron Dome,Dramatic footage shows multiple missiles exploding in the border area between Israel and Lebanon.,2026-02-19T08:30:20+00:00,200,,1,4,israel|plo|missile
BBC,bbc.com,https://www.bbc.com/news/world-middle-east-68557035,2024-03-13T20:27:42Z,2026-02-19T08:09:58+00:00,68557035,bbc_xml_sitemap,https://www.bbc.com/sitemaps/https-sitemap-com-archive-105.xml,Gaza war: UNRWA says Rafah aid centre hit by Israeli forces,"UNRWA says an employee was killed in a strike in Rafah, which Israel says killed a Hamas commander.",2026-02-19T08:30:23+00:00,200,,1,16,israel|israeli|gaza|rafah|hamas|plo|strike|un|unrwa
BBC,bbc.com,https://www.bbc.com/news/world-middle-east-68235311,2024-02-08T03:47:24Z,2026-02-19T08:09:58+00:00,68235311,bbc_xml_sitemap,https://www.bbc.com/sitemaps/https-sitemap-com-archive-105.xml,US drone strike kills Iran-backed militia leader in Baghdad,The Pentagon says the Kataib Hezbollah leader was responsible for directing attacks on American forces.,2026-02-19T08:30:24+00:00,200,,1,3,hezbollah|strike
BBC,bbc.com,https://www.bbc.com/news/world-middle-east-68557147,2024-03-13T15:51:40Z,2026-02-19T08:09:58+00:00,68557147,bbc_xml_sitemap,https://www.bbc.com/sitemaps/https-sitemap-com-archive-105.xml,Israeli forces shoot dead 12-year-old Palestinian who set off firework,Rami Hamdan Al-Halhouli was shot by an Israeli police officer in the walled-in Shuafat refugee camp.,2026-02-19T08:30:25+00:00,200,,1,8,israel|israeli|palestin|pa
BBC,bbc.com,https://www.bbc.com/news/world-middle-east-68553433,2024-03-13T12:10:10Z,2026-02-19T08:09:58+00:00,68553433,bbc_xml_sitemap,https://www.bbc.com/sitemaps/https-sitemap-com-archive-105.xml,"World's oldest known lipstick traced back 5,000 years",The deep red lip-paint found at an ancient graveyard site in what is now southern Iran is identified.,2026-02-19T08:30:25+00:00,200,,1,2,pa|un
BBC,bbc.com,https://www.bbc.com/news/world-middle-east-68557915,2024-03-13T17:29:46Z,2026-02-19T08:09:58+00:00,68557915,bbc_xml_sitemap,https://www.bbc.com/sitemaps/https-sitemap-com-archive-105.xml,Freed Israeli hostage demands world do more for those still held in Gaza,"Itay Regev, 19, told the BBC he was held in ""horrific"" conditions by ""very, very vicious"" captors.",2026-02-19T08:30:26+00:00,200,,1,9,israel|israeli|gaza|hostage
BBC,bbc.com,https://www.bbc.com/news/world-middle-east-68363263,2024-02-21T16:30:45Z,2026-02-19T08:09:58+00:00,68363263,bbc_xml_sitemap,https://www.bbc.com/sitemaps/https-sitemap-com-archive-105.xml,"Gaza food crisis: I miss bread, says girl",Footage shows desperation as crowds rush to aid deliveries.,2026-02-19T08:30:27+00:00,200,,1,2,gaza
BBC,bbc.com,https://www.bbc.com/news/world-middle-east-68355125,2024-02-21T17:01:19Z,2026-02-19T08:09:58+00:00,68355125,bbc_xml_sitemap,https://www.bbc.com/sitemaps/https-sitemap-com-archive-105.xml,"'Dad, please don't go out': The Gazans killed as Israel freed hostages",Shrapnel ripped through the tents of displaced Palestinians as the Israeli military rescued two hostages.,2026-02-19T08:30:28+00:00,200,,1,15,israel|israeli|palestin|gaza|israeli military|pa|hostage|hostages
BBC,bbc.com,https://www.bbc.com/news/world-middle-east-68231543,2024-02-08T00:00:08Z,2026-02-19T08:09:58+00:00,68231543,bbc_xml_sitemap,https://www.bbc.com/sitemaps/https-sitemap-com-archive-105.xml,'We are surrounded': Guarding the Middle East's most dangerous border,Clashes between Israel and Hezbollah are intensifying as the risk of a wider regional conflict grows.,2026-02-19T08:30:29+00:00,200,,1,6,israel|hezbollah|un
BBC,bbc.com,https://www.bbc.com/news/world-middle-east-68234011,2024-02-07T21:33:05Z,2026-02-19T08:09:58+00:00,68234011,bbc_xml_sitemap,https://www.bbc.com/sitemaps/https-sitemap-com-archive-105.xml,"'We are on our way to absolute victory', says Israeli PM",Benjamin Netanyahu said the goal for the Israel Defense Forces was to eliminate Hamas.,2026-02-19T08:30:31+00:00,200,,1,8,israel|israeli|hamas|israel defense forces
BBC,bbc.com,https://www.bbc.com/news/world-middle-east-68302064,2024-02-15T02:33:06Z,2026-02-19T08:09:58+00:00,68302064,bbc_xml_sitemap,https://www.bbc.com/sitemaps/https-sitemap-com-archive-105.xml,Israel Gaza: Netanyahu vows to press ahead with Rafah offensive,A growing chorus of world leaders is urging Israel not to attack the city packed with civilians.,2026-02-19T08:30:32+00:00,200,,1,8,israel|gaza|rafah|pa
BBC,bbc.com,https://www.bbc.com/news/world-middle-east-68483180,2024-03-06T11:23:53Z,2026-02-19T08:09:58+00:00,68483180,bbc_xml_sitemap,https://www.bbc.com/sitemaps/https-sitemap-com-archive-105.xml,Father's plea for starving children in north Gaza after son dies of malnutrition,Ali was one of at least 10 children who a WHO team said died from lack of food in a north Gaza hospital.,2026-02-19T08:30:35+00:00,200,,1,2,gaza
BBC,bbc.com,https://www.bbc.com/news/world-middle-east-68365284,2024-02-21T20:04:04Z,2026-02-19T08:09:58+00:00,68365284,bbc_xml_sitemap,https://www.bbc.com/sitemaps/https-sitemap-com-archive-105.xml,Israeli report says Hamas sexual violence 'systematic and intentional',"The Association of Rape Crisis Centers in Israel found ""identical patterns"" at 7 October attack sites.",2026-02-19T08:30:35+00:00,200,,1,9,israel|israeli|hamas|pa|un
BBC,bbc.com,https://www.bbc.com/news/world-middle-east-68641431,2024-03-23T05:27:02Z,2026-02-19T08:09:58+00:00,68641431,bbc_xml_sitemap,https://www.bbc.com/sitemaps/https-sitemap-com-archive-105.xml,First UK-funded field hospital opens in Gaza,An aid organisation is sending doctors from the UK as the humanitarian crisis in Gaza escalates.,2026-02-19T08:30:36+00:00,200,,1,4,gaza|un|humanitarian
BBC,bbc.com,https://www.bbc.com/news/world-middle-east-68489112,2024-03-06T10:05:06Z,2026-02-19T08:09:58+00:00,68489112,bbc_xml_sitemap,https://www.bbc.com/sitemaps/https-sitemap-com-archive-105.xml,Moment US cargo plane airdrops humanitarian aid into Gaza,"In a joint operation with Jordan, 60 bundles containing over 36,000 meals were dropped into the territory.",2026-02-19T08:30:37+00:00,200,,1,4,gaza|un|humanitarian
BBC,bbc.com,https://www.bbc.com/news/world-middle-east-68561634,2024-03-14T03:09:05Z,2026-02-19T08:09:58+00:00,68561634,bbc_xml_sitemap,https://www.bbc.com/sitemaps/https-sitemap-com-archive-105.xml,Israel Gaza: 'Every day felt like an eternity' - freed hostage Itay Regev,Itay Regev was kidnapped from the Nova music festival along with his sister and a friend.,2026-02-19T08:30:39+00:00,200,,1,7,israel|gaza|hostage
BBC,bbc.com,https://www.bbc.com/news/world-middle-east-68478831,2024-03-06T10:25:16Z,2026-02-19T08:09:58+00:00,68478831,bbc_xml_sitemap,https://www.bbc.com/sitemaps/https-sitemap-com-archive-105.xml,Gaza aid airdrop: Why delivering food from the air is controversial,Aid agencies see airdrops as an ineffective way of delivering assistance to people in desperate need.,2026-02-19T08:30:40+00:00,200,,1,2,gaza
BBC,bbc.com,https://www.bbc.com/news/world-middle-east-68642467,2024-03-23T03:19:08Z,2026-02-19T08:09:58+00:00,68642467,bbc_xml_sitemap,https://www.bbc.com/sitemaps/https-sitemap-com-archive-105.xml,Gaza war: How the crisis is testing the limits of US diplomacy,The US is cranking every lever to turn this crisis into a long-lasting peace. But is it an impossible dream?,2026-02-19T08:30:42+00:00,200,,1,3,gaza|plo
BBC,bbc.com,https://www.bbc.com/news/world-middle-east-68490034,2024-03-06T13:45:58Z,2026-02-19T08:09:58+00:00,68490034,bbc_xml_sitemap,https://www.bbc.com/sitemaps/https-sitemap-com-archive-105.xml,"Israel approves plans for 3,400 new homes in West Bank settlements",An Israeli minister has said the construction is a response to a recent deadly Palestinian attack.,2026-02-19T08:30:43+00:00,200,,1,12,israel|israeli|palestin|west bank|pa|settlement
BBC,bbc.com,https://www.bbc.com/news/world-middle-east-68360902,2024-02-21T22:37:58Z,2026-02-19T08:09:58+00:00,68360902,bbc_xml_sitemap,https://www.bbc.com/sitemaps/https-sitemap-com-archive-105.xml,Israel-Gaza: UK aid supplies air-dropped into Gaza for first time,The BBC's Quentin Sommerville was on board the Jordanian plane tasked with delivering the aid.,2026-02-19T08:30:45+00:00,200,,1,5,israel|gaza
BBC,bbc.com,https://www.bbc.com/news/world-middle-east-68364478,2024-02-21T22:39:12Z,2026-02-19T08:09:58+00:00,68364478,bbc_xml_sitemap,https://www.bbc.com/sitemaps/https-sitemap-com-archive-105.xml,Gaza: BBC correspondent onboard plane dropping UK aid,"The BBC's Quentin Sommerville joined a Jordanian air force crew, dropping UK aid into northern Gaza.",2026-02-19T08:30:45+00:00,200,,1,2,gaza
BBC,bbc.com,https://www.bbc.com/news/world-middle-east-68561139,2024-03-14T16:11:59Z,2026-02-19T08:09:58+00:00,68561139,bbc_xml_sitemap,https://www.bbc.com/sitemaps/https-sitemap-com-archive-105.xml,Israel says it plans 'humanitarian islands' for Gaza displaced,"It comes ahead of a planned offensive in the city of Rafah, where 1.4 million people are sheltering.",2026-02-19T08:30:47+00:00,200,,1,8,israel|gaza|rafah|humanitarian
BBC,bbc.com,https://www.bbc.com/news/world-middle-east-68646159,2024-03-23T18:20:19Z,2026-02-19T08:09:58+00:00,68646159,bbc_xml_sitemap,https://www.bbc.com/sitemaps/https-sitemap-com-archive-105.xml,Israel-Gaza war: UN Secretary General Antonio Guterres in new ceasefire call,"Antonio Guterres called on Israel to give ""total, unfettered"" access to humanitarian aid in Gaza.",2026-02-19T08:30:51+00:00,200,,1,8,israel|gaza|ceasefire|un|humanitarian
BBC,bbc.com,https://www.bbc.com/news/world-middle-east-68429768,2024-02-28T22:22:35Z,2026-02-19T08:09:58+00:00,68429768,bbc_xml_sitemap,https://www.bbc.com/sitemaps/https-sitemap-com-archive-105.xml,Is a Gaza ceasefire deal in sight?,There is renewed speculation over an agreement after the US president said it could be days away.,2026-02-19T08:30:53+00:00,200,,1,3,gaza|ceasefire
BBC,bbc.com,https://www.bbc.com/news/world-middle-east-68304979,2024-02-15T20:29:54Z,2026-02-19T08:09:58+00:00,68304979,bbc_xml_sitemap,https://www.bbc.com/sitemaps/https-sitemap-com-archive-105.xml,Nasser hospital in 'catastrophic' condition as Israeli troops raid,"IDF says it has found ""dozens of terrorists"" after raiding the Nasser hospital in Khan Younis.",2026-02-19T08:30:56+00:00,200,,1,9,israel|israeli|khan younis|idf|un
BBC,bbc.com,https://www.bbc.com/news/world-middle-east-68423995,2024-02-28T20:06:38Z,2026-02-19T08:09:58+00:00,68423995,bbc_xml_sitemap,https://www.bbc.com/sitemaps/https-sitemap-com-archive-105.xml,Journalists call for foreign media access to Gaza in open letter,More than 50 correspondents and presenters urge Israel and Egypt to allow them to enter Gaza.,2026-02-19T08:30:58+00:00,200,,1,5,israel|gaza
BBC,bbc.com,https://www.bbc.com/news/world-middle-east-68536243,2024-03-14T13:28:40Z,2026-02-19T08:09:58+00:00,68536243,bbc_xml_sitemap,https://www.bbc.com/sitemaps/https-sitemap-com-archive-105.xml,How gunfire and fear engulfed Gaza hospital before Israeli raid,"Testimony and video show how people in the grounds of Nasser hospital were shot at, killed and wounded.",2026-02-19T08:31:00+00:00,200,,1,8,israel|israeli|gaza|un
BBC,bbc.com,https://www.bbc.com/news/world-middle-east-68539701,2024-03-14T13:28:33Z,2026-02-19T08:09:58+00:00,68539701,bbc_xml_sitemap,https://www.bbc.com/sitemaps/https-sitemap-com-archive-105.xml,Gaza doctor recalls rescue during hospital raid,Dr Amira al-Assouli was volunteering at Nasser Hospital when it was raided by Israeli military in February.,2026-02-19T08:31:01+00:00,200,,1,9,israel|israeli|gaza|israeli military|un
BBC,bbc.com,https://www.bbc.com/news/world-middle-east-68364025,2024-02-22T07:16:30Z,2026-02-19T08:09:58+00:00,68364025,bbc_xml_sitemap,https://www.bbc.com/sitemaps/https-sitemap-com-archive-105.xml,Gaza: BBC correspondent onboard plane dropping UK aid,The BBC's Quentin Sommerville joined a Jordanian air force crew dropping UK aid into northern Gaza.,2026-02-19T08:31:03+00:00,200,,1,2,gaza
BBC,bbc.com,https://www.bbc.com/news/world-middle-east-68307982,2024-02-15T13:36:16Z,2026-02-19T08:09:58+00:00,68307982,bbc_xml_sitemap,https://www.bbc.com/sitemaps/https-sitemap-com-archive-105.xml,Inside Nasser hospital as Israeli forces launch raid,Video verified by the BBC shows people in fear and trying to barricade themselves in.,2026-02-19T08:31:04+00:00,200,,1,6,israel|israeli|un
BBC,bbc.com,https://www.bbc.com/news/world-middle-east-68367493,2024-02-22T14:45:35Z,2026-02-19T08:09:58+00:00,68367493,bbc_xml_sitemap,https://www.bbc.com/sitemaps/https-sitemap-com-archive-105.xml,Palestinian gunmen kill Israeli man near West Bank settlement,"Thirteen other people were hurt when three attackers shot at vehicles in a traffic jam, police say.",2026-02-19T08:31:05+00:00,200,,1,13,israel|israeli|palestin|west bank|pa|settlement|un
BBC,bbc.com,https://www.bbc.com/news/world-middle-east-68569692,2024-03-14T17:44:17Z,2026-02-19T08:09:58+00:00,68569692,bbc_xml_sitemap,https://www.bbc.com/sitemaps/https-sitemap-com-archive-105.xml,Some Gaza cancer patients denied exit through Rafah,"Despite their names appearing on authorised evacuation lists, cancer patients in Gaza are struggling to evacuate.",2026-02-19T08:31:06+00:00,200,,1,6,gaza|rafah|pa
BBC,bbc.com,https://www.bbc.com/news/world-middle-east-68310550,2024-02-15T16:22:11Z,2026-02-19T08:09:58+00:00,68310550,bbc_xml_sitemap,https://www.bbc.com/sitemaps/https-sitemap-com-archive-105.xml,BBC Verify: What we can see in video from Nasser hospital raid,BBC Verify analyses footage from the Nasser hospital in southern Gaza as Israeli forces raid the complex.,2026-02-19T08:31:07+00:00,200,,1,7,israel|israeli|gaza
BBC,bbc.com,https://www.bbc.com/news/world-middle-east-68552314,2024-03-14T17:03:15Z,2026-02-19T08:09:58+00:00,68552314,bbc_xml_sitemap,https://www.bbc.com/sitemaps/https-sitemap-com-archive-105.xml,Cancer patients stopped from leaving Gaza for treatment,The patients were not let through the Rafah crossing despite being named on authorised departure lists.,2026-02-19T08:31:09+00:00,200,,1,7,gaza|rafah|pa|rafah crossing
BBC,bbc.com,https://www.bbc.com/news/world-middle-east-68636033,2024-03-24T11:21:40Z,2026-02-19T08:09:58+00:00,68636033,bbc_xml_sitemap,https://www.bbc.com/sitemaps/https-sitemap-com-archive-105.xml,Israel-Gaza briefing: Is now the time Palestinian politics can start afresh?,"With many challenges ahead, the future of Palestinian leadership is yet to be decided, writes Lucy Williamson.",2026-02-19T08:31:10+00:00,200,,1,8,israel|palestin|gaza|pa
BBC,bbc.com,https://www.bbc.com/news/world-middle-east-68430925,2024-02-29T18:35:09Z,2026-02-19T08:09:58+00:00,68430925,bbc_xml_sitemap,https://www.bbc.com/sitemaps/https-sitemap-com-archive-105.xml,"More than 30,000 killed in Gaza, Hamas-run health ministry says","Another 70,000 Palestinians have been injured during the war, according to the Hamas-run authority.",2026-02-19T08:31:11+00:00,200,,1,9,palestin|gaza|hamas|pa|un
BBC,bbc.com,https://www.bbc.com/news/world-middle-east-68306915,2024-02-15T18:47:25Z,2026-02-19T08:09:58+00:00,68306915,bbc_xml_sitemap,https://www.bbc.com/sitemaps/https-sitemap-com-archive-105.xml,Israel-Gaza war: Rafah images show huge blast craters close to camps,BBC Verify has analysed the latest satellite image from the city in southern Gaza.,2026-02-19T08:31:12+00:00,200,,1,7,israel|gaza|rafah
BBC,bbc.com,https://www.bbc.com/news/world-middle-east-68311459,2024-02-15T20:18:49Z,2026-02-19T08:09:58+00:00,68311459,bbc_xml_sitemap,https://www.bbc.com/sitemaps/https-sitemap-com-archive-105.xml,Gaza City: Drone video shows extensive destruction in seaside city,Footage released by UNRWA this week shows a trail of devastation in the seaside city.,2026-02-19T08:31:13+00:00,200,,1,6,gaza|un|unrwa
BBC,bbc.com,https://www.bbc.com/news/world-middle-east-68247050,2024-02-09T13:59:00Z,2026-02-19T08:09:58+00:00,68247050,bbc_xml_sitemap,https://www.bbc.com/sitemaps/https-sitemap-com-archive-105.xml,Israel-Gaza war: US says it will not back unplanned Rafah offensive,The White House says it won't support operations in the southern Gaza city without due consideration for refugees there.,2026-02-19T08:31:15+00:00,200,,1,8,israel|gaza|rafah|un
BBC,bbc.com,https://www.bbc.com/news/world-middle-east-68434443,2024-03-01T07:34:42Z,2026-02-19T08:09:58+00:00,68434443,bbc_xml_sitemap,https://www.bbc.com/sitemaps/https-sitemap-com-archive-105.xml,Israel-Gaza war: More than 100 reported killed in crowd near Gaza aid convoy,"Local authorities blame Israeli soldiers for the deaths, while Israel says most were trampled or run over.",2026-02-19T08:31:16+00:00,200,,1,9,israel|israeli|gaza|un|aid convoy
BBC,bbc.com,https://www.bbc.com/news/world-middle-east-68375460,2024-02-22T19:16:30Z,2026-02-19T08:09:58+00:00,68375460,bbc_xml_sitemap,https://www.bbc.com/sitemaps/https-sitemap-com-archive-105.xml,Walled site grows at Egypt border near Gaza,"Egypt has built more than 3km of wall in the past week, BBC Verify has discovered.",2026-02-19T08:31:17+00:00,200,,1,3,gaza|pa
BBC,bbc.com,https://www.bbc.com/news/world-middle-east-68387864,2024-02-29T15:06:52Z,2026-02-19T08:09:58+00:00,68387864,bbc_xml_sitemap,https://www.bbc.com/sitemaps/https-sitemap-com-archive-105.xml,"Israel Gaza: Checking Israel's claim to have killed 10,000 Hamas fighters","BBC Verify examines the evidence on combatant deaths, as concern grows about the scale of civilian killing.",2026-02-19T08:31:18+00:00,200,,1,7,israel|gaza|hamas
BBC,bbc.com,https://www.bbc.com/news/world-middle-east-68375764,2024-02-22T19:54:24Z,2026-02-19T08:09:58+00:00,68375764,bbc_xml_sitemap,https://www.bbc.com/sitemaps/https-sitemap-com-archive-105.xml,Watch as UK aid is dropped from plane into Gaza,The BBC's Quentin Sommerville joins the Jordanian Air Force as they drop UK aid into northern Gaza.,2026-02-19T08:31:20+00:00,200,,1,2,gaza
BBC,bbc.com,https://www.bbc.com/news/world-middle-east-68573551,2024-03-15T17:01:27Z,2026-02-19T08:09:58+00:00,68573551,bbc_xml_sitemap,https://www.bbc.com/sitemaps/https-sitemap-com-archive-105.xml,Israel downplays truce prospects after Hamas response,"Hamas wants a permanent end to the war but the prime minister's office says the proposal is ""unrealistic"".",2026-02-19T08:31:21+00:00,200,,1,7,israel|hamas|truce|un
BBC,bbc.com,https://www.bbc.com/news/world-middle-east-68650815,2024-03-24T23:26:37Z,2026-02-19T08:09:58+00:00,68650815,bbc_xml_sitemap,https://www.bbc.com/sitemaps/https-sitemap-com-archive-105.xml,Jewish settlers set their sights on Gaza beachfront,They see an opportunity to push for a return of Jewish settlements to the Palestinian territory.,2026-02-19T08:31:22+00:00,200,,1,11,palestin|gaza|pa|settlement|settlers|un
BBC,bbc.com,https://www.bbc.com/news/world-middle-east-68572196,2024-03-15T04:56:40Z,2026-02-19T08:09:58+00:00,68572196,bbc_xml_sitemap,https://www.bbc.com/sitemaps/https-sitemap-com-archive-105.xml,Palestinian president appoints long-time adviser as prime minister,Mohammed Mustafa is tasked with enacting reforms of the Palestinian Authority demanded by the US.,2026-02-19T08:31:22+00:00,200,,1,4,palestin|palestinian authority|pa
BBC,bbc.com,https://www.bbc.com/news/world-middle-east-68534027,2024-03-17T00:51:27Z,2026-02-19T08:09:58+00:00,68534027,bbc_xml_sitemap,https://www.bbc.com/sitemaps/https-sitemap-com-archive-105.xml,"'He will come back’ - Israeli hostage families cling to hope, and demand a deal",How months of trauma after seeing loved ones killed or held captive in Gaza is taking its toll.,2026-02-19T08:31:24+00:00,200,,1,9,israel|israeli|gaza|hostage
BBC,bbc.com,https://www.bbc.com/news/world-middle-east-68635823,2024-03-25T07:35:32Z,2026-02-19T08:09:58+00:00,68635823,bbc_xml_sitemap,https://www.bbc.com/sitemaps/https-sitemap-com-archive-105.xml,‘I wish for death’ - 12-year-old orphan in Gaza,"Alma's family were killed when a bomb hit their building, leaving her an orphan.",2026-02-19T08:31:25+00:00,200,,1,2,gaza
BBC,bbc.com,https://www.bbc.com/news/world-middle-east-68500270,2024-03-07T20:05:09Z,2026-02-19T08:09:58+00:00,68500270,bbc_xml_sitemap,https://www.bbc.com/sitemaps/https-sitemap-com-archive-105.xml,Hamas delegation leaves Gaza truce talks in Cairo without deal,But the armed group says indirect negotiations with Israel on a six-week ceasefire are not over.,2026-02-19T08:31:25+00:00,200,,1,9,israel|gaza|hamas|ceasefire|truce
BBC,bbc.com,https://www.bbc.com/news/world-middle-east-68568298,2024-03-15T06:00:04Z,2026-02-19T08:09:58+00:00,68568298,bbc_xml_sitemap,https://www.bbc.com/sitemaps/https-sitemap-com-archive-105.xml,The battle between farmers in West Bank pitting Israel against the US,The US has announced sanctions against three more Israeli settlers in the West Bank.,2026-02-19T08:31:26+00:00,200,,1,10,israel|israeli|west bank|settlers|un
BBC,bbc.com,https://www.bbc.com/news/world-middle-east-68551965,2024-04-12T20:43:49Z,2026-02-19T08:09:58+00:00,68551965,bbc_xml_sitemap,https://www.bbc.com/sitemaps/https-sitemap-com-archive-105.xml,Is Israel meeting promise to let more aid into Gaza?,Israel says it is building a new crossing into northern Gaza after promising to open the Erez crossing.,2026-02-19T08:31:27+00:00,200,,1,5,israel|gaza
BBC,bbc.com,https://www.bbc.com/news/world-middle-east-68569693,2024-03-15T17:10:24Z,2026-02-19T08:09:58+00:00,68569693,bbc_xml_sitemap,https://www.bbc.com/sitemaps/https-sitemap-com-archive-105.xml,Some Gaza cancer patients denied exit through Rafah,"Despite their names appearing on authorised evacuation lists, cancer patients in Gaza are struggling to evacuate.",2026-02-19T08:31:28+00:00,200,,1,6,gaza|rafah|pa
BBC,bbc.com,https://www.bbc.com/news/world-middle-east-68249363,2024-02-09T12:40:10Z,2026-02-19T08:09:58+00:00,68249363,bbc_xml_sitemap,https://www.bbc.com/sitemaps/https-sitemap-com-archive-105.xml,Israel-Gaza war: Palestinians who fled to Rafah fear Israeli assault,"Forced to move time and time again, Palestinians insist that fleeing to Egypt is not an option.",2026-02-19T08:31:29+00:00,200,,1,12,israel|israeli|palestin|gaza|rafah|pa
BBC,bbc.com,https://www.bbc.com/news/world-middle-east-68581090,2024-03-16T15:00:09Z,2026-02-19T08:09:58+00:00,68581090,bbc_xml_sitemap,https://www.bbc.com/sitemaps/https-sitemap-com-archive-105.xml,Israel-Gaza: Aid reaches Gaza shore in first sea delivery,"The first shipment of food aid is unloaded, but how it will be distributed in Gaza remains unclear.",2026-02-19T08:31:30+00:00,200,,1,6,israel|gaza|un
BBC,bbc.com,https://www.bbc.com/news/world-middle-east-68506356,2024-03-08T10:44:40Z,2026-02-19T08:09:58+00:00,68506356,bbc_xml_sitemap,https://www.bbc.com/sitemaps/https-sitemap-com-archive-105.xml,US to set up temporary port on Gaza coast for aid delivery,"In his speech to Congress, President Biden says a temporary pier will transport supplies from ships to the shore.",2026-02-19T08:31:31+00:00,200,,1,2,gaza
BBC,bbc.com,https://www.bbc.com/news/world-middle-east-68441571,2024-02-29T22:26:38Z,2026-02-19T08:09:58+00:00,68441571,bbc_xml_sitemap,https://www.bbc.com/sitemaps/https-sitemap-com-archive-105.xml,Gaza aid drop: Devastation after more than 100 reported killed at Gaza aid drop,More than 110 Palestinians are reported to have died while trying to get desperately needed aid in north Gaza.,2026-02-19T08:31:32+00:00,200,,1,6,palestin|gaza|pa
BBC,bbc.com,https://www.bbc.com/news/world-middle-east-68658415,2024-03-25T19:36:19Z,2026-02-19T08:09:58+00:00,68658415,bbc_xml_sitemap,https://www.bbc.com/sitemaps/https-sitemap-com-archive-105.xml,UN Security Council passes resolution calling for Gaza ceasefire,"The measure passes after the US refrains from using its veto, in a shift from its previous position.",2026-02-19T08:31:33+00:00,200,,1,6,gaza|pa|ceasefire|un|security council
BBC,bbc.com,https://www.bbc.com/news/world-middle-east-68542331,2024-03-16T00:05:29Z,2026-02-19T08:09:58+00:00,68542331,bbc_xml_sitemap,https://www.bbc.com/sitemaps/https-sitemap-com-archive-105.xml,Born on 7 October: Gaza mum's fight to feed her baby,Amal Alabadla has been in a daily battle to keep Mohamed and his two-year-old brother alive.,2026-02-19T08:31:35+00:00,200,,1,2,gaza
BBC,bbc.com,https://www.bbc.com/news/world-middle-east-68656283,2024-03-26T13:01:13Z,2026-02-19T08:09:58+00:00,68656283,bbc_xml_sitemap,https://www.bbc.com/sitemaps/https-sitemap-com-archive-105.xml,"South Gaza hospital closed after forcible evacuation, paramedics say",The Palestinian Red Crescent says Israeli troops forced al-Amal hospital's patients and staff to go.,2026-02-19T08:31:36+00:00,200,,1,10,israel|israeli|palestin|gaza|pa
BBC,bbc.com,https://www.bbc.com/news/world-middle-east-68583865,2024-03-16T02:58:40Z,2026-02-19T08:09:58+00:00,68583865,bbc_xml_sitemap,https://www.bbc.com/sitemaps/https-sitemap-com-archive-105.xml,Gaza food aid lifted ashore from barge,"Much-needed food aid was brought by ship for the first time, as lorry deliveries are insufficient.",2026-02-19T08:31:36+00:00,200,,1,2,gaza
BBC,bbc.com,https://www.bbc.com/news/world-middle-east-68369336,2024-02-22T15:59:05Z,2026-02-19T08:09:58+00:00,68369336,bbc_xml_sitemap,https://www.bbc.com/sitemaps/https-sitemap-com-archive-105.xml,Israel-Gaza: On board the plane evacuating injured Palestinians,The BBC's Quentin Sommerville joins flights dropping aid into Gaza and flying out civilians.,2026-02-19T08:31:37+00:00,200,,1,8,israel|palestin|gaza|pa
BBC,bbc.com,https://www.bbc.com/news/world-middle-east-68659025,2024-03-25T17:24:08Z,2026-02-19T08:09:58+00:00,68659025,bbc_xml_sitemap,https://www.bbc.com/sitemaps/https-sitemap-com-archive-105.xml,"Gaza war: Gate 96, the new crossing where aid struggles to get in","Israel says the crossing is open, but agencies say the army is holding them back.",2026-02-19T08:31:39+00:00,200,,1,5,israel|gaza
BBC,bbc.com,https://www.bbc.com/news/world-middle-east-68684069,2024-03-29T15:54:53Z,2026-02-19T08:11:40+00:00,68684069,bbc_xml_sitemap,https://www.bbc.com/sitemaps/https-sitemap-com-archive-106.xml,Israel crisis deepens over ultra-Orthodox draft,Ultra-Orthodox in the government react furiously over a High Court order on military service.,2026-02-19T08:31:40+00:00,200,,1,2,israel
BBC,bbc.com,https://www.bbc.com/news/world-middle-east-68686299,2024-03-30T07:42:13Z,2026-02-19T08:11:40+00:00,68686299,bbc_xml_sitemap,https://www.bbc.com/sitemaps/https-sitemap-com-archive-106.xml,Israel Gaza: BBC goes onboard plane dropping US aid into war zone,The BBC boards a US aid flight as air drops increasingly become the last resort for foreign governments.,2026-02-19T08:31:42+00:00,200,,1,5,israel|gaza
BBC,bbc.com,https://www.bbc.com/news/world-middle-east-68698766,2024-03-30T21:16:40Z,2026-02-19T08:11:40+00:00,68698766,bbc_xml_sitemap,https://www.bbc.com/sitemaps/https-sitemap-com-archive-106.xml,UN observers wounded by explosion in southern Lebanon,It comes as tensions along the unofficial border between Israel and Lebanon intensified in recent days.,2026-02-19T08:31:43+00:00,200,,1,4,israel|plo|un
BBC,bbc.com,https://www.bbc.com/news/world-middle-east-68698357,2024-03-30T14:09:04Z,2026-02-19T08:11:40+00:00,68698357,bbc_xml_sitemap,https://www.bbc.com/sitemaps/https-sitemap-com-archive-106.xml,Israel Gaza: US weapons to Israel a sign of thaw in strained ties,The delivery of arms to Israel comes as the US expresses concern over deaths and suffering amongst Gaza's residents.,2026-02-19T08:31:44+00:00,200,,1,5,israel|gaza
BBC,bbc.com,https://www.bbc.com/news/world-middle-east-68704280,2024-03-31T20:22:50Z,2026-02-19T08:11:40+00:00,68704280,bbc_xml_sitemap,https://www.bbc.com/sitemaps/https-sitemap-com-archive-106.xml,Israel Gaza: Journalists injured in al-Aqsa hospital air strike,"Four members of the Islamic Jihad militant group were killed in the air strike, the BBC understands.",2026-02-19T08:31:44+00:00,200,,1,9,israel|gaza|islamic jihad|air strike|strike|un
BBC,bbc.com,https://www.bbc.com/news/world-middle-east-68705643,2024-03-31T23:58:42Z,2026-02-19T08:11:40+00:00,68705643,bbc_xml_sitemap,https://www.bbc.com/sitemaps/https-sitemap-com-archive-106.xml,Israel: Benjamin Netanyahu protests put political divides back on show,Large anti-government protests have brought Israel's deep political splits back to the surface.,2026-02-19T08:31:46+00:00,200,,1,2,israel
BBC,bbc.com,https://www.bbc.com/news/world-middle-east-68706533,2024-04-01T08:15:57Z,2026-02-19T08:11:40+00:00,68706533,bbc_xml_sitemap,https://www.bbc.com/sitemaps/https-sitemap-com-archive-106.xml,Gaza: Scene of destruction at al-Shifa hospital,Footage shows burned buildings at the medical facility after it was raided by Israeli Defense Forces.,2026-02-19T08:31:49+00:00,200,,1,7,israel|israeli|gaza
BBC,bbc.com,https://www.bbc.com/news/world-middle-east-68705765,2024-04-01T21:19:51Z,2026-02-19T08:11:40+00:00,68705765,bbc_xml_sitemap,https://www.bbc.com/sitemaps/https-sitemap-com-archive-106.xml,Gaza's al-Shifa hospital in ruins after two-week Israeli raid,"Dozens of bodies are found and al-Shifa is ""completely out of service"", Hamas-run authorities say.",2026-02-19T08:31:50+00:00,200,,1,10,israel|israeli|gaza|hamas|un
BBC,bbc.com,https://www.bbc.com/news/world-middle-east-68708923,2024-04-01T21:34:05Z,2026-02-19T08:11:40+00:00,68708923,bbc_xml_sitemap,https://www.bbc.com/sitemaps/https-sitemap-com-archive-106.xml,Iran accuses Israel of killing generals in Syria strike,Revolutionary Guards commander Mohammad Reza Zahedi is among those killed in an attack in Damascus.,2026-02-19T08:31:50+00:00,200,,1,3,israel|strike
BBC,bbc.com,https://www.bbc.com/news/world-middle-east-68708257,2024-04-01T12:47:13Z,2026-02-19T08:11:40+00:00,68708257,bbc_xml_sitemap,https://www.bbc.com/sitemaps/https-sitemap-com-archive-106.xml,Gaza: Scene of destruction at al-Shifa hospital,Footage shows burned buildings at the medical facility after it was raided by Israeli Defence Forces.,2026-02-19T08:31:52+00:00,200,,1,7,israel|israeli|gaza
BBC,bbc.com,https://www.bbc.com/news/world-middle-east-68712254,2024-04-02T08:07:38Z,2026-02-19T08:11:40+00:00,68712254,bbc_xml_sitemap,https://www.bbc.com/sitemaps/https-sitemap-com-archive-106.xml,Gaza: Video shows World Central Kitchen vehicles destroyed in air strike,World Central Kitchen says it's pausing operations after seven workers were killed.,2026-02-19T08:31:53+00:00,200,,1,5,gaza|pa|air strike|strike
BBC,bbc.com,https://www.bbc.com/news/world-middle-east-68708258,2024-04-01T16:51:55Z,2026-02-19T08:11:40+00:00,68708258,bbc_xml_sitemap,https://www.bbc.com/sitemaps/https-sitemap-com-archive-106.xml,Smoke rises from destroyed Iranian consulate,Several people were killed by what Syria said was an Israeli air strike on Iran's consulate in Damascus.,2026-02-19T08:31:54+00:00,200,,1,7,israel|israeli|air strike|strike
BBC,bbc.com,https://www.bbc.com/news/world-middle-east-68711282,2024-04-04T20:41:08Z,2026-02-19T08:11:40+00:00,68711282,bbc_xml_sitemap,https://www.bbc.com/sitemaps/https-sitemap-com-archive-106.xml,Who were the World Central Kitchen workers killed in Gaza?,"Seven aid workers, including foreign nationals, have been killed in an Israeli strike in central Gaza.",2026-02-19T08:31:55+00:00,200,,1,8,israel|israeli|gaza|strike
BBC,bbc.com,https://www.bbc.com/news/world-middle-east-68708984,2024-04-01T21:36:33Z,2026-02-19T08:11:40+00:00,68708984,bbc_xml_sitemap,https://www.bbc.com/sitemaps/https-sitemap-com-archive-106.xml,Israeli government says it will block Al Jazeera from broadcasting,"Prime Minister Benjamin Netanyahu said he would ""act immediately"" to close the Qatari network's local office.",2026-02-19T08:31:56+00:00,200,,1,5,israel|israeli
BBC,bbc.com,https://www.bbc.com/news/world-middle-east-68713373,2024-04-02T12:02:02Z,2026-02-19T08:11:40+00:00,68713373,bbc_xml_sitemap,https://www.bbc.com/sitemaps/https-sitemap-com-archive-106.xml,Iran vows to avenge deadly Syria strike blamed on Israel,"Israel will ""regret this crime"", Iran's supreme leader says of the attack that killed two generals.",2026-02-19T08:31:57+00:00,200,,1,3,israel|strike
BBC,bbc.com,https://www.bbc.com/news/world-middle-east-68713015,2024-04-02T16:32:40Z,2026-02-19T08:11:40+00:00,68713015,bbc_xml_sitemap,https://www.bbc.com/sitemaps/https-sitemap-com-archive-106.xml,"Deadly air strike shows system to protect aid workers in crisis, agencies say",A UN official and aid workers tell the BBC the deadly incident shows the system is not fit for purpose.,2026-02-19T08:31:57+00:00,200,,0,3,air strike|strike|un
BBC,bbc.com,https://www.bbc.com/news/world-middle-east-68717843,2024-04-02T16:52:30Z,2026-02-19T08:11:40+00:00,68717843,bbc_xml_sitemap,https://www.bbc.com/sitemaps/https-sitemap-com-archive-106.xml,BBC Verify examines Israeli strike that killed aid workers,"The founder of charity World Central Kitchen said the victims were British, Polish, Australian, Palestinian and also included a dual US-Canadian citizen.",2026-02-19T08:31:58+00:00,200,,1,10,israel|israeli|palestin|pa|strike|un
BBC,bbc.com,https://www.bbc.com/news/world-middle-east-68716499,2024-04-03T06:20:53Z,2026-02-19T08:11:40+00:00,68716499,bbc_xml_sitemap,https://www.bbc.com/sitemaps/https-sitemap-com-archive-106.xml,Biden 'outraged' over Israel strike on World Central Kitchen staff in Gaza,The US president accuses Israel of not doing enough to protect aid workers and civilians.,2026-02-19T08:31:59+00:00,200,,1,6,israel|gaza|strike
BBC,bbc.com,https://www.bbc.com/news/world-middle-east-68714128,2024-04-05T15:29:06Z,2026-02-19T08:11:40+00:00,68714128,bbc_xml_sitemap,https://www.bbc.com/sitemaps/https-sitemap-com-archive-106.xml,Gaza aid convoy strike: What we know,BBC Verify on what we know about the attack on an aid vehicle convoy in Gaza.,2026-02-19T08:31:59+00:00,200,,1,4,gaza|strike|aid convoy
BBC,bbc.com,https://www.bbc.com/news/world-middle-east-68729526,2024-04-04T05:56:20Z,2026-02-19T08:11:40+00:00,68729526,bbc_xml_sitemap,https://www.bbc.com/sitemaps/https-sitemap-com-archive-106.xml,Watch: BBC asks Israeli minister if aid workers were targeted in strike,Nir Barkat said the strikes which killed seven aid workers in Gaza on Monday were “not intentional”.,2026-02-19T08:32:01+00:00,200,,1,8,israel|israeli|gaza|strike
BBC,bbc.com,https://www.bbc.com/news/world-middle-east-68727828,2024-04-03T21:13:03Z,2026-02-19T08:11:40+00:00,68727828,bbc_xml_sitemap,https://www.bbc.com/sitemaps/https-sitemap-com-archive-106.xml,World Central Kitchen founder José Andrés says Israel targeted staff in Gaza 'car by car',World Central Kitchen founder José Andrés says Israel's deadly strike in Gaza on Monday was not a mistake.,2026-02-19T08:32:02+00:00,200,,1,7,israel|gaza|strike|un
BBC,bbc.com,https://www.bbc.com/news/world-middle-east-68728378,2024-04-04T13:11:46Z,2026-02-19T08:11:40+00:00,68728378,bbc_xml_sitemap,https://www.bbc.com/sitemaps/https-sitemap-com-archive-106.xml,Fears for Gazans as aid groups halt work over deadly Israeli strike,Aid workers say they cannot operate safely after Israel's strike on World Central Kitchen's convoy.,2026-02-19T08:32:02+00:00,200,,1,8,israel|israeli|gaza|strike
BBC,bbc.com,https://www.bbc.com/news/world-middle-east-68724691,2024-04-04T01:55:12Z,2026-02-19T08:11:40+00:00,68724691,bbc_xml_sitemap,https://www.bbc.com/sitemaps/https-sitemap-com-archive-106.xml,How might Iran seek to hurt Israel after general's killing?,"Iran blames Israel for the strike in Syria but its options for retaliation may be limited, experts say.",2026-02-19T08:32:03+00:00,200,,1,3,israel|strike
BBC,bbc.com,https://www.bbc.com/news/world-middle-east-68732215,2024-04-04T10:08:59Z,2026-02-19T08:11:40+00:00,68732215,bbc_xml_sitemap,https://www.bbc.com/sitemaps/https-sitemap-com-archive-106.xml,World Central Kitchen's Jose Andres says IDF targeted aid workers,"Israeli forces had been told of their movements, says World Central Kitchen founder Jose Andres.",2026-02-19T08:32:04+00:00,200,,1,8,israel|israeli|idf|un
BBC,bbc.com,https://www.bbc.com/news/world-middle-east-68722308,2024-04-03T13:37:06Z,2026-02-19T08:11:40+00:00,68722308,bbc_xml_sitemap,https://www.bbc.com/sitemaps/https-sitemap-com-archive-106.xml,Bowen: The Israel-Gaza war is at a crossroads,Will the killing of foreign aid workers exhaust the patience of Israel's allies?,2026-02-19T08:32:06+00:00,200,,1,6,israel|gaza|pa
BBC,bbc.com,https://www.bbc.com/news/world-middle-east-68737846,2024-04-05T04:51:33Z,2026-02-19T08:11:40+00:00,68737846,bbc_xml_sitemap,https://www.bbc.com/sitemaps/https-sitemap-com-archive-106.xml,Israel says it will open new aid routes into Gaza,The move comes after Joe Biden talks to Israel's PM for the first time since the Gaza aid convoy attack.,2026-02-19T08:32:07+00:00,200,,1,6,israel|gaza|aid convoy
BBC,bbc.com,https://www.bbc.com/news/world-middle-east-68729064,2024-04-04T09:44:53Z,2026-02-19T08:11:40+00:00,68729064,bbc_xml_sitemap,https://www.bbc.com/sitemaps/https-sitemap-com-archive-106.xml,Israeli minister denies claim aid workers deliberately targeted,Nir Barkat tells the BBC claims Israeli forces deliberately targeted aid workers are 'nonsense'.,2026-02-19T08:32:08+00:00,200,,1,5,israel|israeli
BBC,bbc.com,https://www.bbc.com/news/world-middle-east-68734689,2024-04-04T20:52:24Z,2026-02-19T08:11:40+00:00,68734689,bbc_xml_sitemap,https://www.bbc.com/sitemaps/https-sitemap-com-archive-106.xml,Israel: GPS disabled and IDF leave cancelled over Iran threat,The Israeli army also cancels leave after Iran threatens to retaliate over the killing of its general.,2026-02-19T08:32:11+00:00,200,,1,8,israel|israeli|idf|israeli army
BBC,bbc.com,https://www.bbc.com/news/world-middle-east-68687749,2024-04-05T04:48:14Z,2026-02-19T08:11:40+00:00,68687749,bbc_xml_sitemap,https://www.bbc.com/sitemaps/https-sitemap-com-archive-106.xml,"Gaza evacuation warnings from IDF contain many errors, BBC finds",Experts say these errors could violate Israel's obligations under international humanitarian law.,2026-02-19T08:32:13+00:00,200,,1,9,israel|gaza|idf|un|humanitarian
BBC,bbc.com,https://www.bbc.com/news/world-middle-east-68737412,2024-09-03T15:06:39Z,2026-02-19T08:11:40+00:00,68737412,bbc_xml_sitemap,https://www.bbc.com/sitemaps/https-sitemap-com-archive-106.xml,Gaza war: Where does Israel get its weapons?,Israel's military is heavily reliant on imported aircraft and munitions to conduct its war in Gaza.,2026-02-19T08:32:13+00:00,200,,1,6,israel|gaza|un
BBC,bbc.com,https://www.bbc.com/news/world-middle-east-68742572,2024-04-05T12:40:12Z,2026-02-19T08:11:40+00:00,68742572,bbc_xml_sitemap,https://www.bbc.com/sitemaps/https-sitemap-com-archive-106.xml,Israel-Gaza: Inside IDF's detailed briefing on aid convoy attack,Israel's military gives its account of how mistakes led to the killing of seven aid workers in Gaza.,2026-02-19T08:32:15+00:00,200,,1,9,israel|gaza|idf|un|aid convoy
BBC,bbc.com,https://www.bbc.com/news/world-middle-east-68739978,2024-04-05T18:11:23Z,2026-02-19T08:11:40+00:00,68739978,bbc_xml_sitemap,https://www.bbc.com/sitemaps/https-sitemap-com-archive-106.xml,Israel-Gaza: IDF sacks officers over World Central Kitchen convoy attack,A report finds officers wrongly thought Hamas gunmen were in the World Central Kitchen cars.,2026-02-19T08:32:15+00:00,200,,1,10,israel|gaza|hamas|idf|un
BBC,bbc.com,https://www.bbc.com/news/world-middle-east-68748242,2024-04-06T18:01:04Z,2026-02-19T08:11:40+00:00,68748242,bbc_xml_sitemap,https://www.bbc.com/sitemaps/https-sitemap-com-archive-106.xml,Israel's military says body of hostage Elad Katzir recovered from Gaza in night operation,The military says commandos retrieved the man's body from Gaza in an overnight operation in Khan Yunis.,2026-02-19T08:32:20+00:00,200,,1,9,israel|gaza|khan yunis|hostage|un
BBC,bbc.com,https://www.bbc.com/news/world-middle-east-68746106,2024-04-06T01:33:40Z,2026-02-19T08:11:40+00:00,68746106,bbc_xml_sitemap,https://www.bbc.com/sitemaps/https-sitemap-com-archive-106.xml,Gaza: Israel urged to publish full report on aid worker deaths,"World Central Kitchen, which had seven of its staff killed in Gaza, said Israel must be transparent.",2026-02-19T08:32:23+00:00,200,,1,6,israel|gaza|pa
BBC,bbc.com,https://www.bbc.com/news/world-middle-east-68745681,2024-04-06T00:00:27Z,2026-02-19T08:11:40+00:00,68745681,bbc_xml_sitemap,https://www.bbc.com/sitemaps/https-sitemap-com-archive-106.xml,"Six months on, how close is Israel to eliminating Hamas?",BBC Verify assesses the evidence behind Israel's key war aim of destroying Hamas during its military operation in the Gaza Strip.,2026-02-19T08:32:24+00:00,200,,1,7,israel|gaza|hamas
BBC,bbc.com,https://www.bbc.com/news/world-middle-east-68754109,2024-04-07T04:27:43Z,2026-02-19T08:11:40+00:00,68754109,bbc_xml_sitemap,https://www.bbc.com/sitemaps/https-sitemap-com-archive-106.xml,Tens of thousands of Israelis rally in Tel Aviv demanding Gaza hostage deal,The massive protests come after the IDF recovered the body of an abducted Israeli.,2026-02-19T08:32:26+00:00,200,,1,12,israel|israeli|gaza|tel aviv|idf|hostage
BBC,bbc.com,https://www.bbc.com/news/world-middle-east-68744777,2024-04-07T04:45:42Z,2026-02-19T08:11:40+00:00,68744777,bbc_xml_sitemap,https://www.bbc.com/sitemaps/https-sitemap-com-archive-106.xml,"BBC visits ruins of kibbutz Nir Oz in Israel, untouched since Hamas attack",BBC's Jeremy Bowen visits kibbutz Nir Oz six months after Hamas attack.,2026-02-19T08:32:27+00:00,200,,1,6,israel|hamas|un
BBC,bbc.com,https://www.bbc.com/news/world-middle-east-68735869,2024-04-07T04:49:36Z,2026-02-19T08:11:40+00:00,68735869,bbc_xml_sitemap,https://www.bbc.com/sitemaps/https-sitemap-com-archive-106.xml,Israel-Gaza briefing: Obstacles to peace seem larger than ever after six months of war,The risk of an all-out Middle East war is increasing as the crisis in Gaza grows ever more desperate.,2026-02-19T08:32:28+00:00,200,,1,5,israel|gaza
BBC,bbc.com,https://www.bbc.com/news/world-middle-east-68755724,2024-04-08T02:51:15Z,2026-02-19T08:11:40+00:00,68755724,bbc_xml_sitemap,https://www.bbc.com/sitemaps/https-sitemap-com-archive-106.xml,Israel's military confirms 'decline in forces' in southern Gaza,Israel's military says it has completed its mission in Khan Younis and its troops will rotate out.,2026-02-19T08:32:30+00:00,200,,1,7,israel|gaza|khan younis|un
BBC,bbc.com,https://www.bbc.com/news/world-middle-east-68757080,2024-04-07T18:35:44Z,2026-02-19T08:11:40+00:00,68757080,bbc_xml_sitemap,https://www.bbc.com/sitemaps/https-sitemap-com-archive-106.xml,"Israel 'can handle' any threat from Iran, says military chief","Iran warns of retaliation for a strike on its Damascus consulate, saying Israeli embassies are no longer safe.",2026-02-19T08:32:33+00:00,200,,1,6,israel|israeli|strike
BBC,bbc.com,https://www.bbc.com/news/world-middle-east-68755131,2024-04-07T09:36:10Z,2026-02-19T08:11:40+00:00,68755131,bbc_xml_sitemap,https://www.bbc.com/sitemaps/https-sitemap-com-archive-106.xml,"BBC visits ruins of kibbutz Nir Oz in Israel, untouched since Hamas attack",BBC's Jeremy Bowen visits Kibbutz Nir Oz six months after Hamas attack.,2026-02-19T08:32:33+00:00,200,,1,6,israel|hamas|un
BBC,bbc.com,https://www.bbc.com/news/world-middle-east-68759146,2024-04-08T21:04:41Z,2026-02-19T08:11:40+00:00,68759146,bbc_xml_sitemap,https://www.bbc.com/sitemaps/https-sitemap-com-archive-106.xml,Germany faces genocide case over Israel weapon sales,"Nicaragua accused Berlin of ""facilitating"" genocide by selling over $300m worth of weapons to Israel.",2026-02-19T08:32:35+00:00,200,,1,3,israel|genocide
BBC,bbc.com,https://www.bbc.com/news/world-middle-east-68759232,2024-04-08T09:47:51Z,2026-02-19T08:11:40+00:00,68759232,bbc_xml_sitemap,https://www.bbc.com/sitemaps/https-sitemap-com-archive-106.xml,Gaza: Palestinians return to Khan Younis to find homes destroyed,Palestinians started returning to the city after Israel said it was reducing the amount of soldiers in southern Gaza.,2026-02-19T08:32:36+00:00,200,,1,10,israel|palestin|gaza|khan younis|pa|un
BBC,bbc.com,https://www.bbc.com/news/world-middle-east-68768948,2024-04-09T14:57:32Z,2026-02-19T08:11:40+00:00,68768948,bbc_xml_sitemap,https://www.bbc.com/sitemaps/https-sitemap-com-archive-106.xml,Israel's Gaza withdrawal hints at what comes next,The unexpected pull-out could mark a new phase in the months-long war.,2026-02-19T08:32:37+00:00,200,,1,6,israel|gaza|un
BBC,bbc.com,https://www.bbc.com/news/world-middle-east-68759233,2024-04-08T10:30:02Z,2026-02-19T08:11:40+00:00,68759233,bbc_xml_sitemap,https://www.bbc.com/sitemaps/https-sitemap-com-archive-106.xml,Gaza: Palestinians return to Khan Younis to find homes destroyed,Palestinians started returning to the city after Israel said it was reducing the amount of soldiers in southern Gaza.,2026-02-19T08:32:38+00:00,200,,1,10,israel|palestin|gaza|khan younis|pa|un
BBC,bbc.com,https://www.bbc.com/news/world-middle-east-68766913,2024-04-09T15:52:55Z,2026-02-19T08:11:40+00:00,68766913,bbc_xml_sitemap,https://www.bbc.com/sitemaps/https-sitemap-com-archive-106.xml,Gaza: Benjamin Netanyahu sets date for Rafah offensive as pressure grows,Israel's prime minister is facing calls to ramp up war on Hamas by right-wing political allies.,2026-02-19T08:32:39+00:00,200,,1,9,israel|gaza|rafah|hamas
BBC,bbc.com,https://www.bbc.com/news/world-middle-east-68764952,2024-04-08T20:52:55Z,2026-02-19T08:11:40+00:00,68764952,bbc_xml_sitemap,https://www.bbc.com/sitemaps/https-sitemap-com-archive-106.xml,Gazans return to scenes of devastation in Khan Younis,Palestinians describe widescale destruction as thousands go home after Israel pulls out.,2026-02-19T08:32:40+00:00,200,,1,10,israel|palestin|gaza|khan younis|pa|un
BBC,bbc.com,https://www.bbc.com/news/world-middle-east-68774923,2024-04-09T18:31:21Z,2026-02-19T08:11:40+00:00,68774923,bbc_xml_sitemap,https://www.bbc.com/sitemaps/https-sitemap-com-archive-106.xml,RAF takes part in largest airdrop of aid to Gaza,Aircraft from nine countries drop 10 tonnes of aid on the coast of Gaza to mark the end of Ramadan.,2026-02-19T08:32:41+00:00,200,,1,4,gaza|pa|un
BBC,bbc.com,https://www.bbc.com/news/world-middle-east-68774205,2024-04-09T20:09:41Z,2026-02-19T08:11:40+00:00,68774205,bbc_xml_sitemap,https://www.bbc.com/sitemaps/https-sitemap-com-archive-106.xml,Can US pressure deliver Israel-Hamas truce in Gaza?,Benjamin Netanyahu and Yahya Sinwar remain far apart on key issues after six months of war.,2026-02-19T08:32:41+00:00,200,,1,9,israel|gaza|hamas|pa|truce
BBC,bbc.com,https://www.bbc.com/news/world-middle-east-68778150,2024-04-10T09:41:45Z,2026-02-19T08:11:40+00:00,68778150,bbc_xml_sitemap,https://www.bbc.com/sitemaps/https-sitemap-com-archive-106.xml,Gaza: Rafah residents hold Eid prayers by destroyed mosque,"Eid al-Fitr worshippers in Rafah prayed in the street, beside the rubble of the al-Farouk mosque.",2026-02-19T08:32:43+00:00,200,,1,5,gaza|rafah
BBC,bbc.com,https://www.bbc.com/news/world-middle-east-68776172,2024-04-09T21:44:30Z,2026-02-19T08:11:40+00:00,68776172,bbc_xml_sitemap,https://www.bbc.com/sitemaps/https-sitemap-com-archive-106.xml,Watch: Largest coalition Gaza aid drop since start of war,The largest coalition airdrop of aid since the start of the war has been delivered over Gaza.,2026-02-19T08:32:43+00:00,200,,1,2,gaza
BBC,bbc.com,https://www.bbc.com/news/world-middle-east-68776384,2024-04-10T05:27:20Z,2026-02-19T08:11:40+00:00,68776384,bbc_xml_sitemap,https://www.bbc.com/sitemaps/https-sitemap-com-archive-106.xml,Largest coalition Gaza aid drop since start of war,The largest coalition airdrop of aid since the start of the war has been delivered over Gaza.,2026-02-19T08:32:44+00:00,200,,1,2,gaza
BBC,bbc.com,https://www.bbc.com/news/world-middle-east-68784260,2024-04-10T17:17:53Z,2026-02-19T08:11:40+00:00,68784260,bbc_xml_sitemap,https://www.bbc.com/sitemaps/https-sitemap-com-archive-106.xml,'We are not fine': War casts shadow over Eid al-Fitr in Gaza,Palestinians say they cannot celebrate the Muslim festival due to the widespread pain and sadness.,2026-02-19T08:32:45+00:00,200,,1,6,palestin|gaza|pa
BBC,bbc.com,https://www.bbc.com/news/world-middle-east-68766592,2024-04-10T04:14:46Z,2026-02-19T08:11:40+00:00,68766592,bbc_xml_sitemap,https://www.bbc.com/sitemaps/https-sitemap-com-archive-106.xml,"Israel Gaza: Netanyahu making a 'mistake', says Biden",The US president says Israel should allow full access for aid to reach Gaza for six to eight weeks.,2026-02-19T08:32:47+00:00,200,,1,5,israel|gaza
BBC,bbc.com,https://www.bbc.com/news/world-middle-east-68778149,2024-04-10T08:35:42Z,2026-02-19T08:11:40+00:00,68778149,bbc_xml_sitemap,https://www.bbc.com/sitemaps/https-sitemap-com-archive-106.xml,Gaza: Rafah residents hold Eid prayers by destroyed mosque,"Eid al-Fitr worshippers in Rafah prayed in the street, beside the rubble of the al-Farouk mosque.",2026-02-19T08:32:48+00:00,200,,1,5,gaza|rafah
BBC,bbc.com,https://www.bbc.com/news/world-middle-east-68788140,2024-04-11T17:02:34Z,2026-02-19T08:11:40+00:00,68788140,bbc_xml_sitemap,https://www.bbc.com/sitemaps/https-sitemap-com-archive-106.xml,"Jeremy Bowen: Israel denies famine looms in Gaza, but evidence is overwhelming",International pressure has led Israel to agree to let in more aid after seven charity workers were killed.,2026-02-19T08:32:48+00:00,200,,1,5,israel|gaza
BBC,bbc.com,https://www.bbc.com/news/world-middle-east-68795021,2024-04-12T11:51:23Z,2026-02-19T08:11:40+00:00,68795021,bbc_xml_sitemap,https://www.bbc.com/sitemaps/https-sitemap-com-archive-106.xml,US restricts travel for diplomats in Israel amid fears of Iran attack,Iran is believed to be planning retaliation after blaming Israel for a strike on its Syrian consulate.,2026-02-19T08:32:49+00:00,200,,1,4,israel|plo|strike
BBC,bbc.com,https://www.bbc.com/news/world-middle-east-68801576,2024-04-12T17:14:24Z,2026-02-19T08:11:40+00:00,68801576,bbc_xml_sitemap,https://www.bbc.com/sitemaps/https-sitemap-com-archive-106.xml,UK doctor's video diary shows reality inside Gaza hospital,"British surgeon Dr Victoria Rose says a ""huge amount"" of her work is on children under 16.",2026-02-19T08:32:50+00:00,200,,1,3,gaza|un
BBC,bbc.com,https://www.bbc.com/news/world-middle-east-68796689,2024-04-12T14:48:30Z,2026-02-19T08:11:40+00:00,68796689,bbc_xml_sitemap,https://www.bbc.com/sitemaps/https-sitemap-com-archive-106.xml,"'Huge amount' of Gaza surgery on children, says UK doctor",Doctors who volunteered at a hospital near Khan Younis also said people were clearly malnourished.,2026-02-19T08:32:51+00:00,200,,1,4,gaza|khan younis|un
BBC,bbc.com,https://www.bbc.com/news/world-middle-east-68796363,2024-04-12T23:48:56Z,2026-02-19T08:11:40+00:00,68796363,bbc_xml_sitemap,https://www.bbc.com/sitemaps/https-sitemap-com-archive-106.xml,Joe Biden expects Iran to attack Israel 'sooner than later',Israel says it is ready to defend itself against retaliation for an attack on an Iranian consulate in Syria.,2026-02-19T08:32:51+00:00,200,,1,2,israel
BBC,bbc.com,https://www.bbc.com/news/world-middle-east-68803939,2024-04-13T09:34:29Z,2026-02-19T08:11:40+00:00,68803939,bbc_xml_sitemap,https://www.bbc.com/sitemaps/https-sitemap-com-archive-106.xml,West Bank: Palestinian man killed after Israeli boy goes missing,Dozens of Jewish settlers stormed a village during an Israeli search for a missing teenager.,2026-02-19T08:32:52+00:00,200,,1,12,israel|israeli|palestin|west bank|pa|settlers
BBC,bbc.com,https://www.bbc.com/news/world-middle-east-68810053,2024-04-14T07:29:36Z,2026-02-19T08:11:40+00:00,68810053,bbc_xml_sitemap,https://www.bbc.com/sitemaps/https-sitemap-com-archive-106.xml,Israel on high alert after unprecedented Iranian attack,Iran had threatened a reprisal raid after a deadly strike on its consulate in Syria.,2026-02-19T08:32:53+00:00,200,,1,4,israel|strike|un
BBC,bbc.com,https://www.bbc.com/news/world-middle-east-68808424,2024-04-13T23:05:52Z,2026-02-19T08:11:40+00:00,68808424,bbc_xml_sitemap,https://www.bbc.com/sitemaps/https-sitemap-com-archive-106.xml,Tel Aviv residents unfazed by Iran attack threat,People were seen drinking in the streets of Tel Aviv despite Iran confirming a drone launch.,2026-02-19T08:32:54+00:00,200,,1,2,tel aviv|un
BBC,bbc.com,https://www.bbc.com/news/world-middle-east-68810398,2024-04-13T23:17:02Z,2026-02-19T08:11:40+00:00,68810398,bbc_xml_sitemap,https://www.bbc.com/sitemaps/https-sitemap-com-archive-106.xml,Israel-Iran: Sirens ring through Jerusalem as missiles shot down from sky,Loud explosions could be heard across the city as air defence systems shot down missiles from the sky.,2026-02-19T08:32:55+00:00,200,,1,9,israel|jerusalem|jerusalem|plo|missile
BBC,bbc.com,https://www.bbc.com/news/world-middle-east-68806508,2024-04-13T18:09:55Z,2026-02-19T08:11:40+00:00,68806508,bbc_xml_sitemap,https://www.bbc.com/sitemaps/https-sitemap-com-archive-106.xml,Iranian troops descend from helicopter to seize Israel-linked ship,"The MSC Aries was seized by troops descending from a helicopter early on Saturday, the ship's owner says.",2026-02-19T08:32:56+00:00,200,,1,2,israel
BBC,bbc.com,https://www.bbc.com/news/world-middle-east-68806205,2024-04-13T13:44:19Z,2026-02-19T08:11:40+00:00,68806205,bbc_xml_sitemap,https://www.bbc.com/sitemaps/https-sitemap-com-archive-106.xml,"West Bank: Body of Israeli shepherd, 14 found in West Bank",Benjamin Achimeir was reported missing after taking a flock of sheep out to graze on Friday morning.,2026-02-19T08:32:56+00:00,200,,1,8,israel|israeli|west bank|un
BBC,bbc.com,https://www.bbc.com/news/world-middle-east-68799234,2024-04-13T15:51:23Z,2026-02-19T08:11:40+00:00,68799234,bbc_xml_sitemap,https://www.bbc.com/sitemaps/https-sitemap-com-archive-106.xml,Israel-Gaza briefing: World watches nervously to see what Iran does next,Capitals from around the world are watching and waiting with bated breath to see what Iran does next.,2026-02-19T08:32:57+00:00,200,,1,6,israel|gaza|un
BBC,bbc.com,https://www.bbc.com/news/world-middle-east-68810399,2024-04-14T01:09:10Z,2026-02-19T08:11:40+00:00,68810399,bbc_xml_sitemap,https://www.bbc.com/sitemaps/https-sitemap-com-archive-106.xml,Iran drone attack 'major escalation' - Israeli military,"IDF's Daniel Hagari says his forces shot down most of Iran's ""massive swarm"" of drones and missiles.",2026-02-19T08:32:59+00:00,200,,1,9,israel|israeli|idf|israeli military|missile
BBC,bbc.com,https://www.bbc.com/news/world-middle-east-68810401,2024-04-14T05:39:24Z,2026-02-19T08:11:40+00:00,68810401,bbc_xml_sitemap,https://www.bbc.com/sitemaps/https-sitemap-com-archive-106.xml,Sirens sound in Jerusalem as objects shot down from sky,Loud explosions could be heard across the city as air defence systems shot down objects from the sky.,2026-02-19T08:33:00+00:00,200,,1,7,jerusalem|jerusalem|plo|un
BBC,bbc.com,https://www.bbc.com/news/world-middle-east-68811276,2024-10-26T16:44:52Z,2026-02-19T08:11:40+00:00,68811276,bbc_xml_sitemap,https://www.bbc.com/sitemaps/https-sitemap-com-archive-106.xml,Why has Israel attacked Iran?,"Israel has carried out its first ever air strike on Iran, following weeks of speculation.",2026-02-19T08:33:01+00:00,200,,1,4,israel|air strike|strike
BBC,bbc.com,https://www.bbc.com/news/world-middle-east-68811397,2024-04-14T07:29:11Z,2026-02-19T08:11:40+00:00,68811397,bbc_xml_sitemap,https://www.bbc.com/sitemaps/https-sitemap-com-archive-106.xml,Israel attack: 'A very long night and a dangerous moment',"Iran's missile and drone attack on Israel raises the risk of an escalation in the region, the BBC's Middle East correspondent says.",2026-02-19T08:33:02+00:00,200,,1,3,israel|missile
BBC,bbc.com,https://www.bbc.com/news/world-middle-east-68811398,2024-04-14T08:10:00Z,2026-02-19T08:11:40+00:00,68811398,bbc_xml_sitemap,https://www.bbc.com/sitemaps/https-sitemap-com-archive-106.xml,'A very long night for Israel and a dangerous moment',"Iran's missile and drone attack on Israel raises the risk of an escalation in the region, the BBC's Middle East correspondent says.",2026-02-19T08:33:03+00:00,200,,1,3,israel|missile
BBC,bbc.com,https://www.bbc.com/news/world-middle-east-68811273,2024-04-15T11:47:26Z,2026-02-19T08:11:40+00:00,68811273,bbc_xml_sitemap,https://www.bbc.com/sitemaps/https-sitemap-com-archive-106.xml,What was in wave of Iranian attacks and how were they thwarted?,Israel says 99% percent of projectiles fired at it by Iran overnight were intercepted by it and its allies.,2026-02-19T08:33:04+00:00,200,,1,2,israel
BBC,bbc.com,https://www.bbc.com/news/world-middle-east-68812884,2024-04-14T17:36:23Z,2026-02-19T08:11:40+00:00,68812884,bbc_xml_sitemap,https://www.bbc.com/sitemaps/https-sitemap-com-archive-106.xml,"Bowen: As Israel debates Iran attack response, can US and allies stop slide into all-out war?",World leaders are scrambling to prevent the Middle East entering a damaging wider conflict.,2026-02-19T08:33:05+00:00,200,,1,2,israel
BBC,bbc.com,https://www.bbc.com/news/world-middle-east-68814427,2024-04-14T21:40:00Z,2026-02-19T08:11:40+00:00,68814427,bbc_xml_sitemap,https://www.bbc.com/sitemaps/https-sitemap-com-archive-106.xml,BBC Verify examines video from Iran's attack on Israel,Footage shows projectiles being intercepted after Iran attacked Israel with drones and missiles.,2026-02-19T08:33:06+00:00,200,,1,3,israel|missile
BBC,bbc.com,https://www.bbc.com/news/world-middle-east-68814391,2024-04-14T21:53:23Z,2026-02-19T08:11:40+00:00,68814391,bbc_xml_sitemap,https://www.bbc.com/sitemaps/https-sitemap-com-archive-106.xml,Israel says it will respond to Iran attack 'when time is right',The US says it won't take part in any Israeli response and urges its ally to exercise caution.,2026-02-19T08:33:07+00:00,200,,1,6,israel|israeli|pa
BBC,bbc.com,https://www.bbc.com/news/world-middle-east-68814507,2024-04-14T22:15:34Z,2026-02-19T08:11:40+00:00,68814507,bbc_xml_sitemap,https://www.bbc.com/sitemaps/https-sitemap-com-archive-106.xml,BBC Verify examines video from Iran's attack on Israel,Footage shows projectiles being intercepted after Iran attacked Israel with drones and missiles.,2026-02-19T08:33:08+00:00,200,,1,3,israel|missile
BBC,bbc.com,https://www.bbc.com/news/world-middle-east-68811241,2024-04-14T12:58:04Z,2026-02-19T08:11:40+00:00,68811241,bbc_xml_sitemap,https://www.bbc.com/sitemaps/https-sitemap-com-archive-106.xml,Iran warns Israel against 'reckless' retaliation,"Tehran says such a move would receive a ""decisive and much stronger response"".",2026-02-19T08:33:09+00:00,200,,1,2,israel
BBC,bbc.com,https://www.bbc.com/news/world-middle-east-68812094,2024-04-14T11:04:23Z,2026-02-19T08:11:40+00:00,68812094,bbc_xml_sitemap,https://www.bbc.com/sitemaps/https-sitemap-com-archive-106.xml,All eyes on Israel's response to Iran drone and missile attacks,"With Iran and Israel in direct confrontation, BBC security correspondent Frank Gardner considers what comes next.",2026-02-19T08:33:09+00:00,200,,1,3,israel|missile
BBC,bbc.com,https://www.bbc.com/news/world-middle-east-68820959,2024-04-15T23:56:50Z,2026-02-19T08:11:40+00:00,68820959,bbc_xml_sitemap,https://www.bbc.com/sitemaps/https-sitemap-com-archive-106.xml,Israeli war cabinet meets to discuss response to Iranian attack,"Israel's military chief of staff says the attack by Iran ""will be met with a response"", as allies urge restraint.",2026-02-19T08:33:11+00:00,200,,1,5,israel|israeli
BBC,bbc.com,https://www.bbc.com/news/world-middle-east-68823348,2024-04-16T13:07:40Z,2026-02-19T08:11:40+00:00,68823348,bbc_xml_sitemap,https://www.bbc.com/sitemaps/https-sitemap-com-archive-106.xml,Iranians on edge as leaders say 'Tel Aviv is our battleground',"The authorities defend attacking Israel, but not all Iranians see it that way.",2026-02-19T08:33:12+00:00,200,,1,4,israel|tel aviv|un
BBC,bbc.com,https://www.bbc.com/news/world-middle-east-68830552,2024-04-16T17:35:34Z,2026-02-19T08:11:40+00:00,68830552,bbc_xml_sitemap,https://www.bbc.com/sitemaps/https-sitemap-com-archive-106.xml,Deadly West Bank settler attacks on Palestinians follow Israeli boy's killing,Palestinians and the UN demand that Israeli forces stop a rampage across the occupied West Bank.,2026-02-19T08:33:14+00:00,200,,1,11,israel|israeli|palestin|west bank|pa|un
BBC,bbc.com,https://www.bbc.com/news/world-middle-east-68825752,2024-04-16T11:14:34Z,2026-02-19T08:11:40+00:00,68825752,bbc_xml_sitemap,https://www.bbc.com/sitemaps/https-sitemap-com-archive-106.xml,Jeremy Bowen: Iran's attack on Israel offers Netanyahu a lifeline,"Gaza is out of the headlines, but the pressure on Israel's PM has changed rather than disappeared.",2026-02-19T08:33:14+00:00,200,,1,5,israel|gaza
BBC,bbc.com,https://www.bbc.com/news/world-middle-east-68832045,2024-04-17T01:07:11Z,2026-02-19T08:11:40+00:00,68832045,bbc_xml_sitemap,https://www.bbc.com/sitemaps/https-sitemap-com-archive-106.xml,US and EU eye new sanctions on Iran after attack on Israel,Israel is urging Western allies to punish Tehran for the missile and drone attack on its territory.,2026-02-19T08:33:17+00:00,200,,1,4,israel|missile|un
BBC,bbc.com,https://www.bbc.com/news/world-middle-east-68835645,2024-04-18T00:51:47Z,2026-02-19T08:11:40+00:00,68835645,bbc_xml_sitemap,https://www.bbc.com/sitemaps/https-sitemap-com-archive-106.xml,Qatar reassessing role as mediator in Gaza ceasefire talks,The Gulf state's PM says it has been exploited and abused after trying to secure a ceasefire.,2026-02-19T08:33:19+00:00,200,,1,4,gaza|plo|ceasefire
BBC,bbc.com,https://www.bbc.com/news/world-middle-east-68835646,2024-04-17T16:54:36Z,2026-02-19T08:11:40+00:00,68835646,bbc_xml_sitemap,https://www.bbc.com/sitemaps/https-sitemap-com-archive-106.xml,'I’m in pieces' - Israeli hostage's agony over husband held in Gaza by Hamas,"Aviva Siegel tells the BBC of the brutal conditions she, Keith and others faced in Hamas captivity.",2026-02-19T08:33:23+00:00,200,,1,12,israel|israeli|gaza|hamas|siege|hostage
BBC,bbc.com,https://www.bbc.com/news/world-middle-east-68843049,2024-04-18T17:57:55Z,2026-02-19T08:11:40+00:00,68843049,bbc_xml_sitemap,https://www.bbc.com/sitemaps/https-sitemap-com-archive-106.xml,Dubai airport re-opens after UAE suffers heavy rain,"Some inbound flights to the world's second busiest airport resume, but many passengers remain stranded.",2026-02-19T08:33:24+00:00,200,,0,2,pa|un
BBC,bbc.com,https://www.bbc.com/news/world-middle-east-68845281,2024-04-18T14:22:17Z,2026-02-19T08:11:40+00:00,68845281,bbc_xml_sitemap,https://www.bbc.com/sitemaps/https-sitemap-com-archive-106.xml,Israel and Hezbollah: Fears of escalation after flurry of attacks,A spate of strikes and retaliations has left dead and injured on both sides of the border.,2026-02-19T08:33:25+00:00,200,,1,7,israel|pa|hezbollah|strike
BBC,bbc.com,https://www.bbc.com/news/world-middle-east-68851986,2024-04-19T00:45:34Z,2026-02-19T08:11:40+00:00,68851986,bbc_xml_sitemap,https://www.bbc.com/sitemaps/https-sitemap-com-archive-106.xml,Israel Gaza: US again warns against Rafah offensive,"Benjamin Netanyahu's representatives have agreed to take US concerns ""into account"", the White House says.",2026-02-19T08:33:28+00:00,200,,1,8,israel|gaza|rafah|un
BBC,bbc.com,https://www.bbc.com/news/world-middle-east-68852522,2024-04-19T14:10:30Z,2026-02-19T08:11:40+00:00,68852522,bbc_xml_sitemap,https://www.bbc.com/sitemaps/https-sitemap-com-archive-106.xml,"Israeli missile hits Iran, US officials say, as blasts heard","Blasts are heard in central Isfahan province, though it was not immediately clear what was hit.",2026-02-19T08:33:29+00:00,200,,1,6,israel|israeli|missile
BBC,bbc.com,https://www.bbc.com/news/world-middle-east-68853403,2024-04-19T09:48:46Z,2026-02-19T08:11:40+00:00,68853403,bbc_xml_sitemap,https://www.bbc.com/sitemaps/https-sitemap-com-archive-106.xml,Israel's strike on Iran: Crisis shows how badly Iran and Israel understand each other,"After decades of rivalry, the rival Middle East powers have both miscalculated, writes Jeremy Bowen.",2026-02-19T08:33:29+00:00,200,,1,4,israel|strike|un
BBC,bbc.com,https://www.bbc.com/news/world-middle-east-68848438,2024-04-18T16:28:57Z,2026-02-19T08:11:40+00:00,68848438,bbc_xml_sitemap,https://www.bbc.com/sitemaps/https-sitemap-com-archive-106.xml,Iran sanctions: US and UK extend measures against Tehran,Measures against Tehran's drone programme are issued jointly in response to Saturday's attack on Israel.,2026-02-19T08:33:31+00:00,200,,1,2,israel
BBC,bbc.com,https://www.bbc.com/news/world-middle-east-68854498,2024-04-19T11:59:29Z,2026-02-19T08:11:40+00:00,68854498,bbc_xml_sitemap,https://www.bbc.com/sitemaps/https-sitemap-com-archive-106.xml,Attack sends message to Iran but Israelis divided over response,"Some in Israel had been calling for a stronger move than this apparently limited strike, writes James Landale.",2026-02-19T08:33:33+00:00,200,,1,7,israel|israeli|pa|strike
BBC,bbc.com,https://www.bbc.com/news/world-middle-east-68853402,2024-04-19T22:59:38Z,2026-02-19T08:11:40+00:00,68853402,bbc_xml_sitemap,https://www.bbc.com/sitemaps/https-sitemap-com-archive-106.xml,What we know about Israel's missile attack on Iran,There are competing claims about the scale of Friday's attack on the Isfahan region.,2026-02-19T08:33:35+00:00,200,,1,3,israel|missile
BBC,bbc.com,https://www.bbc.com/news/world-middle-east-68859774,2024-04-19T17:50:34Z,2026-02-19T08:11:40+00:00,68859774,bbc_xml_sitemap,https://www.bbc.com/sitemaps/https-sitemap-com-archive-106.xml,BBC Verify examines video from Israel's attack on Iran,Footage showing explosions in the sky over Iran has been analysed by BBC Verify.,2026-02-19T08:33:36+00:00,200,,1,3,israel|plo
BBC,bbc.com,https://www.bbc.com/news/world-middle-east-68861607,2024-04-20T01:32:04Z,2026-02-19T08:11:40+00:00,68861607,bbc_xml_sitemap,https://www.bbc.com/sitemaps/https-sitemap-com-archive-106.xml,An audible sigh of relief in the Middle East,"The latest round in the longstanding, dangerous rivalry between Israel and Iran seems over for now, Lyse Doucet writes.",2026-02-19T08:33:37+00:00,200,,1,3,israel|un
BBC,bbc.com,https://www.bbc.com/news/world-middle-east-68861592,2024-04-20T05:15:43Z,2026-02-19T08:11:40+00:00,68861592,bbc_xml_sitemap,https://www.bbc.com/sitemaps/https-sitemap-com-archive-106.xml,Watch: What we know about Israel's attack on Iran,Footage showing explosions in the sky over Iran has been analysed by BBC Verify.,2026-02-19T08:33:40+00:00,200,,1,3,israel|plo
BBC,bbc.com,https://www.bbc.com/news/world-middle-east-68864786,2024-04-20T13:23:33Z,2026-02-19T08:11:40+00:00,68864786,bbc_xml_sitemap,https://www.bbc.com/sitemaps/https-sitemap-com-archive-106.xml,Moment huge explosion rocks Iraq military base housing pro-Iranian militia,Local security officials said one person was killed and eight others wounded.,2026-02-19T08:33:43+00:00,200,,1,2,plo|un
BBC,bbc.com,https://www.bbc.com/news/world-middle-east-68864788,2024-04-20T14:01:54Z,2026-02-19T08:11:40+00:00,68864788,bbc_xml_sitemap,https://www.bbc.com/sitemaps/https-sitemap-com-archive-106.xml,Moment huge explosion rocks Iraq military base housing pro-Iranian militia,Local security officials said one person was killed and eight others wounded.,2026-02-19T08:33:45+00:00,200,,1,2,plo|un
BBC,bbc.com,https://www.bbc.com/news/world-middle-east-68854896,2024-04-20T14:27:07Z,2026-02-19T08:11:40+00:00,68854896,bbc_xml_sitemap,https://www.bbc.com/sitemaps/https-sitemap-com-archive-106.xml,Israel-Gaza briefings: No let-up for Gazans while world focused on Iran attack,"Fighting continues in Gaza, where a humanitarian crisis is overshadowed by the wider regional conflict.",2026-02-19T08:33:48+00:00,200,,1,6,israel|gaza|humanitarian
BBC,bbc.com,https://www.bbc.com/news/world-middle-east-68868954,2024-04-21T18:56:47Z,2026-02-19T08:11:40+00:00,68868954,bbc_xml_sitemap,https://www.bbc.com/sitemaps/https-sitemap-com-archive-106.xml,West Bank: Israel investigates after volunteer paramedic killed,"The Palestinian Red Crescent says Mohammed Awad Allan, 50, was shot while trying to treat injured people.",2026-02-19T08:33:50+00:00,200,,1,9,israel|palestin|west bank|pa|un
BBC,bbc.com,https://www.bbc.com/news/world-middle-east-68866548,2024-04-21T03:18:38Z,2026-02-19T08:11:40+00:00,68866548,bbc_xml_sitemap,https://www.bbc.com/sitemaps/https-sitemap-com-archive-106.xml,Israel Iran attack: Damage seen at air base in Isfahan,Satellite imagery analysis by BBC Verify reveals damage from Friday's Israeli strike on Iran,2026-02-19T08:33:51+00:00,200,,1,6,israel|israeli|strike
BBC,bbc.com,https://www.bbc.com/news/world-middle-east-68870273,2024-04-22T00:14:14Z,2026-02-19T08:11:40+00:00,68870273,bbc_xml_sitemap,https://www.bbc.com/sitemaps/https-sitemap-com-archive-106.xml,US-Israel: Netanyahu vows to reject any US sanctions on army units,Reports say the US is planning to cut military aid to one Israeli unit over alleged rights violations.,2026-02-19T08:33:53+00:00,200,,1,6,israel|israeli|un
BBC,bbc.com,https://www.bbc.com/news/world-middle-east-68873279,2024-04-22T11:06:01Z,2026-02-19T08:11:40+00:00,68873279,bbc_xml_sitemap,https://www.bbc.com/sitemaps/https-sitemap-com-archive-106.xml,Palestinian arrested over Israeli boy's killing which sparked settler rampage,The murder of Benjamin Achimeir triggered a deadly rampage by Israeli settlers in the West Bank.,2026-02-19T08:33:55+00:00,200,,1,12,israel|israeli|palestin|west bank|pa|settlers
BBC,bbc.com,https://www.bbc.com/news/world-middle-east-68873227,2024-04-22T15:29:07Z,2026-02-19T08:11:40+00:00,68873227,bbc_xml_sitemap,https://www.bbc.com/sitemaps/https-sitemap-com-archive-106.xml,Israel military intelligence chief quits over 7 October,Maj Gen Aharon Haliva is the first leader to quit for failing to prevent the 7 October attack.,2026-02-19T08:33:57+00:00,200,,1,2,israel
BBC,bbc.com,https://www.bbc.com/news/world-middle-east-68874070,2024-04-22T14:32:11Z,2026-02-19T08:11:40+00:00,68874070,bbc_xml_sitemap,https://www.bbc.com/sitemaps/https-sitemap-com-archive-106.xml,Israel-Gaza: Baby saved from dead mother's womb after Israeli strike,Palestinian girl Sabreen is alive following her incredible birth in the wake of an Israeli strike.,2026-02-19T08:33:58+00:00,200,,1,11,israel|israeli|palestin|gaza|pa|strike
BBC,bbc.com,https://www.bbc.com/news/world-middle-east-68875863,2024-04-22T18:40:01Z,2026-02-19T08:11:40+00:00,68875863,bbc_xml_sitemap,https://www.bbc.com/sitemaps/https-sitemap-com-archive-106.xml,Palestinian UN agency must improve neutrality - report,"The report adds Israel has not provided ""supporting evidence"" that many UNRWA staff are members of terror groups.",2026-02-19T08:34:00+00:00,200,,1,9,israel|palestin|pa|un|unrwa
BBC,bbc.com,https://www.bbc.com/news/world-middle-east-68876073,2024-04-22T13:16:36Z,2026-02-19T08:11:40+00:00,68876073,bbc_xml_sitemap,https://www.bbc.com/sitemaps/https-sitemap-com-archive-106.xml,Baby born by emergency caesarean as mother killed in Gaza,The infant's entire immediate family died in Israeli air strikes on Rafah on Saturday night.,2026-02-19T08:34:01+00:00,200,,1,11,israel|israeli|gaza|rafah|air strike|strike
BBC,bbc.com,https://www.bbc.com/news/world-middle-east-68780112,2024-04-22T23:31:51Z,2026-02-19T08:11:40+00:00,68780112,bbc_xml_sitemap,https://www.bbc.com/sitemaps/https-sitemap-com-archive-106.xml,Bruises and broken ribs – Palestinian deaths in Israeli prisons,The prison service did not directly address reports 13 prisoners had died since last October.,2026-02-19T08:34:03+00:00,200,,1,10,israel|israeli|palestin|pa|prisoner|prisoners
BBC,bbc.com,https://www.bbc.com/news/world-middle-east-68885975,2024-04-24T04:15:27Z,2026-02-19T08:11:40+00:00,68885975,bbc_xml_sitemap,https://www.bbc.com/sitemaps/https-sitemap-com-archive-106.xml,"UNRWA: Restart aid to Palestinian UN agency, EU urges",Countries including the US and UK are still withholding funds over Israel's claims against UNRWA.,2026-02-19T08:34:04+00:00,200,,1,9,israel|palestin|pa|un|unrwa
BBC,bbc.com,https://www.bbc.com/news/world-middle-east-68884729,2024-04-24T00:35:26Z,2026-02-19T08:11:40+00:00,68884729,bbc_xml_sitemap,https://www.bbc.com/sitemaps/https-sitemap-com-archive-106.xml,'We need a miracle' - Israeli and Palestinian economies battered by war,Six months of conflict have also taken a heavy economic toll.,2026-02-19T08:34:05+00:00,200,,1,8,israel|israeli|palestin|pa
BBC,bbc.com,https://www.bbc.com/news/world-middle-east-68881325,2024-04-24T12:39:58Z,2026-02-19T08:11:40+00:00,68881325,bbc_xml_sitemap,https://www.bbc.com/sitemaps/https-sitemap-com-archive-106.xml,UN rights chief 'horrified' by mass grave reports at Gaza hospitals,Palestinian officials say more than 300 bodies have been found at Nasser and al-Shifa hospitals.,2026-02-19T08:34:06+00:00,200,,1,7,palestin|gaza|pa|un
BBC,bbc.com,https://www.bbc.com/news/world-middle-east-68888299,2024-04-24T15:27:29Z,2026-02-19T08:11:40+00:00,68888299,bbc_xml_sitemap,https://www.bbc.com/sitemaps/https-sitemap-com-archive-106.xml,Tents appear in Gaza as Israel prepares Rafah offensive,Two newly-built encampments near the southern city are shown on satellite pictures.,2026-02-19T08:34:07+00:00,200,,1,8,israel|gaza|rafah|pa
BBC,bbc.com,https://www.bbc.com/news/world-middle-east-68891216,2024-04-24T19:36:51Z,2026-02-19T08:11:40+00:00,68891216,bbc_xml_sitemap,https://www.bbc.com/sitemaps/https-sitemap-com-archive-106.xml,Searching for missing loved ones in Gaza’s mass graves,"In this war, it is a huge challenge to find out how people whose bodies were exhumed at Nasser hospital died.",2026-02-19T08:34:08+00:00,200,,1,2,gaza
BBC,bbc.com,https://www.bbc.com/news/world-middle-east-68893885,2024-04-25T10:31:20Z,2026-02-19T08:11:40+00:00,68893885,bbc_xml_sitemap,https://www.bbc.com/sitemaps/https-sitemap-com-archive-106.xml,Hersh Goldberg-Polin: Gaza hostage's parents urge him to 'stay strong' after new video,"Hamas issues a proof-of-life video of US-Israeli Hersh Goldberg-Polin, abducted on 7 October.",2026-02-19T08:34:09+00:00,200,,1,12,israel|israeli|gaza|hamas|pa|hostage
BBC,bbc.com,https://www.bbc.com/news/world-middle-east-68903591,2024-04-26T07:40:04Z,2026-02-19T08:11:40+00:00,68903591,bbc_xml_sitemap,https://www.bbc.com/sitemaps/https-sitemap-com-archive-106.xml,Baby saved from dead mother's womb in Gaza dies,"Sabreen was born by emergency C-section after Israel bombed a house in Rafah, killing her family.",2026-02-19T08:34:10+00:00,200,,1,7,israel|gaza|rafah
BBC,bbc.com,https://www.bbc.com/news/world-middle-east-68903890,2024-04-26T13:12:03Z,2026-02-19T08:11:40+00:00,68903890,bbc_xml_sitemap,https://www.bbc.com/sitemaps/https-sitemap-com-archive-106.xml,First Saudi-penned opera opens in Riyadh,"Once unthinkable, the pioneering production marks the latest cultural expansion in the desert kingdom.",2026-02-19T08:34:11+00:00,200,,0,2,pa|un
BBC,bbc.com,https://www.bbc.com/news/world-middle-east-68904209,2024-04-26T11:01:23Z,2026-02-19T08:11:40+00:00,68904209,bbc_xml_sitemap,https://www.bbc.com/sitemaps/https-sitemap-com-archive-106.xml,Gaza pier: US begins building floating base to boost aid,"Two million meals a day could be delivered via sea to feed people in Gaza, the US says",2026-02-19T08:34:12+00:00,200,,1,2,gaza
BBC,bbc.com,https://www.bbc.com/news/world-middle-east-68906919,2024-04-26T13:46:25Z,2026-02-19T08:11:40+00:00,68906919,bbc_xml_sitemap,https://www.bbc.com/sitemaps/https-sitemap-com-archive-106.xml,Former head of ICJ explains ruling on genocide case against Israel brought by S Africa,Joan Donoghue speaks to BBC Hardtalk about the case brought by South Africa to the ICJ over alleged violations of the Genocide Convention by Israel.,2026-02-19T08:34:13+00:00,200,,1,6,israel|icj|genocide
BBC,bbc.com,https://www.bbc.com/news/world-middle-east-68908413,2024-04-26T16:24:47Z,2026-02-19T08:11:40+00:00,68908413,bbc_xml_sitemap,https://www.bbc.com/sitemaps/https-sitemap-com-archive-106.xml,"Ben-Gvir, Israeli far-right minister, in car accident",The controversial National Security Minister was taken to hospital after his car overturned.,2026-02-19T08:34:14+00:00,200,,1,5,israel|israeli
BBC,bbc.com,https://www.bbc.com/news/world-middle-east-68898665,2024-04-27T08:44:30Z,2026-02-19T08:11:40+00:00,68898665,bbc_xml_sitemap,https://www.bbc.com/sitemaps/https-sitemap-com-archive-106.xml,'Nobody will take my voice any more' - Gaza hostage on her days as captive,"Moran Yanai, who was taken hostage by Hamas, speaks about spending 54 days in captivity.",2026-02-19T08:34:15+00:00,200,,1,7,gaza|hamas|hostage
BBC,bbc.com,https://www.bbc.com/news/world-middle-east-68891217,2024-04-27T08:47:16Z,2026-02-19T08:11:40+00:00,68891217,bbc_xml_sitemap,https://www.bbc.com/sitemaps/https-sitemap-com-archive-106.xml,'I thought just kill me quickly': Gaza hostage's 54 days in captivity,Moran Yanai was threatened with death and moved from place to place during her ordeal.,2026-02-19T08:34:16+00:00,200,,1,5,gaza|hostage
BBC,bbc.com,https://www.bbc.com/news/world-middle-east-68909912,2024-04-27T01:55:16Z,2026-02-19T08:11:40+00:00,68909912,bbc_xml_sitemap,https://www.bbc.com/sitemaps/https-sitemap-com-archive-106.xml,Oil tanker damaged in Houthi missile strike,The Yemeni rebel group says its latest attack targeted the Andromeda Star.,2026-02-19T08:34:17+00:00,200,,0,2,strike|missile
BBC,bbc.com,https://www.bbc.com/news/world-middle-east-68913568,2024-04-28T00:40:30Z,2026-02-19T08:11:40+00:00,68913568,bbc_xml_sitemap,https://www.bbc.com/sitemaps/https-sitemap-com-archive-106.xml,Keith Siegel and Omri Miran: Video shows US and Israeli hostages alive in Gaza,Keith Siegel and Omri Miran are shown in undated footage released by the armed wing of Hamas.,2026-02-19T08:34:19+00:00,200,,1,15,israel|israeli|gaza|hamas|siege|hostage|hostages|un
BBC,bbc.com,https://www.bbc.com/news/world-middle-east-68916315,2024-04-28T21:58:21Z,2026-02-19T08:11:40+00:00,68916315,bbc_xml_sitemap,https://www.bbc.com/sitemaps/https-sitemap-com-archive-106.xml,Palestinian leader appeals to US to stop Israel's Rafah offensive,Mahmoud Abbas says any attack on city could see large numbers of Palestinians flee Gaza entirely.,2026-02-19T08:34:21+00:00,200,,1,10,israel|palestin|gaza|rafah|pa
BBC,bbc.com,https://www.bbc.com/news/world-middle-east-68915529,2024-04-28T15:04:11Z,2026-02-19T08:11:40+00:00,68915529,bbc_xml_sitemap,https://www.bbc.com/sitemaps/https-sitemap-com-archive-106.xml,The US doctor who cannot forget what he saw in Gaza,"Dr Sam Attar found himself having to decide who could be saved, and who was beyond hope.",2026-02-19T08:34:21+00:00,200,,1,3,gaza|un
BBC,bbc.com,https://www.bbc.com/news/world-middle-east-68915931,2024-04-28T18:47:51Z,2026-02-19T08:11:40+00:00,68915931,bbc_xml_sitemap,https://www.bbc.com/sitemaps/https-sitemap-com-archive-106.xml,World Central Kitchen to resume aid in Gaza following fatal airstrike,The aid organisation had stopped distributing food in Gaza after an Israeli strike killed seven workers.,2026-02-19T08:34:22+00:00,200,,1,9,israel|israeli|gaza|airstrike|strike
BBC,bbc.com,https://www.bbc.com/news/world-middle-east-68906903,2024-04-28T23:15:01Z,2026-02-19T08:11:40+00:00,68906903,bbc_xml_sitemap,https://www.bbc.com/sitemaps/https-sitemap-com-archive-106.xml,BBC Gaza correspondent: My struggle to keep family safe while covering the war,BBC Arabic‘s Adnan El-Bursh covered the conflict as he and his family were displaced multiple times.,2026-02-19T08:34:23+00:00,200,,1,2,gaza
BBC,bbc.com,https://www.bbc.com/news/world-middle-east-68899003,2024-04-28T23:16:59Z,2026-02-19T08:11:40+00:00,68899003,bbc_xml_sitemap,https://www.bbc.com/sitemaps/https-sitemap-com-archive-106.xml,BBC correspondent records mass burial as 80 bodies returned to Gaza,"BBC Arabic's Adnan El-Bursh records the digging of a mass grave in December, describing the “awful” sight and smell.",2026-02-19T08:34:24+00:00,200,,1,2,gaza
BBC,bbc.com,https://www.bbc.com/news/world-middle-east-68900571,2024-04-27T23:00:29Z,2026-02-19T08:11:40+00:00,68900571,bbc_xml_sitemap,https://www.bbc.com/sitemaps/https-sitemap-com-archive-106.xml,Israel-Gaza briefings: Have Iran-Israel missile strikes changed the Middle East?,"Political and military leaders are still absorbing the extraordinary exchange of fire, writes James Landale.",2026-02-19T08:34:25+00:00,200,,1,7,israel|gaza|strike|missile
BBC,bbc.com,https://www.bbc.com/news/world-middle-east-68920131,2024-04-29T21:41:59Z,2026-02-19T08:11:40+00:00,68920131,bbc_xml_sitemap,https://www.bbc.com/sitemaps/https-sitemap-com-archive-106.xml,Gaza war: US 'hopeful' Hamas will accept Israel's new ceasefire offer,"The secretary of state calls Israel's latest offer for a hostage release ""extraordinarily generous"".",2026-02-19T08:34:27+00:00,200,,1,10,israel|gaza|hamas|ceasefire|hostage
BBC,bbc.com,https://www.bbc.com/news/world-middle-east-68925495,2024-04-30T00:56:30Z,2026-02-19T08:11:40+00:00,68925495,bbc_xml_sitemap,https://www.bbc.com/sitemaps/https-sitemap-com-archive-106.xml,US says Israeli army units violated human rights,"But all five units remain eligible for US military aid after Israel took action, the state department says.",2026-02-19T08:34:28+00:00,200,,1,8,israel|israeli|israeli army|pa|un
BBC,bbc.com,https://www.bbc.com/news/world-middle-east-68928996,2024-04-30T16:10:51Z,2026-02-19T08:11:40+00:00,68928996,bbc_xml_sitemap,https://www.bbc.com/sitemaps/https-sitemap-com-archive-106.xml,Gaza: Israeli PM Netanyahu says Rafah attack will happen regardless of deal,"The Israeli prime minister says the invasion will proceed ""with or without"" a truce with Hamas.",2026-02-19T08:34:29+00:00,200,,1,12,israel|israeli|gaza|rafah|hamas|truce
BBC,bbc.com,https://www.bbc.com/news/world-middle-east-68927001,2024-04-30T14:11:02Z,2026-02-19T08:11:40+00:00,68927001,bbc_xml_sitemap,https://www.bbc.com/sitemaps/https-sitemap-com-archive-106.xml,Images show US military building floating pier for Gaza aid,"The pier and causeway will cost $320m and should be operational by early May, US says.",2026-02-19T08:34:31+00:00,200,,1,2,gaza
BBC,bbc.com,https://www.bbc.com/news/world-middle-east-68927288,2024-04-30T23:04:49Z,2026-02-19T08:11:40+00:00,68927288,bbc_xml_sitemap,https://www.bbc.com/sitemaps/https-sitemap-com-archive-106.xml,Southern Lebanon: BBC sees air strike destruction in deserted towns,Residents who fled from the border can only watch as their homes are turned into craters.,2026-02-19T08:34:33+00:00,200,,0,2,air strike|strike
BBC,bbc.com,https://www.bbc.com/news/world-middle-east-68939445,2024-05-01T17:41:17Z,2026-02-19T08:11:40+00:00,68939445,bbc_xml_sitemap,https://www.bbc.com/sitemaps/https-sitemap-com-archive-106.xml,Blinken says 'time is now' for Israel-Hamas deal in Gaza,"Hamas has not yet responded to the latest proposal, which reportedly includes a 40-day ceasefire.",2026-02-19T08:34:36+00:00,200,,1,8,israel|gaza|hamas|ceasefire
BBC,bbc.com,https://www.bbc.com/news/world-middle-east-68938611,2024-05-01T23:17:39Z,2026-02-19T08:11:40+00:00,68938611,bbc_xml_sitemap,https://www.bbc.com/sitemaps/https-sitemap-com-archive-106.xml,Watch: Inside Lebanon's ghost towns after Israeli strikes,Israel has pounded southern Lebanon almost daily since Hezbollah fired rockets at Israel on 8 October.,2026-02-19T08:34:36+00:00,200,,1,10,israel|israeli|hezbollah|strike|rocket|un
BBC,bbc.com,https://www.bbc.com/news/world-middle-east-68938022,2024-05-02T17:01:54Z,2026-02-19T08:11:40+00:00,68938022,bbc_xml_sitemap,https://www.bbc.com/sitemaps/https-sitemap-com-archive-106.xml,Alarm in Israel at reports of possible ICC legal action over Gaza,"Benjamin Netanyahu has called reports of possible International Criminal Court action ""an outrage"".",2026-02-19T08:34:37+00:00,200,,1,7,israel|gaza|icc
BBC,bbc.com,https://www.bbc.com/news/world-middle-east-68945380,2024-05-03T08:43:38Z,2026-02-19T08:11:40+00:00,68945380,bbc_xml_sitemap,https://www.bbc.com/sitemaps/https-sitemap-com-archive-106.xml,Turkey halts trade with Israel over 'humanitarian tragedy' in Gaza,"Officials say the measures will be in place until Israel allows an ""uninterrupted and sufficient flow"" of aid.",2026-02-19T08:34:38+00:00,200,,1,7,israel|gaza|un|humanitarian
BBC,bbc.com,https://www.bbc.com/news/world-middle-east-68953413,2024-05-03T15:46:59Z,2026-02-19T08:11:40+00:00,68953413,bbc_xml_sitemap,https://www.bbc.com/sitemaps/https-sitemap-com-archive-106.xml,Elyakim Libman: Remains of man thought to be Hamas hostage found in Israel,Elyakim Libman was a security guard at the Nova music festival when Hamas attacked on 7 October.,2026-02-19T08:34:39+00:00,200,,1,8,israel|hamas|hostage|un
BBC,bbc.com,https://www.bbc.com/news/world-middle-east-68956549,2024-05-04T19:53:46Z,2026-02-19T08:11:40+00:00,68956549,bbc_xml_sitemap,https://www.bbc.com/sitemaps/https-sitemap-com-archive-106.xml,Israel-Gaza war: Ceasefire talks intensify in Cairo,"Hamas said it was sending negotiators to talks in a ""positive spirit"" after studying the latest proposal.",2026-02-19T08:34:40+00:00,200,,1,8,israel|gaza|hamas|ceasefire
BBC,bbc.com,https://www.bbc.com/news/world-middle-east-68960585,2024-05-06T05:28:44Z,2026-02-19T08:11:40+00:00,68960585,bbc_xml_sitemap,https://www.bbc.com/sitemaps/https-sitemap-com-archive-106.xml,Israel-Gaza war: Four soldiers killed in Kerem Shalom rocket attack,Israel's military said early on Monday it was urging Gazans sheltering in parts of Rafah to move.,2026-02-19T08:34:41+00:00,200,,1,10,israel|gaza|rafah|pa|rocket|kerem shalom
BBC,bbc.com,https://www.bbc.com/news/world-middle-east-68964103,2024-05-06T15:00:17Z,2026-02-19T08:11:40+00:00,68964103,bbc_xml_sitemap,https://www.bbc.com/sitemaps/https-sitemap-com-archive-106.xml,Israel orders Gazans to evacuate part of Rafah for 'limited' operation,"The military says it is telling about 100,000 people to leave ahead of a 'limited' operation.",2026-02-19T08:34:41+00:00,200,,1,8,israel|gaza|rafah|pa
BBC,bbc.com,https://www.bbc.com/news/world-middle-east-68961753,2024-05-05T17:52:29Z,2026-02-19T08:11:40+00:00,68961753,bbc_xml_sitemap,https://www.bbc.com/sitemaps/https-sitemap-com-archive-106.xml,Al Jazeera office raided as Israel takes channel off air,"The network denies being a threat to security, and says Israel wants ""to cover up its crimes"".",2026-02-19T08:34:42+00:00,200,,1,2,israel
BBC,bbc.com,https://www.bbc.com/news/world-middle-east-68961719,2024-05-05T14:03:23Z,2026-02-19T08:11:40+00:00,68961719,bbc_xml_sitemap,https://www.bbc.com/sitemaps/https-sitemap-com-archive-106.xml,Israel-Gaza war: 'My children cling to me as dogs raid Rafah graves near our shelter',"In a tent yards from a cemetery, Rehab Abu Daqqa tries to shield her seven children from Rafah's horrors.",2026-02-19T08:34:43+00:00,200,,1,7,israel|gaza|rafah
BBC,bbc.com,https://www.bbc.com/news/world-middle-east-68966273,2024-05-06T17:45:27Z,2026-02-19T08:11:40+00:00,68966273,bbc_xml_sitemap,https://www.bbc.com/sitemaps/https-sitemap-com-archive-106.xml,Celebrations in Gaza after Hamas says it accepts ceasefire deal,Video shows people jumping for joy and chanting joyously outside Al Aqsa hospital in Central Gaza.,2026-02-19T08:34:45+00:00,200,,1,6,gaza|hamas|ceasefire
BBC,bbc.com,https://www.bbc.com/news/world-middle-east-68964108,2024-05-06T20:14:34Z,2026-02-19T08:11:40+00:00,68964108,bbc_xml_sitemap,https://www.bbc.com/sitemaps/https-sitemap-com-archive-106.xml,Israel Gaza: Hamas says it accepts ceasefire proposal,"Israeli PM Netanyahu says the deal the Palestinian group agreed to is ""far from Israel's requirements"".",2026-02-19T08:34:46+00:00,200,,1,13,israel|israeli|palestin|gaza|hamas|pa|ceasefire
BBC,bbc.com,https://www.bbc.com/news/world-middle-east-68967000,2024-05-07T15:58:39Z,2026-02-19T08:11:40+00:00,68967000,bbc_xml_sitemap,https://www.bbc.com/sitemaps/https-sitemap-com-archive-106.xml,Bowen: Netanyahu knows Hamas survival amounts to his own defeat,The Israeli PM is facing hard decisions following Hamas's surprise acceptance of a draft ceasefire deal.,2026-02-19T08:34:47+00:00,200,,1,9,israel|israeli|hamas|ceasefire|un
BBC,bbc.com,https://www.bbc.com/news/world-middle-east-68964661,2024-05-06T14:31:54Z,2026-02-19T08:11:40+00:00,68964661,bbc_xml_sitemap,https://www.bbc.com/sitemaps/https-sitemap-com-archive-106.xml,Rafah evacuation: 'Where will we go now?',"Palestinians have begun leaving parts of Rafah after Israel urged 100,000 people to evacuate the city.",2026-02-19T08:34:49+00:00,200,,1,9,israel|palestin|rafah|pa|un
BBC,bbc.com,https://www.bbc.com/news/world-middle-east-68967397,2024-05-07T19:58:57Z,2026-02-19T08:11:40+00:00,68967397,bbc_xml_sitemap,https://www.bbc.com/sitemaps/https-sitemap-com-archive-106.xml,Gaza: Israel takes Rafah crossing as truce talks continue,"The UN says Gaza's main aid arteries are ""choked off"" after troops shut the key crossing with Egypt.",2026-02-19T08:34:51+00:00,200,,1,10,israel|gaza|rafah|truce|un|rafah crossing
BBC,bbc.com,https://www.bbc.com/news/world-middle-east-68974624,2024-05-08T15:20:29Z,2026-02-19T08:11:40+00:00,68974624,bbc_xml_sitemap,https://www.bbc.com/sitemaps/https-sitemap-com-archive-106.xml,US reveals it paused shipment of bombs for Israel over Rafah concerns,A bomb shipment was halted last week over concerns Israel was going ahead with a Rafah offensive.,2026-02-19T08:34:52+00:00,200,,1,6,israel|rafah|pa
BBC,bbc.com,https://www.bbc.com/news/world-middle-east-68971818,2024-05-07T18:51:50Z,2026-02-19T08:11:40+00:00,68971818,bbc_xml_sitemap,https://www.bbc.com/sitemaps/https-sitemap-com-archive-106.xml,‘Sustainable calm’ proposal splits Israel and Hamas,Israel says it has four issues with the draft ceasefire deal - including an end to war.,2026-02-19T08:34:55+00:00,200,,1,6,israel|hamas|ceasefire
BBC,bbc.com,https://www.bbc.com/news/world-middle-east-68975398,2024-05-09T03:52:40Z,2026-02-19T08:11:40+00:00,68975398,bbc_xml_sitemap,https://www.bbc.com/sitemaps/https-sitemap-com-archive-106.xml,Battles in east Rafah amid dispute over reopening of Kerem Shalom crossing,"Israel says lorries arrived at the key Kerem Shalom crossing, but the UN says no aid entered Gaza.",2026-02-19T08:34:56+00:00,200,,1,9,israel|gaza|rafah|un|kerem shalom
BBC,bbc.com,https://www.bbc.com/news/world-middle-east-68978322,2024-05-08T14:51:19Z,2026-02-19T08:11:40+00:00,68978322,bbc_xml_sitemap,https://www.bbc.com/sitemaps/https-sitemap-com-archive-106.xml,Gaza war: US bomb delay biggest warning yet for Israel,"By delaying a weapons shipment, the US is finally reaching for its biggest lever of influence over Israel.",2026-02-19T08:34:58+00:00,200,,1,5,israel|gaza
BBC,bbc.com,https://www.bbc.com/news/world-middle-east-68969239,2024-05-09T06:44:18Z,2026-02-19T08:11:40+00:00,68969239,bbc_xml_sitemap,https://www.bbc.com/sitemaps/https-sitemap-com-archive-106.xml,"Half of Gaza water sites damaged or destroyed, BBC satellite data reveals",Hundreds of Gaza’s water and sanitation facilities have been damaged or destroyed.,2026-02-19T08:34:59+00:00,200,,1,3,gaza|un
BBC,bbc.com,https://www.bbc.com/news/world-middle-east-68980820,2024-05-09T15:23:08Z,2026-02-19T08:11:40+00:00,68980820,bbc_xml_sitemap,https://www.bbc.com/sitemaps/https-sitemap-com-archive-106.xml,Israel-Gaza war: Biden to halt some arms supplies if Israel invades Rafah,President Biden warns he will stop supplying some weapons if Israel launches a ground operation.,2026-02-19T08:35:02+00:00,200,,1,8,israel|gaza|rafah|un
BBC,bbc.com,https://www.bbc.com/news/world-middle-east-68983436,2024-05-09T18:52:07Z,2026-02-19T08:11:40+00:00,68983436,bbc_xml_sitemap,https://www.bbc.com/sitemaps/https-sitemap-com-archive-106.xml,"Rafah: UN says 80,000 have fled Gaza city as Israeli strikes intensify",Israeli tanks reportedly mass close to built-up areas of the south Gaza city amid constant shelling.,2026-02-19T08:35:07+00:00,200,,1,12,israel|israeli|gaza|rafah|strike|shell|un
BBC,bbc.com,https://www.bbc.com/news/world-middle-east-68987130,2024-05-09T21:34:47Z,2026-02-19T08:11:40+00:00,68987130,bbc_xml_sitemap,https://www.bbc.com/sitemaps/https-sitemap-com-archive-106.xml,Unrwa closes East Jerusalem compound after attacks,The head of the UN agency says the perimeter of its building was set fire to twice on Thursday.,2026-02-19T08:35:08+00:00,200,,1,8,jerusalem|jerusalem|un|unrwa
BBC,bbc.com,https://www.bbc.com/news/world-middle-east-68980826,2024-05-10T06:10:41Z,2026-02-19T08:11:40+00:00,68980826,bbc_xml_sitemap,https://www.bbc.com/sitemaps/https-sitemap-com-archive-106.xml,Gaza war: Netanyahu vows to defeat Hamas in Rafah despite US arms threat,"Israeli leader says his country will ""stand alone"" and ""fight with fingernails"" if shipments are halted.",2026-02-19T08:35:09+00:00,200,,1,12,israel|israeli|gaza|rafah|hamas|un
BBC,bbc.com,https://www.bbc.com/news/world-middle-east-68983445,2024-05-10T04:43:05Z,2026-02-19T08:11:40+00:00,68983445,bbc_xml_sitemap,https://www.bbc.com/sitemaps/https-sitemap-com-archive-106.xml,Israeli operation leaves Rafah's hospitals overwhelmed,More than a million people are at risk of being deprived of medical care in Gaza.,2026-02-19T08:35:12+00:00,200,,1,9,israel|israeli|gaza|rafah
BBC,bbc.com,https://www.bbc.com/news/world-middle-east-68983650,2024-05-11T11:40:58Z,2026-02-19T08:11:40+00:00,68983650,bbc_xml_sitemap,https://www.bbc.com/sitemaps/https-sitemap-com-archive-106.xml,UN general assembly calls on Security Council to admit Palestine as member,"Passing the resolution is seen as symbolic, as the US is likely to use its veto in the Security Council.",2026-02-19T08:35:14+00:00,200,,1,5,palestin|pa|un|security council
BBC,bbc.com,https://www.bbc.com/news/world-middle-east-68994849,2024-05-11T12:09:17Z,2026-02-19T08:11:40+00:00,68994849,bbc_xml_sitemap,https://www.bbc.com/sitemaps/https-sitemap-com-archive-106.xml,Palestinian envoy to UN: Israel plans to destroy and displace,Palestinian ambassador to the UN Riyad Mansour details the impact of the war in Gaza on his people.,2026-02-19T08:35:16+00:00,200,,1,9,israel|palestin|gaza|pa|un
BBC,bbc.com,https://www.bbc.com/news/world-middle-east-68998654,2024-05-12T08:26:04Z,2026-02-19T08:11:40+00:00,68998654,bbc_xml_sitemap,https://www.bbc.com/sitemaps/https-sitemap-com-archive-106.xml,Foreign Office investigates Hamas claim British-Israeli hostage killed in Gaza,"British-Israeli Nadav Popplewell, 51, died of wounds sustained weeks ago, the Palestinian group claims.",2026-02-19T08:35:17+00:00,200,,1,15,israel|israeli|palestin|gaza|hamas|pa|hostage|un
BBC,bbc.com,https://www.bbc.com/news/world-middle-east-69001835,2024-05-13T23:18:15Z,2026-02-19T08:11:40+00:00,69001835,bbc_xml_sitemap,https://www.bbc.com/sitemaps/https-sitemap-com-archive-106.xml,Gaza war: Palestinians flee as Israeli forces go back into Jabalia,Fierce fighting is reported as Israel says it is targeting areas of where Hamas has regrouped.,2026-02-19T08:35:18+00:00,200,,1,13,israel|israeli|palestin|gaza|jabalia|hamas|pa
BBC,bbc.com,https://www.bbc.com/news/world-middle-east-69003583,2024-05-13T11:44:23Z,2026-02-19T08:11:40+00:00,69003583,bbc_xml_sitemap,https://www.bbc.com/sitemaps/https-sitemap-com-archive-106.xml,Sirens sound for the dead as Israel stops to mark Memorial Day,"A two-minute-long siren sounded across the country, and life briefly came to a halt.",2026-02-19T08:35:20+00:00,200,,1,3,israel|un
BBC,bbc.com,https://www.bbc.com/news/world-middle-east-69001344,2024-05-13T12:26:34Z,2026-02-19T08:11:40+00:00,69001344,bbc_xml_sitemap,https://www.bbc.com/sitemaps/https-sitemap-com-archive-106.xml,Gaza war: UN hopes for new Western Erez aid crossing,The northern crossing point was opened on Sunday in a move aims to improve aid deliveries.,2026-02-19T08:35:21+00:00,200,,1,3,gaza|un
BBC,bbc.com,https://www.bbc.com/news/world-middle-east-69004356,2024-05-13T15:07:39Z,2026-02-19T08:11:40+00:00,69004356,bbc_xml_sitemap,https://www.bbc.com/sitemaps/https-sitemap-com-archive-106.xml,Gaza war weighs heavily as Israel marks memorial day,"The country pauses united in grief, as questions grow about the results of Israel's war.",2026-02-19T08:35:22+00:00,200,,1,7,israel|gaza|pa|un
BBC,bbc.com,https://www.bbc.com/news/world-middle-east-69006734,2024-05-14T14:55:32Z,2026-02-19T08:11:40+00:00,69006734,bbc_xml_sitemap,https://www.bbc.com/sitemaps/https-sitemap-com-archive-106.xml,Israel-Gaza war: UN says Indian staff member killed in Gaza,"A member of the UN's safety team was killed in Rafah on their way to a hospital, the agency says.",2026-02-19T08:35:26+00:00,200,,1,8,israel|gaza|rafah|un
BBC,bbc.com,https://www.bbc.com/news/world-middle-east-69006821,2024-05-14T10:18:24Z,2026-02-19T08:11:40+00:00,69006821,bbc_xml_sitemap,https://www.bbc.com/sitemaps/https-sitemap-com-archive-106.xml,Watch: Israeli protesters stomp on aid packages destined for Gaza,At least seven aid trucks were blocked and vandalised at a West Bank border crossing on Monday.,2026-02-19T08:35:27+00:00,200,,1,11,israel|israeli|gaza|west bank|pa|border crossing
BBC,bbc.com,https://www.bbc.com/news/world-middle-east-69008173,2024-05-14T19:10:53Z,2026-02-19T08:11:40+00:00,69008173,bbc_xml_sitemap,https://www.bbc.com/sitemaps/https-sitemap-com-archive-106.xml,"Gaza war: Almost 450,000 people have fled Rafah in a week, UN says","Many streets in the southern Gaza city now lie empty, the UN says, as an Israeli operation continues.",2026-02-19T08:35:28+00:00,200,,1,10,israel|israeli|gaza|rafah|un
BBC,bbc.com,https://www.bbc.com/news/world-middle-east-69008963,2024-05-14T11:46:08Z,2026-02-19T08:11:40+00:00,69008963,bbc_xml_sitemap,https://www.bbc.com/sitemaps/https-sitemap-com-archive-106.xml,Not lost for words: The reporter's stutter which left him,"On a trip to Jerusalem, Sebastian Usher finds that a childhood trait departs without a murmur.",2026-02-19T08:35:29+00:00,200,,1,6,jerusalem|jerusalem|pa
BBC,bbc.com,https://www.bbc.com/news/world-middle-east-69012303,2024-05-15T07:23:13Z,2026-02-19T08:11:40+00:00,69012303,bbc_xml_sitemap,https://www.bbc.com/sitemaps/https-sitemap-com-archive-106.xml,Israel and Egypt row over reopening Rafah border crossing,Israel says Egypt must reopen the crossing - but Egypt says Israel's military operation there is blocking aid.,2026-02-19T08:35:30+00:00,200,,1,6,israel|rafah|border crossing
BBC,bbc.com,https://www.bbc.com/news/world-middle-east-69015371,2024-05-15T20:38:53Z,2026-02-19T08:11:40+00:00,69015371,bbc_xml_sitemap,https://www.bbc.com/sitemaps/https-sitemap-com-archive-106.xml,Gaza war: Battles rage as Israeli troops intensify Jabalia and Rafah operations,Israeli forces and Hamas fighters say they are engaged in fierce clashes in north and south Gaza.,2026-02-19T08:35:31+00:00,200,,1,12,israel|israeli|gaza|rafah|jabalia|hamas
BBC,bbc.com,https://www.bbc.com/news/world-middle-east-69014893,2024-05-16T16:43:33Z,2026-02-19T08:11:40+00:00,69014893,bbc_xml_sitemap,https://www.bbc.com/sitemaps/https-sitemap-com-archive-106.xml,Gaza war: Why is the UN citing lower death toll for women and children?,The UN says it is now relying on figures from the Hamas-run health ministry in Gaza.,2026-02-19T08:35:32+00:00,200,,1,6,gaza|hamas|un
BBC,bbc.com,https://www.bbc.com/news/world-middle-east-69019655,2024-05-16T18:45:16Z,2026-02-19T08:11:40+00:00,69019655,bbc_xml_sitemap,https://www.bbc.com/sitemaps/https-sitemap-com-archive-106.xml,"Gaza war: Israeli tank fire kills five soldiers in north Gaza, military says",The reported friendly-fire incident in Jabalia is one of the deadliest since the war began.,2026-02-19T08:35:33+00:00,200,,1,8,israel|israeli|gaza|jabalia
BBC,bbc.com,https://www.bbc.com/news/world-middle-east-69020237,2024-05-17T04:59:35Z,2026-02-19T08:11:40+00:00,69020237,bbc_xml_sitemap,https://www.bbc.com/sitemaps/https-sitemap-com-archive-106.xml,Israel troops continue posting abuse footage despite pledge to act,Images shared online include Palestinian detainees draped in the Israeli flag and held in stress positions.,2026-02-19T08:35:34+00:00,200,,1,8,israel|israeli|palestin|pa
BBC,bbc.com,https://www.bbc.com/news/world-middle-east-69025420,2024-05-17T09:56:18Z,2026-02-19T08:11:40+00:00,69025420,bbc_xml_sitemap,https://www.bbc.com/sitemaps/https-sitemap-com-archive-106.xml,Gaza war: UN defends casualty tally amid Israeli anger,A recent drop in UN estimates of killed Palestinian women and children brought Israeli criticism.,2026-02-19T08:35:34+00:00,200,,1,11,israel|israeli|palestin|gaza|pa|un
BBC,bbc.com,https://www.bbc.com/news/world-middle-east-69037324,2024-05-20T12:22:42Z,2026-02-19T08:13:13+00:00,69037324,bbc_xml_sitemap,https://www.bbc.com/sitemaps/https-sitemap-com-archive-107.xml,ICC's Karim Khan announces arrest warrant application for Israeli and Hamas leaders,The leaders are wanted for alleged war crimes in the 7 October attacks and following war.,2026-02-19T08:35:39+00:00,200,,1,11,israel|israeli|hamas|un|icc|war crimes
BBC,bbc.com,https://www.bbc.com/news/world-middle-east-69037325,2024-05-20T15:46:38Z,2026-02-19T08:13:13+00:00,69037325,bbc_xml_sitemap,https://www.bbc.com/sitemaps/https-sitemap-com-archive-107.xml,ICC announces arrest warrant application for Israeli and Hamas leaders,The leaders are wanted for alleged war crimes in the 7 October attacks and following war.,2026-02-19T08:35:40+00:00,200,,1,11,israel|israeli|hamas|un|icc|war crimes
BBC,bbc.com,https://www.bbc.com/news/world-middle-east-69052857,2024-05-27T05:00:17Z,2026-02-19T08:13:13+00:00,69052857,bbc_xml_sitemap,https://www.bbc.com/sitemaps/https-sitemap-com-archive-107.xml,‘Exterminate the beasts’: How Israeli settlers took revenge for a murder in the West Bank,"Israeli settlers went on a violent rampage last month, inciting and co-ordinating attacks on WhatsApp.",2026-02-19T08:35:41+00:00,200,,1,10,israel|israeli|west bank|pa|settlers
BBC,bbc.com,https://www.bbc.com/news/world-middle-east-69059863,2024-05-26T02:36:44Z,2026-02-19T08:13:13+00:00,69059863,bbc_xml_sitemap,https://www.bbc.com/sitemaps/https-sitemap-com-archive-107.xml,Israel-Gaza briefings: How plans for ‘the day after’ could help end war in Gaza,This subject will be on the table when EU and Middle Eastern foreign ministers meet.,2026-02-19T08:35:42+00:00,200,,1,5,israel|gaza
BBC,bbc.com,https://www.bbc.com/news/world-middle-east-69067527,2024-05-27T22:04:46Z,2026-02-19T08:13:13+00:00,69067527,bbc_xml_sitemap,https://www.bbc.com/sitemaps/https-sitemap-com-archive-107.xml,At the scene of deadly strike in Rafah,The BBC's Middle East correspondent Lucy Williamson reports on the aftermath of Sunday's attack.,2026-02-19T08:35:43+00:00,200,,1,4,rafah|strike|un
BBC,bbc.com,https://www.bbc.com/news/world-middle-east-69103083,2024-06-08T18:06:41Z,2026-02-19T08:13:13+00:00,69103083,bbc_xml_sitemap,https://www.bbc.com/sitemaps/https-sitemap-com-archive-107.xml,Reunions after four Israeli hostages freed in IDF raid,The hostages were rescued by the IDF during a daylight operation deep inside Gaza.,2026-02-19T08:35:45+00:00,200,,1,14,israel|israeli|gaza|idf|hostage|hostages|un
BBC,bbc.com,https://www.bbc.com/news/world-middle-east-69114514,2024-06-13T05:50:33Z,2026-02-19T08:13:13+00:00,69114514,bbc_xml_sitemap,https://www.bbc.com/sitemaps/https-sitemap-com-archive-107.xml,Parents of freed Russian-Israeli hostage tell BBC his return a 'miracle',Eugenia and Michael Kozlov gave an emotional account of how they heard the news that their son was free.,2026-02-19T08:35:46+00:00,200,,1,9,israel|israeli|pa|hostage|un
BBC,bbc.com,https://www.bbc.com/news/world-middle-east-69119479,2024-06-14T11:35:08Z,2026-02-19T08:13:13+00:00,69119479,bbc_xml_sitemap,https://www.bbc.com/sitemaps/https-sitemap-com-archive-107.xml,UNICEF says Gaza a 'horror show' for children,"James Elder, a spokesperson for the charity, says people there are becoming increasingly despondent.",2026-02-19T08:35:47+00:00,200,,1,3,gaza|un
BBC,bbc.com,https://www.bbc.com/news/world-middle-east-69140583,2024-06-22T14:33:31Z,2026-02-19T08:13:13+00:00,69140583,bbc_xml_sitemap,https://www.bbc.com/sitemaps/https-sitemap-com-archive-107.xml,Buildings destroyed after deadly strike in Gaza,"An Israeli strike on the al-Shati camp killed 24 people, the Hamas-run Government Media Office said.",2026-02-19T08:35:47+00:00,200,,1,11,israel|israeli|gaza|hamas|strike|un
