source_name,source_domain,url,published_at,retrieved_at,article_id,discovery_method,sitemap_url
BBC,bbc.com,https://www.bbc.com/news/world-middle-east-54116567,2023-10-11T10:56:44Z,2026-02-19T08:04:48+00:00,54116567,bbc_xml_sitemap,https://www.bbc.com/sitemaps/https-sitemap-com-archive-84.xml
BBC,bbc.com,https://www.bbc.com/news/world-middle-east-20385306,2024-10-16T10:29:53Z,2026-02-19T08:04:54+00:00,20385306,bbc_xml_sitemap,https://www.bbc.com/sitemaps/https-sitemap-com-archive-88.xml
BBC,bbc.com,https://www.bbc.com/news/world-middle-east-20415675,2025-01-16T15:25:38Z,2026-02-19T08:04:54+00:00,20415675,bbc_xml_sitemap,https://www.bbc.com/sitemaps/https-sitemap-com-archive-88.xml
BBC,bbc.com,https://www.bbc.com/news/world-middle-east-57421235,2024-05-20T05:42:45Z,2026-02-19T08:04:56+00:00,57421235,bbc_xml_sitemap,https://www.bbc.com/sitemaps/https-sitemap-com-archive-89.xml
BBC,bbc.com,https://www.bbc.com/news/world-middle-east-57260831,2024-07-01T09:54:16Z,2026-02-19T08:05:07+00:00,57260831,bbc_xml_sitemap,https://www.bbc.com/sitemaps/https-sitemap-com-archive-96.xml
BBC,bbc.com,https://www.bbc.com/news/world-middle-east-18008697,2024-11-21T18:01:12Z,2026-02-19T08:05:11+00:00,18008697,bbc_xml_sitemap,https://www.bbc.com/sitemaps/https-sitemap-com-archive-99.xml
BBC,bbc.com,https://www.bbc.com/news/world/middle_east,2024-02-05T17:34:03Z,2026-02-19T08:05:16+00:00,,bbc_xml_sitemap,https://www.bbc.com/sitemaps/https-sitemap-com-archive-101.xml
BBC,bbc.com,https://www.bbc.com/news/world-middle-east-67036625,2023-10-07T22:06:34Z,2026-02-19T08:05:21+00:00,67036625,bbc_xml_sitemap,https://www.bbc.com/sitemaps/https-sitemap-com-archive-103.xml
BBC,bbc.com,https://www.bbc.com/news/world-middle-east-67037806,2023-10-07T05:38:23Z,2026-02-19T08:05:21+00:00,67037806,bbc_xml_sitemap,https://www.bbc.com/sitemaps/https-sitemap-com-archive-103.xml
BBC,bbc.com,https://www.bbc.com/news/world-middle-east-67037807,2023-10-07T08:27:04Z,2026-02-19T08:05:21+00:00,67037807,bbc_xml_sitemap,https://www.bbc.com/sitemaps/https-sitemap-com-archive-103.xml
BBC,bbc.com,https://www.bbc.com/news/world-middle-east-67037808,2023-10-07T12:00:43Z,2026-02-19T08:05:21+00:00,67037808,bbc_xml_sitemap,https://www.bbc.com/sitemaps/https-sitemap-com-archive-103.xml
BBC,bbc.com,https://www.bbc.com/news/world-middle-east-67040221,2023-10-07T13:09:32Z,2026-02-19T08:05:21+00:00,67040221,bbc_xml_sitemap,https://www.bbc.com/sitemaps/https-sitemap-com-archive-103.xml
BBC,bbc.com,https://www.bbc.com/news/world-middle-east-67037812,2023-10-07T13:12:32Z,2026-02-19T08:05:21+00:00,67037812,bbc_xml_sitemap,https://www.bbc.com/sitemaps/https-sitemap-com-archive-103.xml
BBC,bbc.com,https://www.bbc.com/news/world-middle-east-67040167,2023-10-07T20:02:33Z,2026-02-19T08:05:21+00:00,67040167,bbc_xml_sitemap,https://www.bbc.com/sitemaps/https-sitemap-com-archive-103.xml
BBC,bbc.com,https://www.bbc.com/news/world-middle-east-67044255,2023-10-08T02:38:54Z,2026-02-19T08:05:21+00:00,67044255,bbc_xml_sitemap,https://www.bbc.com/sitemaps/https-sitemap-com-archive-103.xml
BBC,bbc.com,https://www.bbc.com/news/world-middle-east-67044504,2023-10-08T04:49:10Z,2026-02-19T08:05:21+00:00,67044504,bbc_xml_sitemap,https://www.bbc.com/sitemaps/https-sitemap-com-archive-103.xml
BBC,bbc.com,https://www.bbc.com/news/world-middle-east-67044787,2023-10-08T06:50:56Z,2026-02-19T08:05:21+00:00,67044787,bbc_xml_sitemap,https://www.bbc.com/sitemaps/https-sitemap-com-archive-103.xml
BBC,bbc.com,https://www.bbc.com/news/world-middle-east-67045704,2023-10-08T08:30:52Z,2026-02-19T08:05:21+00:00,67045704,bbc_xml_sitemap,https://www.bbc.com/sitemaps/https-sitemap-com-archive-103.xml
BBC,bbc.com,https://www.bbc.com/news/world-middle-east-67045650,2023-10-08T08:53:46Z,2026-02-19T08:05:21+00:00,67045650,bbc_xml_sitemap,https://www.bbc.com/sitemaps/https-sitemap-com-archive-103.xml
BBC,bbc.com,https://www.bbc.com/news/world-middle-east-67045709,2023-10-08T09:01:46Z,2026-02-19T08:05:21+00:00,67045709,bbc_xml_sitemap,https://www.bbc.com/sitemaps/https-sitemap-com-archive-103.xml
BBC,bbc.com,https://www.bbc.com/news/world-middle-east-67045138,2023-10-08T16:09:03Z,2026-02-19T08:05:21+00:00,67045138,bbc_xml_sitemap,https://www.bbc.com/sitemaps/https-sitemap-com-archive-103.xml
BBC,bbc.com,https://www.bbc.com/news/world-middle-east-67045651,2023-10-08T11:05:24Z,2026-02-19T08:05:21+00:00,67045651,bbc_xml_sitemap,https://www.bbc.com/sitemaps/https-sitemap-com-archive-103.xml
BBC,bbc.com,https://www.bbc.com/news/world-middle-east-67046258,2023-10-08T11:20:37Z,2026-02-19T08:05:21+00:00,67046258,bbc_xml_sitemap,https://www.bbc.com/sitemaps/https-sitemap-com-archive-103.xml
BBC,bbc.com,https://www.bbc.com/news/world-middle-east-67046394,2023-10-08T11:41:30Z,2026-02-19T08:05:21+00:00,67046394,bbc_xml_sitemap,https://www.bbc.com/sitemaps/https-sitemap-com-archive-103.xml
BBC,bbc.com,https://www.bbc.com/news/world-middle-east-67046261,2023-10-08T12:00:30Z,2026-02-19T08:05:21+00:00,67046261,bbc_xml_sitemap,https://www.bbc.com/sitemaps/https-sitemap-com-archive-103.xml
BBC,bbc.com,https://www.bbc.com/news/world-middle-east-67046262,2023-10-08T12:06:08Z,2026-02-19T08:05:21+00:00,67046262,bbc_xml_sitemap,https://www.bbc.com/sitemaps/https-sitemap-com-archive-103.xml
BBC,bbc.com,https://www.bbc.com/news/world-middle-east-67046444,2023-10-08T15:14:37Z,2026-02-19T08:05:21+00:00,67046444,bbc_xml_sitemap,https://www.bbc.com/sitemaps/https-sitemap-com-archive-103.xml
BBC,bbc.com,https://www.bbc.com/news/world-middle-east-67045078,2023-10-09T06:41:06Z,2026-02-19T08:05:21+00:00,67045078,bbc_xml_sitemap,https://www.bbc.com/sitemaps/https-sitemap-com-archive-103.xml
BBC,bbc.com,https://www.bbc.com/news/world-middle-east-67047034,2023-10-09T14:28:42Z,2026-02-19T08:05:21+00:00,67047034,bbc_xml_sitemap,https://www.bbc.com/sitemaps/https-sitemap-com-archive-103.xml
BBC,bbc.com,https://www.bbc.com/news/world-middle-east-67048672,2023-10-08T20:13:54Z,2026-02-19T08:05:21+00:00,67048672,bbc_xml_sitemap,https://www.bbc.com/sitemaps/https-sitemap-com-archive-103.xml
BBC,bbc.com,https://www.bbc.com/news/world-middle-east-67050445,2023-10-08T23:09:08Z,2026-02-19T08:05:21+00:00,67050445,bbc_xml_sitemap,https://www.bbc.com/sitemaps/https-sitemap-com-archive-103.xml
BBC,bbc.com,https://www.bbc.com/news/world-middle-east-67039975,2025-01-21T17:08:56Z,2026-02-19T08:05:21+00:00,67039975,bbc_xml_sitemap,https://www.bbc.com/sitemaps/https-sitemap-com-archive-103.xml
BBC,bbc.com,https://www.bbc.com/news/world-middle-east-67041495,2023-10-07T16:30:19Z,2026-02-19T08:05:21+00:00,67041495,bbc_xml_sitemap,https://www.bbc.com/sitemaps/https-sitemap-com-archive-103.xml
BBC,bbc.com,https://www.bbc.com/news/world-middle-east-67041679,2023-10-07T16:33:39Z,2026-02-19T08:05:21+00:00,67041679,bbc_xml_sitemap,https://www.bbc.com/sitemaps/https-sitemap-com-archive-103.xml
BBC,bbc.com,https://www.bbc.com/news/world-middle-east-67043574,2023-10-07T19:55:27Z,2026-02-19T08:05:21+00:00,67043574,bbc_xml_sitemap,https://www.bbc.com/sitemaps/https-sitemap-com-archive-103.xml
BBC,bbc.com,https://www.bbc.com/news/world-middle-east-67043563,2023-10-07T20:27:03Z,2026-02-19T08:05:21+00:00,67043563,bbc_xml_sitemap,https://www.bbc.com/sitemaps/https-sitemap-com-archive-103.xml
BBC,bbc.com,https://www.bbc.com/news/world-middle-east-67042428,2023-10-07T20:29:10Z,2026-02-19T08:05:21+00:00,67042428,bbc_xml_sitemap,https://www.bbc.com/sitemaps/https-sitemap-com-archive-103.xml
BBC,bbc.com,https://www.bbc.com/news/world-middle-east-67041499,2023-10-07T21:43:58Z,2026-02-19T08:05:21+00:00,67041499,bbc_xml_sitemap,https://www.bbc.com/sitemaps/https-sitemap-com-archive-103.xml
BBC,bbc.com,https://www.bbc.com/news/world-middle-east-67044182,2023-10-08T06:28:35Z,2026-02-19T08:05:21+00:00,67044182,bbc_xml_sitemap,https://www.bbc.com/sitemaps/https-sitemap-com-archive-103.xml
BBC,bbc.com,https://www.bbc.com/news/world-middle-east-67051618,2023-10-09T08:42:18Z,2026-02-19T08:05:21+00:00,67051618,bbc_xml_sitemap,https://www.bbc.com/sitemaps/https-sitemap-com-archive-103.xml
BBC,bbc.com,https://www.bbc.com/news/world-middle-east-67051619,2023-10-09T10:55:06Z,2026-02-19T08:05:21+00:00,67051619,bbc_xml_sitemap,https://www.bbc.com/sitemaps/https-sitemap-com-archive-103.xml
BBC,bbc.com,https://www.bbc.com/news/world-middle-east-67053011,2025-02-27T13:36:24Z,2026-02-19T08:05:21+00:00,67053011,bbc_xml_sitemap,https://www.bbc.com/sitemaps/https-sitemap-com-archive-103.xml
BBC,bbc.com,https://www.bbc.com/news/world-middle-east-67050127,2023-10-09T15:16:52Z,2026-02-19T08:05:21+00:00,67050127,bbc_xml_sitemap,https://www.bbc.com/sitemaps/https-sitemap-com-archive-103.xml
BBC,bbc.com,https://www.bbc.com/news/world-middle-east-67051620,2023-10-09T12:36:17Z,2026-02-19T08:05:21+00:00,67051620,bbc_xml_sitemap,https://www.bbc.com/sitemaps/https-sitemap-com-archive-103.xml
BBC,bbc.com,https://www.bbc.com/news/world-middle-east-67051292,2023-10-09T20:27:20Z,2026-02-19T08:05:21+00:00,67051292,bbc_xml_sitemap,https://www.bbc.com/sitemaps/https-sitemap-com-archive-103.xml
BBC,bbc.com,https://www.bbc.com/news/world-middle-east-67072161,2023-10-10T16:55:35Z,2026-02-19T08:05:21+00:00,67072161,bbc_xml_sitemap,https://www.bbc.com/sitemaps/https-sitemap-com-archive-103.xml
BBC,bbc.com,https://www.bbc.com/news/world-middle-east-67072901,2023-10-10T18:17:00Z,2026-02-19T08:05:21+00:00,67072901,bbc_xml_sitemap,https://www.bbc.com/sitemaps/https-sitemap-com-archive-103.xml
BBC,bbc.com,https://www.bbc.com/news/world-middle-east-67067595,2023-10-10T18:24:51Z,2026-02-19T08:05:21+00:00,67067595,bbc_xml_sitemap,https://www.bbc.com/sitemaps/https-sitemap-com-archive-103.xml
BBC,bbc.com,https://www.bbc.com/news/world-middle-east-67065341,2023-10-10T20:08:39Z,2026-02-19T08:05:21+00:00,67065341,bbc_xml_sitemap,https://www.bbc.com/sitemaps/https-sitemap-com-archive-103.xml
BBC,bbc.com,https://www.bbc.com/news/world-middle-east-67065205,2023-10-11T04:37:02Z,2026-02-19T08:05:21+00:00,67065205,bbc_xml_sitemap,https://www.bbc.com/sitemaps/https-sitemap-com-archive-103.xml
BBC,bbc.com,https://www.bbc.com/news/world-middle-east-67067555,2023-10-10T22:28:45Z,2026-02-19T08:05:21+00:00,67067555,bbc_xml_sitemap,https://www.bbc.com/sitemaps/https-sitemap-com-archive-103.xml
BBC,bbc.com,https://www.bbc.com/news/world-middle-east-67074435,2023-10-11T06:04:15Z,2026-02-19T08:05:21+00:00,67074435,bbc_xml_sitemap,https://www.bbc.com/sitemaps/https-sitemap-com-archive-103.xml
BBC,bbc.com,https://www.bbc.com/news/world-middle-east-67048805,2023-10-08T16:10:04Z,2026-02-19T08:05:21+00:00,67048805,bbc_xml_sitemap,https://www.bbc.com/sitemaps/https-sitemap-com-archive-103.xml
BBC,bbc.com,https://www.bbc.com/news/world-middle-east-67048564,2023-10-08T16:35:17Z,2026-02-19T08:05:21+00:00,67048564,bbc_xml_sitemap,https://www.bbc.com/sitemaps/https-sitemap-com-archive-103.xml
BBC,bbc.com,https://www.bbc.com/news/world-middle-east-67046750,2023-10-08T17:47:22Z,2026-02-19T08:05:21+00:00,67046750,bbc_xml_sitemap,https://www.bbc.com/sitemaps/https-sitemap-com-archive-103.xml
BBC,bbc.com,https://www.bbc.com/news/world-middle-east-67059870,2023-10-09T16:38:54Z,2026-02-19T08:05:21+00:00,67059870,bbc_xml_sitemap,https://www.bbc.com/sitemaps/https-sitemap-com-archive-103.xml
BBC,bbc.com,https://www.bbc.com/news/world-middle-east-67056987,2023-10-09T16:44:04Z,2026-02-19T08:05:21+00:00,67056987,bbc_xml_sitemap,https://www.bbc.com/sitemaps/https-sitemap-com-archive-103.xml
BBC,bbc.com,https://www.bbc.com/news/world-middle-east-67058244,2023-10-09T17:21:22Z,2026-02-19T08:05:21+00:00,67058244,bbc_xml_sitemap,https://www.bbc.com/sitemaps/https-sitemap-com-archive-103.xml
BBC,bbc.com,https://www.bbc.com/news/world-middle-east-67056741,2023-10-10T16:02:40Z,2026-02-19T08:05:21+00:00,67056741,bbc_xml_sitemap,https://www.bbc.com/sitemaps/https-sitemap-com-archive-103.xml
BBC,bbc.com,https://www.bbc.com/news/world-middle-east-67058544,2023-10-09T20:15:51Z,2026-02-19T08:05:21+00:00,67058544,bbc_xml_sitemap,https://www.bbc.com/sitemaps/https-sitemap-com-archive-103.xml
BBC,bbc.com,https://www.bbc.com/news/world-middle-east-67058549,2023-10-09T22:37:41Z,2026-02-19T08:05:21+00:00,67058549,bbc_xml_sitemap,https://www.bbc.com/sitemaps/https-sitemap-com-archive-103.xml
BBC,bbc.com,https://www.bbc.com/news/world-middle-east-67062491,2023-10-10T05:26:35Z,2026-02-19T08:05:21+00:00,67062491,bbc_xml_sitemap,https://www.bbc.com/sitemaps/https-sitemap-com-archive-103.xml
BBC,bbc.com,https://www.bbc.com/news/world-middle-east-67062240,2023-10-10T06:10:22Z,2026-02-19T08:05:21+00:00,67062240,bbc_xml_sitemap,https://www.bbc.com/sitemaps/https-sitemap-com-archive-103.xml
BBC,bbc.com,https://www.bbc.com/news/world-middle-east-67065234,2023-10-10T09:39:48Z,2026-02-19T08:05:21+00:00,67065234,bbc_xml_sitemap,https://www.bbc.com/sitemaps/https-sitemap-com-archive-103.xml
BBC,bbc.com,https://www.bbc.com/news/world-middle-east-67065398,2023-10-10T09:57:41Z,2026-02-19T08:05:21+00:00,67065398,bbc_xml_sitemap,https://www.bbc.com/sitemaps/https-sitemap-com-archive-103.xml
BBC,bbc.com,https://www.bbc.com/news/world-middle-east-67054825,2023-10-11T15:21:51Z,2026-02-19T08:05:21+00:00,67054825,bbc_xml_sitemap,https://www.bbc.com/sitemaps/https-sitemap-com-archive-103.xml
BBC,bbc.com,https://www.bbc.com/news/world-middle-east-67058540,2023-10-09T15:04:27Z,2026-02-19T08:05:21+00:00,67058540,bbc_xml_sitemap,https://www.bbc.com/sitemaps/https-sitemap-com-archive-103.xml
BBC,bbc.com,https://www.bbc.com/news/world-middle-east-67058592,2023-10-09T16:02:54Z,2026-02-19T08:05:21+00:00,67058592,bbc_xml_sitemap,https://www.bbc.com/sitemaps/https-sitemap-com-archive-103.xml
BBC,bbc.com,https://www.bbc.com/news/world-middle-east-67056981,2023-10-09T16:12:43Z,2026-02-19T08:05:21+00:00,67056981,bbc_xml_sitemap,https://www.bbc.com/sitemaps/https-sitemap-com-archive-103.xml
BBC,bbc.com,https://www.bbc.com/news/world-middle-east-67077736,2023-10-11T15:22:31Z,2026-02-19T08:05:21+00:00,67077736,bbc_xml_sitemap,https://www.bbc.com/sitemaps/https-sitemap-com-archive-103.xml
BBC,bbc.com,https://www.bbc.com/news/world-middle-east-67072162,2023-10-11T15:16:27Z,2026-02-19T08:05:21+00:00,67072162,bbc_xml_sitemap,https://www.bbc.com/sitemaps/https-sitemap-com-archive-103.xml
BBC,bbc.com,https://www.bbc.com/news/world-middle-east-67082351,2023-10-11T21:58:35Z,2026-02-19T08:05:21+00:00,67082351,bbc_xml_sitemap,https://www.bbc.com/sitemaps/https-sitemap-com-archive-103.xml
BBC,bbc.com,https://www.bbc.com/news/world-middle-east-67082047,2023-10-12T08:56:31Z,2026-02-19T08:05:21+00:00,67082047,bbc_xml_sitemap,https://www.bbc.com/sitemaps/https-sitemap-com-archive-103.xml
BBC,bbc.com,https://www.bbc.com/news/world-middle-east-67064742,2023-10-10T13:47:42Z,2026-02-19T08:05:21+00:00,67064742,bbc_xml_sitemap,https://www.bbc.com/sitemaps/https-sitemap-com-archive-103.xml
BBC,bbc.com,https://www.bbc.com/news/world-middle-east-67065338,2023-10-11T06:58:11Z,2026-02-19T08:05:21+00:00,67065338,bbc_xml_sitemap,https://www.bbc.com/sitemaps/https-sitemap-com-archive-103.xml
BBC,bbc.com,https://www.bbc.com/news/world-middle-east-67084408,2023-10-11T20:40:17Z,2026-02-19T08:05:21+00:00,67084408,bbc_xml_sitemap,https://www.bbc.com/sitemaps/https-sitemap-com-archive-103.xml
BBC,bbc.com,https://www.bbc.com/news/world-middle-east-67087583,2023-10-12T18:40:41Z,2026-02-19T08:05:21+00:00,67087583,bbc_xml_sitemap,https://www.bbc.com/sitemaps/https-sitemap-com-archive-103.xml
BBC,bbc.com,https://www.bbc.com/news/world-middle-east-67087035,2023-10-12T16:40:31Z,2026-02-19T08:05:21+00:00,67087035,bbc_xml_sitemap,https://www.bbc.com/sitemaps/https-sitemap-com-archive-103.xml
BBC,bbc.com,https://www.bbc.com/news/world-middle-east-67087828,2023-10-12T12:18:49Z,2026-02-19T08:05:21+00:00,67087828,bbc_xml_sitemap,https://www.bbc.com/sitemaps/https-sitemap-com-archive-103.xml
BBC,bbc.com,https://www.bbc.com/news/world-middle-east-67075939,2023-10-11T09:32:19Z,2026-02-19T08:05:21+00:00,67075939,bbc_xml_sitemap,https://www.bbc.com/sitemaps/https-sitemap-com-archive-103.xml
BBC,bbc.com,https://www.bbc.com/news/world-middle-east-67077224,2023-10-11T12:50:52Z,2026-02-19T08:05:21+00:00,67077224,bbc_xml_sitemap,https://www.bbc.com/sitemaps/https-sitemap-com-archive-103.xml
BBC,bbc.com,https://www.bbc.com/news/world-middle-east-67096316,2023-10-12T19:18:46Z,2026-02-19T08:05:21+00:00,67096316,bbc_xml_sitemap,https://www.bbc.com/sitemaps/https-sitemap-com-archive-103.xml
BBC,bbc.com,https://www.bbc.com/news/world-middle-east-67095483,2023-10-12T19:26:38Z,2026-02-19T08:05:21+00:00,67095483,bbc_xml_sitemap,https://www.bbc.com/sitemaps/https-sitemap-com-archive-103.xml
BBC,bbc.com,https://www.bbc.com/news/world-middle-east-67094214,2023-10-12T21:29:10Z,2026-02-19T08:05:21+00:00,67094214,bbc_xml_sitemap,https://www.bbc.com/sitemaps/https-sitemap-com-archive-103.xml
BBC,bbc.com,https://www.bbc.com/news/world-middle-east-67092442,2023-10-12T22:47:40Z,2026-02-19T08:05:21+00:00,67092442,bbc_xml_sitemap,https://www.bbc.com/sitemaps/https-sitemap-com-archive-103.xml
BBC,bbc.com,https://www.bbc.com/news/world-middle-east-67097124,2023-10-13T00:10:45Z,2026-02-19T08:05:21+00:00,67097124,bbc_xml_sitemap,https://www.bbc.com/sitemaps/https-sitemap-com-archive-103.xml
BBC,bbc.com,https://www.bbc.com/news/world-middle-east-67089114,2023-10-13T09:09:12Z,2026-02-19T08:05:21+00:00,67089114,bbc_xml_sitemap,https://www.bbc.com/sitemaps/https-sitemap-com-archive-103.xml
BBC,bbc.com,https://www.bbc.com/news/world-middle-east-67094215,2023-10-13T06:47:50Z,2026-02-19T08:05:21+00:00,67094215,bbc_xml_sitemap,https://www.bbc.com/sitemaps/https-sitemap-com-archive-103.xml
BBC,bbc.com,https://www.bbc.com/news/world-middle-east-67090491,2023-10-13T09:53:38Z,2026-02-19T08:05:21+00:00,67090491,bbc_xml_sitemap,https://www.bbc.com/sitemaps/https-sitemap-com-archive-103.xml
BBC,bbc.com,https://www.bbc.com/news/world-middle-east-67083432,2023-10-11T17:34:55Z,2026-02-19T08:05:21+00:00,67083432,bbc_xml_sitemap,https://www.bbc.com/sitemaps/https-sitemap-com-archive-103.xml
BBC,bbc.com,https://www.bbc.com/news/world-middle-east-67106103,2023-10-13T15:26:44Z,2026-02-19T08:05:21+00:00,67106103,bbc_xml_sitemap,https://www.bbc.com/sitemaps/https-sitemap-com-archive-103.xml
BBC,bbc.com,https://www.bbc.com/news/world-middle-east-67105618,2023-10-13T16:59:56Z,2026-02-19T08:05:21+00:00,67105618,bbc_xml_sitemap,https://www.bbc.com/sitemaps/https-sitemap-com-archive-103.xml
BBC,bbc.com,https://www.bbc.com/news/world-middle-east-67102956,2023-10-15T11:43:53Z,2026-02-19T08:05:21+00:00,67102956,bbc_xml_sitemap,https://www.bbc.com/sitemaps/https-sitemap-com-archive-103.xml
BBC,bbc.com,https://www.bbc.com/news/world-middle-east-67106104,2023-10-13T19:28:25Z,2026-02-19T08:05:21+00:00,67106104,bbc_xml_sitemap,https://www.bbc.com/sitemaps/https-sitemap-com-archive-103.xml
BBC,bbc.com,https://www.bbc.com/news/world-middle-east-67101434,2023-10-13T11:05:22Z,2026-02-19T08:05:21+00:00,67101434,bbc_xml_sitemap,https://www.bbc.com/sitemaps/https-sitemap-com-archive-103.xml
BBC,bbc.com,https://www.bbc.com/news/world-middle-east-67100036,2023-10-13T11:58:09Z,2026-02-19T08:05:21+00:00,67100036,bbc_xml_sitemap,https://www.bbc.com/sitemaps/https-sitemap-com-archive-103.xml
BBC,bbc.com,https://www.bbc.com/news/world-middle-east-67101436,2023-10-13T13:35:18Z,2026-02-19T08:05:21+00:00,67101436,bbc_xml_sitemap,https://www.bbc.com/sitemaps/https-sitemap-com-archive-103.xml
BBC,bbc.com,https://www.bbc.com/news/world-middle-east-67101437,2023-10-13T14:16:07Z,2026-02-19T08:05:21+00:00,67101437,bbc_xml_sitemap,https://www.bbc.com/sitemaps/https-sitemap-com-archive-103.xml
BBC,bbc.com,https://www.bbc.com/news/world-middle-east-67113144,2023-10-14T15:54:01Z,2026-02-19T08:05:21+00:00,67113144,bbc_xml_sitemap,https://www.bbc.com/sitemaps/https-sitemap-com-archive-103.xml
BBC,bbc.com,https://www.bbc.com/news/world-middle-east-67075437,2023-10-12T12:24:14Z,2026-02-19T08:05:21+00:00,67075437,bbc_xml_sitemap,https://www.bbc.com/sitemaps/https-sitemap-com-archive-103.xml
BBC,bbc.com,https://www.bbc.com/news/world-middle-east-67092441,2023-10-12T13:44:02Z,2026-02-19T08:05:21+00:00,67092441,bbc_xml_sitemap,https://www.bbc.com/sitemaps/https-sitemap-com-archive-103.xml
BBC,bbc.com,https://www.bbc.com/news/world-middle-east-67090617,2023-10-12T14:01:57Z,2026-02-19T08:05:21+00:00,67090617,bbc_xml_sitemap,https://www.bbc.com/sitemaps/https-sitemap-com-archive-103.xml
BBC,bbc.com,https://www.bbc.com/news/world-middle-east-67093081,2023-10-12T18:54:24Z,2026-02-19T08:05:21+00:00,67093081,bbc_xml_sitemap,https://www.bbc.com/sitemaps/https-sitemap-com-archive-103.xml
BBC,bbc.com,https://www.bbc.com/news/world-middle-east-67091158,2023-10-12T15:51:30Z,2026-02-19T08:05:21+00:00,67091158,bbc_xml_sitemap,https://www.bbc.com/sitemaps/https-sitemap-com-archive-103.xml
BBC,bbc.com,https://www.bbc.com/news/world-middle-east-67089113,2023-10-12T16:14:37Z,2026-02-19T08:05:21+00:00,67089113,bbc_xml_sitemap,https://www.bbc.com/sitemaps/https-sitemap-com-archive-103.xml
BBC,bbc.com,https://www.bbc.com/news/world-middle-east-67113145,2023-10-14T17:27:41Z,2026-02-19T08:05:21+00:00,67113145,bbc_xml_sitemap,https://www.bbc.com/sitemaps/https-sitemap-com-archive-103.xml
BBC,bbc.com,https://www.bbc.com/news/world-middle-east-67113392,2023-10-14T18:12:56Z,2026-02-19T08:05:21+00:00,67113392,bbc_xml_sitemap,https://www.bbc.com/sitemaps/https-sitemap-com-archive-103.xml
BBC,bbc.com,https://www.bbc.com/news/world-middle-east-67112202,2023-10-14T18:34:35Z,2026-02-19T08:05:21+00:00,67112202,bbc_xml_sitemap,https://www.bbc.com/sitemaps/https-sitemap-com-archive-103.xml
BBC,bbc.com,https://www.bbc.com/news/world-middle-east-67100014,2023-10-14T19:17:35Z,2026-02-19T08:05:21+00:00,67100014,bbc_xml_sitemap,https://www.bbc.com/sitemaps/https-sitemap-com-archive-103.xml
BBC,bbc.com,https://www.bbc.com/news/world-middle-east-67114281,2023-10-16T17:13:49Z,2026-02-19T08:05:21+00:00,67114281,bbc_xml_sitemap,https://www.bbc.com/sitemaps/https-sitemap-com-archive-103.xml
BBC,bbc.com,https://www.bbc.com/news/world-middle-east-67084141,2023-11-07T15:10:23Z,2026-02-19T08:05:21+00:00,67084141,bbc_xml_sitemap,https://www.bbc.com/sitemaps/https-sitemap-com-archive-103.xml
BBC,bbc.com,https://www.bbc.com/news/world-middle-east-67117157,2023-10-15T14:41:16Z,2026-02-19T08:05:21+00:00,67117157,bbc_xml_sitemap,https://www.bbc.com/sitemaps/https-sitemap-com-archive-103.xml
BBC,bbc.com,https://www.bbc.com/news/world-middle-east-67116403,2023-10-15T15:38:43Z,2026-02-19T08:05:21+00:00,67116403,bbc_xml_sitemap,https://www.bbc.com/sitemaps/https-sitemap-com-archive-103.xml
BBC,bbc.com,https://www.bbc.com/news/world-middle-east-67118465,2023-10-15T16:46:21Z,2026-02-19T08:05:21+00:00,67118465,bbc_xml_sitemap,https://www.bbc.com/sitemaps/https-sitemap-com-archive-103.xml
BBC,bbc.com,https://www.bbc.com/news/world-middle-east-67118468,2023-10-15T18:07:43Z,2026-02-19T08:05:21+00:00,67118468,bbc_xml_sitemap,https://www.bbc.com/sitemaps/https-sitemap-com-archive-103.xml
BBC,bbc.com,https://www.bbc.com/news/world-middle-east-67118467,2023-10-15T18:09:15Z,2026-02-19T08:05:21+00:00,67118467,bbc_xml_sitemap,https://www.bbc.com/sitemaps/https-sitemap-com-archive-103.xml
BBC,bbc.com,https://www.bbc.com/news/world-middle-east-67116407,2023-10-15T18:34:33Z,2026-02-19T08:05:21+00:00,67116407,bbc_xml_sitemap,https://www.bbc.com/sitemaps/https-sitemap-com-archive-103.xml
BBC,bbc.com,https://www.bbc.com/news/world-middle-east-67118471,2023-10-15T19:08:04Z,2026-02-19T08:05:21+00:00,67118471,bbc_xml_sitemap,https://www.bbc.com/sitemaps/https-sitemap-com-archive-103.xml
BBC,bbc.com,https://www.bbc.com/news/world-middle-east-67118052,2023-10-16T13:57:03Z,2026-02-19T08:05:21+00:00,67118052,bbc_xml_sitemap,https://www.bbc.com/sitemaps/https-sitemap-com-archive-103.xml
BBC,bbc.com,https://www.bbc.com/news/world-middle-east-67121800,2023-10-16T09:10:39Z,2026-02-19T08:05:21+00:00,67121800,bbc_xml_sitemap,https://www.bbc.com/sitemaps/https-sitemap-com-archive-103.xml
BBC,bbc.com,https://www.bbc.com/news/world-middle-east-67121372,2023-11-01T16:39:07Z,2026-02-19T08:05:21+00:00,67121372,bbc_xml_sitemap,https://www.bbc.com/sitemaps/https-sitemap-com-archive-103.xml
BBC,bbc.com,https://www.bbc.com/news/world-middle-east-67121831,2023-10-16T13:58:35Z,2026-02-19T08:05:21+00:00,67121831,bbc_xml_sitemap,https://www.bbc.com/sitemaps/https-sitemap-com-archive-103.xml
BBC,bbc.com,https://www.bbc.com/news/world-middle-east-67124297,2023-10-16T12:03:24Z,2026-02-19T08:05:21+00:00,67124297,bbc_xml_sitemap,https://www.bbc.com/sitemaps/https-sitemap-com-archive-103.xml
BBC,bbc.com,https://www.bbc.com/news/world-middle-east-67122520,2023-10-16T17:22:12Z,2026-02-19T08:05:21+00:00,67122520,bbc_xml_sitemap,https://www.bbc.com/sitemaps/https-sitemap-com-archive-103.xml
BBC,bbc.com,https://www.bbc.com/news/world-middle-east-67128769,2023-10-16T17:52:01Z,2026-02-19T08:05:21+00:00,67128769,bbc_xml_sitemap,https://www.bbc.com/sitemaps/https-sitemap-com-archive-103.xml
BBC,bbc.com,https://www.bbc.com/news/world-middle-east-67124768,2023-10-16T18:46:08Z,2026-02-19T08:05:21+00:00,67124768,bbc_xml_sitemap,https://www.bbc.com/sitemaps/https-sitemap-com-archive-103.xml
BBC,bbc.com,https://www.bbc.com/news/world-middle-east-67128770,2023-10-17T05:15:18Z,2026-02-19T08:05:21+00:00,67128770,bbc_xml_sitemap,https://www.bbc.com/sitemaps/https-sitemap-com-archive-103.xml
BBC,bbc.com,https://www.bbc.com/news/world-middle-east-67127567,2023-10-16T20:17:11Z,2026-02-19T08:05:21+00:00,67127567,bbc_xml_sitemap,https://www.bbc.com/sitemaps/https-sitemap-com-archive-103.xml
BBC,bbc.com,https://www.bbc.com/news/world-middle-east-67128533,2023-10-16T20:24:36Z,2026-02-19T08:05:21+00:00,67128533,bbc_xml_sitemap,https://www.bbc.com/sitemaps/https-sitemap-com-archive-103.xml
BBC,bbc.com,https://www.bbc.com/news/world-middle-east-67124298,2023-10-16T21:39:07Z,2026-02-19T08:05:21+00:00,67124298,bbc_xml_sitemap,https://www.bbc.com/sitemaps/https-sitemap-com-archive-103.xml
BBC,bbc.com,https://www.bbc.com/news/world-middle-east-67114313,2023-10-15T07:46:02Z,2026-02-19T08:05:21+00:00,67114313,bbc_xml_sitemap,https://www.bbc.com/sitemaps/https-sitemap-com-archive-103.xml
BBC,bbc.com,https://www.bbc.com/news/world-middle-east-67133675,2023-10-17T15:46:12Z,2026-02-19T08:05:21+00:00,67133675,bbc_xml_sitemap,https://www.bbc.com/sitemaps/https-sitemap-com-archive-103.xml
BBC,bbc.com,https://www.bbc.com/news/world-middle-east-67135419,2023-10-17T11:32:11Z,2026-02-19T08:05:21+00:00,67135419,bbc_xml_sitemap,https://www.bbc.com/sitemaps/https-sitemap-com-archive-103.xml
BBC,bbc.com,https://www.bbc.com/news/world-middle-east-67121414,2023-10-17T11:58:00Z,2026-02-19T08:05:21+00:00,67121414,bbc_xml_sitemap,https://www.bbc.com/sitemaps/https-sitemap-com-archive-103.xml
BBC,bbc.com,https://www.bbc.com/news/world-middle-east-67132577,2023-10-17T13:02:41Z,2026-02-19T08:05:21+00:00,67132577,bbc_xml_sitemap,https://www.bbc.com/sitemaps/https-sitemap-com-archive-103.xml
BBC,bbc.com,https://www.bbc.com/news/world-middle-east-67124745,2023-10-17T21:41:26Z,2026-02-19T08:05:21+00:00,67124745,bbc_xml_sitemap,https://www.bbc.com/sitemaps/https-sitemap-com-archive-103.xml
BBC,bbc.com,https://www.bbc.com/news/world-middle-east-67133803,2023-10-17T15:56:10Z,2026-02-19T08:05:21+00:00,67133803,bbc_xml_sitemap,https://www.bbc.com/sitemaps/https-sitemap-com-archive-103.xml
BBC,bbc.com,https://www.bbc.com/news/world-middle-east-67127824,2023-10-16T23:25:37Z,2026-02-19T08:05:21+00:00,67127824,bbc_xml_sitemap,https://www.bbc.com/sitemaps/https-sitemap-com-archive-103.xml
BBC,bbc.com,https://www.bbc.com/news/world-middle-east-67135421,2023-10-17T21:24:08Z,2026-02-19T08:05:21+00:00,67135421,bbc_xml_sitemap,https://www.bbc.com/sitemaps/https-sitemap-com-archive-103.xml
BBC,bbc.com,https://www.bbc.com/news/world-middle-east-67140284,2023-10-18T05:50:47Z,2026-02-19T08:05:21+00:00,67140284,bbc_xml_sitemap,https://www.bbc.com/sitemaps/https-sitemap-com-archive-103.xml
BBC,bbc.com,https://www.bbc.com/news/world-middle-east-67141825,2023-10-17T23:35:12Z,2026-02-19T08:05:21+00:00,67141825,bbc_xml_sitemap,https://www.bbc.com/sitemaps/https-sitemap-com-archive-103.xml
BBC,bbc.com,https://www.bbc.com/news/world-middle-east-67140250,2023-10-18T00:37:01Z,2026-02-19T08:05:21+00:00,67140250,bbc_xml_sitemap,https://www.bbc.com/sitemaps/https-sitemap-com-archive-103.xml
BBC,bbc.com,https://www.bbc.com/news/world-middle-east-67142031,2023-10-19T02:29:23Z,2026-02-19T08:05:21+00:00,67142031,bbc_xml_sitemap,https://www.bbc.com/sitemaps/https-sitemap-com-archive-103.xml
BBC,bbc.com,https://www.bbc.com/news/world-middle-east-67140433,2023-10-18T06:43:54Z,2026-02-19T08:05:21+00:00,67140433,bbc_xml_sitemap,https://www.bbc.com/sitemaps/https-sitemap-com-archive-103.xml
BBC,bbc.com,https://www.bbc.com/news/world-middle-east-67144351,2023-10-18T08:39:09Z,2026-02-19T08:05:21+00:00,67144351,bbc_xml_sitemap,https://www.bbc.com/sitemaps/https-sitemap-com-archive-103.xml
BBC,bbc.com,https://www.bbc.com/news/world-middle-east-67138165,2023-10-24T14:20:42Z,2026-02-19T08:05:21+00:00,67138165,bbc_xml_sitemap,https://www.bbc.com/sitemaps/https-sitemap-com-archive-103.xml
BBC,bbc.com,https://www.bbc.com/news/world-middle-east-67147287,2023-10-18T12:58:53Z,2026-02-19T08:05:21+00:00,67147287,bbc_xml_sitemap,https://www.bbc.com/sitemaps/https-sitemap-com-archive-103.xml
BBC,bbc.com,https://www.bbc.com/news/world-middle-east-67144061,2023-10-19T17:42:41Z,2026-02-19T08:05:21+00:00,67144061,bbc_xml_sitemap,https://www.bbc.com/sitemaps/https-sitemap-com-archive-103.xml
BBC,bbc.com,https://www.bbc.com/news/world-middle-east-67148622,2023-10-18T21:14:25Z,2026-02-19T08:05:21+00:00,67148622,bbc_xml_sitemap,https://www.bbc.com/sitemaps/https-sitemap-com-archive-103.xml
BBC,bbc.com,https://www.bbc.com/news/world-middle-east-67147059,2023-10-18T18:02:32Z,2026-02-19T08:05:21+00:00,67147059,bbc_xml_sitemap,https://www.bbc.com/sitemaps/https-sitemap-com-archive-103.xml
BBC,bbc.com,https://www.bbc.com/news/world-middle-east-67147068,2023-10-18T18:34:51Z,2026-02-19T08:05:21+00:00,67147068,bbc_xml_sitemap,https://www.bbc.com/sitemaps/https-sitemap-com-archive-103.xml
BBC,bbc.com,https://www.bbc.com/news/world-middle-east-67152410,2023-10-18T19:07:20Z,2026-02-19T08:05:21+00:00,67152410,bbc_xml_sitemap,https://www.bbc.com/sitemaps/https-sitemap-com-archive-103.xml
BBC,bbc.com,https://www.bbc.com/news/world-middle-east-67153173,2023-10-18T21:06:00Z,2026-02-19T08:05:21+00:00,67153173,bbc_xml_sitemap,https://www.bbc.com/sitemaps/https-sitemap-com-archive-103.xml
BBC,bbc.com,https://www.bbc.com/news/world-middle-east-67156084,2023-10-19T15:44:19Z,2026-02-19T08:05:21+00:00,67156084,bbc_xml_sitemap,https://www.bbc.com/sitemaps/https-sitemap-com-archive-103.xml
BBC,bbc.com,https://www.bbc.com/news/world-middle-east-67103298,2025-01-21T16:10:37Z,2026-02-19T08:05:21+00:00,67103298,bbc_xml_sitemap,https://www.bbc.com/sitemaps/https-sitemap-com-archive-103.xml
BBC,bbc.com,https://www.bbc.com/news/world-middle-east-67135420,2023-10-17T17:01:47Z,2026-02-19T08:05:21+00:00,67135420,bbc_xml_sitemap,https://www.bbc.com/sitemaps/https-sitemap-com-archive-103.xml
BBC,bbc.com,https://www.bbc.com/news/world-middle-east-67140283,2023-10-17T17:24:50Z,2026-02-19T08:05:21+00:00,67140283,bbc_xml_sitemap,https://www.bbc.com/sitemaps/https-sitemap-com-archive-103.xml
BBC,bbc.com,https://www.bbc.com/news/world-middle-east-67139236,2023-10-17T17:32:09Z,2026-02-19T08:05:21+00:00,67139236,bbc_xml_sitemap,https://www.bbc.com/sitemaps/https-sitemap-com-archive-103.xml
BBC,bbc.com,https://www.bbc.com/news/world-middle-east-67140939,2023-10-18T05:19:05Z,2026-02-19T08:05:21+00:00,67140939,bbc_xml_sitemap,https://www.bbc.com/sitemaps/https-sitemap-com-archive-103.xml
BBC,bbc.com,https://www.bbc.com/news/world-middle-east-67146159,2023-10-18T14:57:49Z,2026-02-19T08:05:21+00:00,67146159,bbc_xml_sitemap,https://www.bbc.com/sitemaps/https-sitemap-com-archive-103.xml
BBC,bbc.com,https://www.bbc.com/news/world-middle-east-67135168,2023-10-18T16:24:15Z,2026-02-19T08:05:21+00:00,67135168,bbc_xml_sitemap,https://www.bbc.com/sitemaps/https-sitemap-com-archive-103.xml
BBC,bbc.com,https://www.bbc.com/news/world-middle-east-67161936,2023-10-19T17:06:07Z,2026-02-19T08:05:21+00:00,67161936,bbc_xml_sitemap,https://www.bbc.com/sitemaps/https-sitemap-com-archive-103.xml
BBC,bbc.com,https://www.bbc.com/news/world-middle-east-67156865,2023-10-19T21:34:07Z,2026-02-19T08:05:21+00:00,67156865,bbc_xml_sitemap,https://www.bbc.com/sitemaps/https-sitemap-com-archive-103.xml
BBC,bbc.com,https://www.bbc.com/news/world-middle-east-67158836,2023-10-20T05:33:15Z,2026-02-19T08:05:21+00:00,67158836,bbc_xml_sitemap,https://www.bbc.com/sitemaps/https-sitemap-com-archive-103.xml
BBC,bbc.com,https://www.bbc.com/news/world-middle-east-67166863,2023-10-20T08:50:29Z,2026-02-19T08:05:21+00:00,67166863,bbc_xml_sitemap,https://www.bbc.com/sitemaps/https-sitemap-com-archive-103.xml
BBC,bbc.com,https://www.bbc.com/news/world-middle-east-67165128,2023-10-20T02:37:15Z,2026-02-19T08:05:21+00:00,67165128,bbc_xml_sitemap,https://www.bbc.com/sitemaps/https-sitemap-com-archive-103.xml
BBC,bbc.com,https://www.bbc.com/news/world-middle-east-67176203,2023-10-21T16:36:10Z,2026-02-19T08:05:21+00:00,67176203,bbc_xml_sitemap,https://www.bbc.com/sitemaps/https-sitemap-com-archive-103.xml
BBC,bbc.com,https://www.bbc.com/news/world-middle-east-67177684,2023-10-20T20:27:44Z,2026-02-19T08:05:21+00:00,67177684,bbc_xml_sitemap,https://www.bbc.com/sitemaps/https-sitemap-com-archive-103.xml
BBC,bbc.com,https://www.bbc.com/news/world-middle-east-67174672,2023-10-20T23:59:10Z,2026-02-19T08:05:21+00:00,67174672,bbc_xml_sitemap,https://www.bbc.com/sitemaps/https-sitemap-com-archive-103.xml
BBC,bbc.com,https://www.bbc.com/news/world-middle-east-67173344,2023-10-21T00:01:52Z,2026-02-19T08:05:21+00:00,67173344,bbc_xml_sitemap,https://www.bbc.com/sitemaps/https-sitemap-com-archive-103.xml
BBC,bbc.com,https://www.bbc.com/news/world-middle-east-67179624,2023-10-21T05:20:21Z,2026-02-19T08:05:21+00:00,67179624,bbc_xml_sitemap,https://www.bbc.com/sitemaps/https-sitemap-com-archive-103.xml
BBC,bbc.com,https://www.bbc.com/news/world-middle-east-67173188,2023-10-20T16:36:33Z,2026-02-19T08:05:21+00:00,67173188,bbc_xml_sitemap,https://www.bbc.com/sitemaps/https-sitemap-com-archive-103.xml
BBC,bbc.com,https://www.bbc.com/news/world-middle-east-67175094,2023-10-20T17:06:46Z,2026-02-19T08:05:21+00:00,67175094,bbc_xml_sitemap,https://www.bbc.com/sitemaps/https-sitemap-com-archive-103.xml
BBC,bbc.com,https://www.bbc.com/news/world-middle-east-67165002,2023-10-21T09:46:54Z,2026-02-19T08:05:21+00:00,67165002,bbc_xml_sitemap,https://www.bbc.com/sitemaps/https-sitemap-com-archive-103.xml
BBC,bbc.com,https://www.bbc.com/news/world-middle-east-67155930,2023-10-19T13:52:13Z,2026-02-19T08:05:21+00:00,67155930,bbc_xml_sitemap,https://www.bbc.com/sitemaps/https-sitemap-com-archive-103.xml
BBC,bbc.com,https://www.bbc.com/news/world-middle-east-67180844,2023-10-21T12:56:40Z,2026-02-19T08:05:21+00:00,67180844,bbc_xml_sitemap,https://www.bbc.com/sitemaps/https-sitemap-com-archive-103.xml
BBC,bbc.com,https://www.bbc.com/news/world-middle-east-67181582,2023-10-21T14:16:27Z,2026-02-19T08:05:21+00:00,67181582,bbc_xml_sitemap,https://www.bbc.com/sitemaps/https-sitemap-com-archive-103.xml
BBC,bbc.com,https://www.bbc.com/news/world-middle-east-67181514,2023-10-21T18:52:38Z,2026-02-19T08:05:21+00:00,67181514,bbc_xml_sitemap,https://www.bbc.com/sitemaps/https-sitemap-com-archive-103.xml
BBC,bbc.com,https://www.bbc.com/news/world-middle-east-67180401,2023-10-21T16:40:03Z,2026-02-19T08:05:21+00:00,67180401,bbc_xml_sitemap,https://www.bbc.com/sitemaps/https-sitemap-com-archive-103.xml
BBC,bbc.com,https://www.bbc.com/news/world-middle-east-67186178,2023-10-22T08:36:32Z,2026-02-19T08:05:21+00:00,67186178,bbc_xml_sitemap,https://www.bbc.com/sitemaps/https-sitemap-com-archive-103.xml
BBC,bbc.com,https://www.bbc.com/news/world-middle-east-67187378,2023-10-22T10:45:17Z,2026-02-19T08:05:21+00:00,67187378,bbc_xml_sitemap,https://www.bbc.com/sitemaps/https-sitemap-com-archive-103.xml
BBC,bbc.com,https://www.bbc.com/news/world-middle-east-67185096,2023-10-21T22:06:32Z,2026-02-19T08:05:21+00:00,67185096,bbc_xml_sitemap,https://www.bbc.com/sitemaps/https-sitemap-com-archive-103.xml
BBC,bbc.com,https://www.bbc.com/news/world-middle-east-67188151,2023-10-22T13:41:49Z,2026-02-19T08:05:21+00:00,67188151,bbc_xml_sitemap,https://www.bbc.com/sitemaps/https-sitemap-com-archive-103.xml
BBC,bbc.com,https://www.bbc.com/news/world-middle-east-67188312,2023-10-22T14:12:15Z,2026-02-19T08:05:21+00:00,67188312,bbc_xml_sitemap,https://www.bbc.com/sitemaps/https-sitemap-com-archive-103.xml
BBC,bbc.com,https://www.bbc.com/news/world-middle-east-67192885,2023-10-23T16:12:19Z,2026-02-19T08:05:21+00:00,67192885,bbc_xml_sitemap,https://www.bbc.com/sitemaps/https-sitemap-com-archive-103.xml
BBC,bbc.com,https://www.bbc.com/news/world-middle-east-67199156,2023-10-23T16:20:53Z,2026-02-19T08:05:21+00:00,67199156,bbc_xml_sitemap,https://www.bbc.com/sitemaps/https-sitemap-com-archive-103.xml
BBC,bbc.com,https://www.bbc.com/news/world-middle-east-67195401,2023-10-23T13:26:22Z,2026-02-19T08:05:21+00:00,67195401,bbc_xml_sitemap,https://www.bbc.com/sitemaps/https-sitemap-com-archive-103.xml
BBC,bbc.com,https://www.bbc.com/news/world-middle-east-67199161,2023-10-23T20:51:47Z,2026-02-19T08:05:21+00:00,67199161,bbc_xml_sitemap,https://www.bbc.com/sitemaps/https-sitemap-com-archive-103.xml
BBC,bbc.com,https://www.bbc.com/news/world-middle-east-67201599,2023-10-24T06:55:36Z,2026-02-19T08:05:21+00:00,67201599,bbc_xml_sitemap,https://www.bbc.com/sitemaps/https-sitemap-com-archive-103.xml
BBC,bbc.com,https://www.bbc.com/news/world-middle-east-67201107,2023-10-23T21:34:22Z,2026-02-19T08:05:21+00:00,67201107,bbc_xml_sitemap,https://www.bbc.com/sitemaps/https-sitemap-com-archive-103.xml
BBC,bbc.com,https://www.bbc.com/news/world-middle-east-67199157,2023-10-23T17:05:49Z,2026-02-19T08:05:21+00:00,67199157,bbc_xml_sitemap,https://www.bbc.com/sitemaps/https-sitemap-com-archive-103.xml
BBC,bbc.com,https://www.bbc.com/news/world-middle-east-67198270,2023-10-23T17:17:01Z,2026-02-19T08:05:21+00:00,67198270,bbc_xml_sitemap,https://www.bbc.com/sitemaps/https-sitemap-com-archive-103.xml
BBC,bbc.com,https://www.bbc.com/news/world-middle-east-67194485,2023-10-23T17:30:46Z,2026-02-19T08:05:21+00:00,67194485,bbc_xml_sitemap,https://www.bbc.com/sitemaps/https-sitemap-com-archive-103.xml
BBC,bbc.com,https://www.bbc.com/news/world-middle-east-67204630,2023-10-24T10:10:48Z,2026-02-19T08:05:21+00:00,67204630,bbc_xml_sitemap,https://www.bbc.com/sitemaps/https-sitemap-com-archive-103.xml
BBC,bbc.com,https://www.bbc.com/news/world-middle-east-67204479,2023-10-24T12:12:31Z,2026-02-19T08:05:21+00:00,67204479,bbc_xml_sitemap,https://www.bbc.com/sitemaps/https-sitemap-com-archive-103.xml
BBC,bbc.com,https://www.bbc.com/news/world-middle-east-67204629,2023-10-24T10:41:14Z,2026-02-19T08:05:21+00:00,67204629,bbc_xml_sitemap,https://www.bbc.com/sitemaps/https-sitemap-com-archive-103.xml
BBC,bbc.com,https://www.bbc.com/news/world-middle-east-67188346,2023-10-22T15:36:36Z,2026-02-19T08:05:21+00:00,67188346,bbc_xml_sitemap,https://www.bbc.com/sitemaps/https-sitemap-com-archive-103.xml
BBC,bbc.com,https://www.bbc.com/news/world-middle-east-67186181,2023-10-23T09:27:01Z,2026-02-19T08:05:21+00:00,67186181,bbc_xml_sitemap,https://www.bbc.com/sitemaps/https-sitemap-com-archive-103.xml
BBC,bbc.com,https://www.bbc.com/news/world-middle-east-67211248,2023-10-24T20:23:28Z,2026-02-19T08:05:21+00:00,67211248,bbc_xml_sitemap,https://www.bbc.com/sitemaps/https-sitemap-com-archive-103.xml
BBC,bbc.com,https://www.bbc.com/news/world-middle-east-67221482,2023-10-25T15:31:59Z,2026-02-19T08:05:21+00:00,67221482,bbc_xml_sitemap,https://www.bbc.com/sitemaps/https-sitemap-com-archive-103.xml
BBC,bbc.com,https://www.bbc.com/news/world-middle-east-67204951,2023-10-24T19:07:48Z,2026-02-19T08:05:21+00:00,67204951,bbc_xml_sitemap,https://www.bbc.com/sitemaps/https-sitemap-com-archive-103.xml
BBC,bbc.com,https://www.bbc.com/news/world-middle-east-67219256,2023-10-25T16:52:18Z,2026-02-19T08:05:21+00:00,67219256,bbc_xml_sitemap,https://www.bbc.com/sitemaps/https-sitemap-com-archive-103.xml
BBC,bbc.com,https://www.bbc.com/news/world-middle-east-67214431,2023-10-25T18:41:34Z,2026-02-19T08:05:21+00:00,67214431,bbc_xml_sitemap,https://www.bbc.com/sitemaps/https-sitemap-com-archive-103.xml
BBC,bbc.com,https://www.bbc.com/news/world-middle-east-67223273,2023-10-25T21:04:35Z,2026-02-19T08:05:21+00:00,67223273,bbc_xml_sitemap,https://www.bbc.com/sitemaps/https-sitemap-com-archive-103.xml
BBC,bbc.com,https://www.bbc.com/news/world-middle-east-67221219,2023-10-25T21:41:12Z,2026-02-19T08:05:21+00:00,67221219,bbc_xml_sitemap,https://www.bbc.com/sitemaps/https-sitemap-com-archive-103.xml
BBC,bbc.com,https://www.bbc.com/news/world-middle-east-67206277,2023-10-25T21:48:50Z,2026-02-19T08:05:21+00:00,67206277,bbc_xml_sitemap,https://www.bbc.com/sitemaps/https-sitemap-com-archive-103.xml
BBC,bbc.com,https://www.bbc.com/news/world-middle-east-67221220,2023-10-25T22:57:46Z,2026-02-19T08:05:21+00:00,67221220,bbc_xml_sitemap,https://www.bbc.com/sitemaps/https-sitemap-com-archive-103.xml
BBC,bbc.com,https://www.bbc.com/news/world-middle-east-67225204,2023-10-26T12:59:27Z,2026-02-19T08:05:21+00:00,67225204,bbc_xml_sitemap,https://www.bbc.com/sitemaps/https-sitemap-com-archive-103.xml
BBC,bbc.com,https://www.bbc.com/news/world-middle-east-67226021,2023-10-26T12:43:51Z,2026-02-19T08:05:21+00:00,67226021,bbc_xml_sitemap,https://www.bbc.com/sitemaps/https-sitemap-com-archive-103.xml
BBC,bbc.com,https://www.bbc.com/news/world-middle-east-67205109,2023-10-26T16:56:54Z,2026-02-19T08:05:21+00:00,67205109,bbc_xml_sitemap,https://www.bbc.com/sitemaps/https-sitemap-com-archive-103.xml
BBC,bbc.com,https://www.bbc.com/news/world-middle-east-67215620,2023-10-25T17:29:33Z,2026-02-19T08:05:21+00:00,67215620,bbc_xml_sitemap,https://www.bbc.com/sitemaps/https-sitemap-com-archive-103.xml
BBC,bbc.com,https://www.bbc.com/news/world-middle-east-67226957,2023-10-26T23:07:09Z,2026-02-19T08:05:21+00:00,67226957,bbc_xml_sitemap,https://www.bbc.com/sitemaps/https-sitemap-com-archive-103.xml
BBC,bbc.com,https://www.bbc.com/news/world-middle-east-67236438,2023-10-27T12:47:08Z,2026-02-19T08:05:21+00:00,67236438,bbc_xml_sitemap,https://www.bbc.com/sitemaps/https-sitemap-com-archive-103.xml
BBC,bbc.com,https://www.bbc.com/news/world-middle-east-67236448,2023-10-27T13:38:34Z,2026-02-19T08:05:21+00:00,67236448,bbc_xml_sitemap,https://www.bbc.com/sitemaps/https-sitemap-com-archive-103.xml
BBC,bbc.com,https://www.bbc.com/news/world-middle-east-67243928,2023-10-27T21:16:45Z,2026-02-19T08:05:21+00:00,67243928,bbc_xml_sitemap,https://www.bbc.com/sitemaps/https-sitemap-com-archive-103.xml
BBC,bbc.com,https://www.bbc.com/news/world-middle-east-67246680,2023-10-27T22:18:32Z,2026-02-19T08:05:21+00:00,67246680,bbc_xml_sitemap,https://www.bbc.com/sitemaps/https-sitemap-com-archive-103.xml
BBC,bbc.com,https://www.bbc.com/news/world-middle-east-67245797,2023-10-27T22:50:37Z,2026-02-19T08:05:21+00:00,67245797,bbc_xml_sitemap,https://www.bbc.com/sitemaps/https-sitemap-com-archive-103.xml
BBC,bbc.com,https://www.bbc.com/news/world-middle-east-67243925,2023-10-27T17:44:49Z,2026-02-19T08:05:21+00:00,67243925,bbc_xml_sitemap,https://www.bbc.com/sitemaps/https-sitemap-com-archive-103.xml
BBC,bbc.com,https://www.bbc.com/news/world-middle-east-67241290,2023-10-27T17:17:15Z,2026-02-19T08:05:21+00:00,67241290,bbc_xml_sitemap,https://www.bbc.com/sitemaps/https-sitemap-com-archive-103.xml
BBC,bbc.com,https://www.bbc.com/news/world-middle-east-67243926,2023-10-27T17:19:35Z,2026-02-19T08:05:21+00:00,67243926,bbc_xml_sitemap,https://www.bbc.com/sitemaps/https-sitemap-com-archive-103.xml
BBC,bbc.com,https://www.bbc.com/news/world-middle-east-67243927,2023-10-27T18:05:07Z,2026-02-19T08:05:21+00:00,67243927,bbc_xml_sitemap,https://www.bbc.com/sitemaps/https-sitemap-com-archive-103.xml
BBC,bbc.com,https://www.bbc.com/news/world-middle-east-67244057,2023-10-27T18:42:40Z,2026-02-19T08:05:21+00:00,67244057,bbc_xml_sitemap,https://www.bbc.com/sitemaps/https-sitemap-com-archive-103.xml
BBC,bbc.com,https://www.bbc.com/news/world-middle-east-67241362,2023-10-28T00:43:40Z,2026-02-19T08:05:21+00:00,67241362,bbc_xml_sitemap,https://www.bbc.com/sitemaps/https-sitemap-com-archive-103.xml
BBC,bbc.com,https://www.bbc.com/news/world-middle-east-67248454,2023-10-28T12:35:08Z,2026-02-19T08:05:21+00:00,67248454,bbc_xml_sitemap,https://www.bbc.com/sitemaps/https-sitemap-com-archive-103.xml
BBC,bbc.com,https://www.bbc.com/news/world-middle-east-67227534,2023-10-26T17:49:11Z,2026-02-19T08:05:21+00:00,67227534,bbc_xml_sitemap,https://www.bbc.com/sitemaps/https-sitemap-com-archive-103.xml
BBC,bbc.com,https://www.bbc.com/news/world-middle-east-67216929,2023-10-26T16:55:10Z,2026-02-19T08:05:21+00:00,67216929,bbc_xml_sitemap,https://www.bbc.com/sitemaps/https-sitemap-com-archive-103.xml
BBC,bbc.com,https://www.bbc.com/news/world-middle-east-67251224,2023-10-28T15:17:49Z,2026-02-19T08:05:21+00:00,67251224,bbc_xml_sitemap,https://www.bbc.com/sitemaps/https-sitemap-com-archive-103.xml
BBC,bbc.com,https://www.bbc.com/news/world-middle-east-67248457,2023-10-28T17:26:49Z,2026-02-19T08:05:21+00:00,67248457,bbc_xml_sitemap,https://www.bbc.com/sitemaps/https-sitemap-com-archive-103.xml
BBC,bbc.com,https://www.bbc.com/news/world-middle-east-67250801,2023-10-28T17:33:22Z,2026-02-19T08:05:21+00:00,67250801,bbc_xml_sitemap,https://www.bbc.com/sitemaps/https-sitemap-com-archive-103.xml
BBC,bbc.com,https://www.bbc.com/news/world-middle-east-67248320,2023-10-28T21:06:46Z,2026-02-19T08:05:21+00:00,67248320,bbc_xml_sitemap,https://www.bbc.com/sitemaps/https-sitemap-com-archive-103.xml
BBC,bbc.com,https://www.bbc.com/news/world-middle-east-67252107,2023-10-28T18:16:17Z,2026-02-19T08:05:21+00:00,67252107,bbc_xml_sitemap,https://www.bbc.com/sitemaps/https-sitemap-com-archive-103.xml
BBC,bbc.com,https://www.bbc.com/news/world-middle-east-67250802,2023-10-28T18:17:37Z,2026-02-19T08:05:21+00:00,67250802,bbc_xml_sitemap,https://www.bbc.com/sitemaps/https-sitemap-com-archive-103.xml
BBC,bbc.com,https://www.bbc.com/news/world-middle-east-67248397,2023-10-28T07:17:51Z,2026-02-19T08:05:21+00:00,67248397,bbc_xml_sitemap,https://www.bbc.com/sitemaps/https-sitemap-com-archive-103.xml
BBC,bbc.com,https://www.bbc.com/news/world-middle-east-67248398,2023-10-28T08:04:02Z,2026-02-19T08:05:21+00:00,67248398,bbc_xml_sitemap,https://www.bbc.com/sitemaps/https-sitemap-com-archive-103.xml
BBC,bbc.com,https://www.bbc.com/news/world-middle-east-67248399,2023-10-28T08:23:08Z,2026-02-19T08:05:21+00:00,67248399,bbc_xml_sitemap,https://www.bbc.com/sitemaps/https-sitemap-com-archive-103.xml
BBC,bbc.com,https://www.bbc.com/news/world-middle-east-67260093,2023-10-30T13:55:54Z,2026-02-19T08:05:21+00:00,67260093,bbc_xml_sitemap,https://www.bbc.com/sitemaps/https-sitemap-com-archive-103.xml
BBC,bbc.com,https://www.bbc.com/news/world-middle-east-67262375,2023-10-30T11:59:24Z,2026-02-19T08:05:21+00:00,67262375,bbc_xml_sitemap,https://www.bbc.com/sitemaps/https-sitemap-com-archive-103.xml
BBC,bbc.com,https://www.bbc.com/news/world-middle-east-67254766,2023-10-29T09:29:56Z,2026-02-19T08:05:21+00:00,67254766,bbc_xml_sitemap,https://www.bbc.com/sitemaps/https-sitemap-com-archive-103.xml
BBC,bbc.com,https://www.bbc.com/news/world-middle-east-67255822,2023-10-29T15:36:30Z,2026-02-19T08:05:21+00:00,67255822,bbc_xml_sitemap,https://www.bbc.com/sitemaps/https-sitemap-com-archive-103.xml
BBC,bbc.com,https://www.bbc.com/news/world-middle-east-67257333,2023-10-29T16:16:52Z,2026-02-19T08:05:21+00:00,67257333,bbc_xml_sitemap,https://www.bbc.com/sitemaps/https-sitemap-com-archive-103.xml
BBC,bbc.com,https://www.bbc.com/news/world-middle-east-67257121,2023-10-29T17:40:51Z,2026-02-19T08:05:21+00:00,67257121,bbc_xml_sitemap,https://www.bbc.com/sitemaps/https-sitemap-com-archive-103.xml
BBC,bbc.com,https://www.bbc.com/news/world-middle-east-67257337,2023-10-29T19:25:10Z,2026-02-19T08:05:21+00:00,67257337,bbc_xml_sitemap,https://www.bbc.com/sitemaps/https-sitemap-com-archive-103.xml
BBC,bbc.com,https://www.bbc.com/news/world-middle-east-67276822,2023-10-31T22:06:34Z,2026-02-19T08:05:21+00:00,67276822,bbc_xml_sitemap,https://www.bbc.com/sitemaps/https-sitemap-com-archive-103.xml
BBC,bbc.com,https://www.bbc.com/news/world-middle-east-67248449,2023-10-28T09:36:20Z,2026-02-19T08:05:21+00:00,67248449,bbc_xml_sitemap,https://www.bbc.com/sitemaps/https-sitemap-com-archive-103.xml
BBC,bbc.com,https://www.bbc.com/news/world-middle-east-67248455,2023-10-28T11:31:44Z,2026-02-19T08:05:21+00:00,67248455,bbc_xml_sitemap,https://www.bbc.com/sitemaps/https-sitemap-com-archive-103.xml
BBC,bbc.com,https://www.bbc.com/news/world-middle-east-67248317,2023-10-29T11:30:30Z,2026-02-19T08:05:21+00:00,67248317,bbc_xml_sitemap,https://www.bbc.com/sitemaps/https-sitemap-com-archive-103.xml
BBC,bbc.com,https://www.bbc.com/news/world-middle-east-67248598,2023-10-28T13:47:45Z,2026-02-19T08:05:21+00:00,67248598,bbc_xml_sitemap,https://www.bbc.com/sitemaps/https-sitemap-com-archive-103.xml
BBC,bbc.com,https://www.bbc.com/news/world-middle-east-67269429,2023-10-31T04:34:16Z,2026-02-19T08:05:21+00:00,67269429,bbc_xml_sitemap,https://www.bbc.com/sitemaps/https-sitemap-com-archive-103.xml
BBC,bbc.com,https://www.bbc.com/news/world-middle-east-67270216,2023-10-31T05:01:45Z,2026-02-19T08:05:21+00:00,67270216,bbc_xml_sitemap,https://www.bbc.com/sitemaps/https-sitemap-com-archive-103.xml
BBC,bbc.com,https://www.bbc.com/news/world-middle-east-67268967,2023-10-31T07:25:44Z,2026-02-19T08:05:21+00:00,67268967,bbc_xml_sitemap,https://www.bbc.com/sitemaps/https-sitemap-com-archive-103.xml
BBC,bbc.com,https://www.bbc.com/news/world-middle-east-67268584,2023-10-31T09:20:59Z,2026-02-19T08:05:21+00:00,67268584,bbc_xml_sitemap,https://www.bbc.com/sitemaps/https-sitemap-com-archive-103.xml
BBC,bbc.com,https://www.bbc.com/news/world-middle-east-67271255,2023-10-31T10:18:05Z,2026-02-19T08:05:21+00:00,67271255,bbc_xml_sitemap,https://www.bbc.com/sitemaps/https-sitemap-com-archive-103.xml
BBC,bbc.com,https://www.bbc.com/news/world-middle-east-67272441,2023-10-31T16:00:12Z,2026-02-19T08:05:21+00:00,67272441,bbc_xml_sitemap,https://www.bbc.com/sitemaps/https-sitemap-com-archive-103.xml
BBC,bbc.com,https://www.bbc.com/news/world-middle-east-67278339,2023-10-31T22:07:23Z,2026-02-19T08:05:21+00:00,67278339,bbc_xml_sitemap,https://www.bbc.com/sitemaps/https-sitemap-com-archive-103.xml
BBC,bbc.com,https://www.bbc.com/news/world-middle-east-67262607,2023-10-30T13:54:14Z,2026-02-19T08:05:21+00:00,67262607,bbc_xml_sitemap,https://www.bbc.com/sitemaps/https-sitemap-com-archive-103.xml
BBC,bbc.com,https://www.bbc.com/news/world-middle-east-67261366,2023-10-30T20:22:51Z,2026-02-19T08:05:21+00:00,67261366,bbc_xml_sitemap,https://www.bbc.com/sitemaps/https-sitemap-com-archive-103.xml
BBC,bbc.com,https://www.bbc.com/news/world-middle-east-67265915,2023-10-30T18:27:16Z,2026-02-19T08:05:21+00:00,67265915,bbc_xml_sitemap,https://www.bbc.com/sitemaps/https-sitemap-com-archive-103.xml
BBC,bbc.com,https://www.bbc.com/news/world-middle-east-67267585,2023-10-30T17:17:35Z,2026-02-19T08:05:21+00:00,67267585,bbc_xml_sitemap,https://www.bbc.com/sitemaps/https-sitemap-com-archive-103.xml
BBC,bbc.com,https://www.bbc.com/news/world-middle-east-67284694,2023-11-02T06:41:06Z,2026-02-19T08:05:21+00:00,67284694,bbc_xml_sitemap,https://www.bbc.com/sitemaps/https-sitemap-com-archive-103.xml
BBC,bbc.com,https://www.bbc.com/news/world-middle-east-67293048,2023-11-01T20:57:05Z,2026-02-19T08:05:21+00:00,67293048,bbc_xml_sitemap,https://www.bbc.com/sitemaps/https-sitemap-com-archive-103.xml
BBC,bbc.com,https://www.bbc.com/news/world-middle-east-67290399,2023-11-01T23:41:30Z,2026-02-19T08:05:21+00:00,67290399,bbc_xml_sitemap,https://www.bbc.com/sitemaps/https-sitemap-com-archive-103.xml
BBC,bbc.com,https://www.bbc.com/news/world-middle-east-67292422,2023-11-02T00:30:42Z,2026-02-19T08:05:21+00:00,67292422,bbc_xml_sitemap,https://www.bbc.com/sitemaps/https-sitemap-com-archive-103.xml
BBC,bbc.com,https://www.bbc.com/news/world-middle-east-67278549,2023-11-03T00:31:06Z,2026-02-19T08:05:21+00:00,67278549,bbc_xml_sitemap,https://www.bbc.com/sitemaps/https-sitemap-com-archive-103.xml
BBC,bbc.com,https://www.bbc.com/news/world-middle-east-67304185,2023-11-03T14:21:13Z,2026-02-19T08:05:21+00:00,67304185,bbc_xml_sitemap,https://www.bbc.com/sitemaps/https-sitemap-com-archive-103.xml
BBC,bbc.com,https://www.bbc.com/news/world-middle-east-67284864,2023-11-03T07:46:37Z,2026-02-19T08:05:21+00:00,67284864,bbc_xml_sitemap,https://www.bbc.com/sitemaps/https-sitemap-com-archive-103.xml
BBC,bbc.com,https://www.bbc.com/news/world-middle-east-67306299,2023-11-03T13:43:38Z,2026-02-19T08:05:21+00:00,67306299,bbc_xml_sitemap,https://www.bbc.com/sitemaps/https-sitemap-com-archive-103.xml
BBC,bbc.com,https://www.bbc.com/news/world-middle-east-67280010,2023-10-31T19:40:15Z,2026-02-19T08:05:21+00:00,67280010,bbc_xml_sitemap,https://www.bbc.com/sitemaps/https-sitemap-com-archive-103.xml
BBC,bbc.com,https://www.bbc.com/news/world-middle-east-67277205,2023-10-31T21:02:57Z,2026-02-19T08:05:21+00:00,67277205,bbc_xml_sitemap,https://www.bbc.com/sitemaps/https-sitemap-com-archive-103.xml
BBC,bbc.com,https://www.bbc.com/news/world-middle-east-67281022,2023-10-31T22:10:55Z,2026-02-19T08:05:21+00:00,67281022,bbc_xml_sitemap,https://www.bbc.com/sitemaps/https-sitemap-com-archive-103.xml
BBC,bbc.com,https://www.bbc.com/news/world-middle-east-67278516,2023-10-31T22:16:34Z,2026-02-19T08:05:21+00:00,67278516,bbc_xml_sitemap,https://www.bbc.com/sitemaps/https-sitemap-com-archive-103.xml
BBC,bbc.com,https://www.bbc.com/news/world-middle-east-67264703,2023-11-01T00:21:19Z,2026-02-19T08:05:21+00:00,67264703,bbc_xml_sitemap,https://www.bbc.com/sitemaps/https-sitemap-com-archive-103.xml
BBC,bbc.com,https://www.bbc.com/news/world-middle-east-67314396,2023-11-03T18:08:24Z,2026-02-19T08:05:21+00:00,67314396,bbc_xml_sitemap,https://www.bbc.com/sitemaps/https-sitemap-com-archive-103.xml
BBC,bbc.com,https://www.bbc.com/news/world-middle-east-67316463,2023-11-04T10:18:46Z,2026-02-19T08:05:21+00:00,67316463,bbc_xml_sitemap,https://www.bbc.com/sitemaps/https-sitemap-com-archive-103.xml
BBC,bbc.com,https://www.bbc.com/news/world-middle-east-67317454,2023-11-03T22:29:01Z,2026-02-19T08:05:21+00:00,67317454,bbc_xml_sitemap,https://www.bbc.com/sitemaps/https-sitemap-com-archive-103.xml
BBC,bbc.com,https://www.bbc.com/news/world-middle-east-67316559,2023-11-04T00:56:31Z,2026-02-19T08:05:21+00:00,67316559,bbc_xml_sitemap,https://www.bbc.com/sitemaps/https-sitemap-com-archive-103.xml
BBC,bbc.com,https://www.bbc.com/news/world-middle-east-67299512,2023-11-02T15:22:46Z,2026-02-19T08:05:21+00:00,67299512,bbc_xml_sitemap,https://www.bbc.com/sitemaps/https-sitemap-com-archive-103.xml
BBC,bbc.com,https://www.bbc.com/news/world-middle-east-67302206,2023-11-02T19:35:48Z,2026-02-19T08:05:21+00:00,67302206,bbc_xml_sitemap,https://www.bbc.com/sitemaps/https-sitemap-com-archive-103.xml
BBC,bbc.com,https://www.bbc.com/news/world-middle-east-67304420,2023-11-02T19:36:48Z,2026-02-19T08:05:21+00:00,67304420,bbc_xml_sitemap,https://www.bbc.com/sitemaps/https-sitemap-com-archive-103.xml
BBC,bbc.com,https://www.bbc.com/news/world-middle-east-67304340,2023-11-02T20:46:59Z,2026-02-19T08:05:21+00:00,67304340,bbc_xml_sitemap,https://www.bbc.com/sitemaps/https-sitemap-com-archive-103.xml
BBC,bbc.com,https://www.bbc.com/news/world-middle-east-67320520,2023-11-04T20:10:18Z,2026-02-19T08:05:21+00:00,67320520,bbc_xml_sitemap,https://www.bbc.com/sitemaps/https-sitemap-com-archive-103.xml
BBC,bbc.com,https://www.bbc.com/news/world-middle-east-67326745,2023-11-05T11:58:20Z,2026-02-19T08:05:21+00:00,67326745,bbc_xml_sitemap,https://www.bbc.com/sitemaps/https-sitemap-com-archive-103.xml
BBC,bbc.com,https://www.bbc.com/news/world-middle-east-67306902,2023-11-03T12:44:41Z,2026-02-19T08:05:21+00:00,67306902,bbc_xml_sitemap,https://www.bbc.com/sitemaps/https-sitemap-com-archive-103.xml
BBC,bbc.com,https://www.bbc.com/news/world-middle-east-67307858,2025-02-14T15:27:30Z,2026-02-19T08:05:21+00:00,67307858,bbc_xml_sitemap,https://www.bbc.com/sitemaps/https-sitemap-com-archive-103.xml
BBC,bbc.com,https://www.bbc.com/news/world-middle-east-67306903,2023-11-03T15:30:05Z,2026-02-19T08:05:21+00:00,67306903,bbc_xml_sitemap,https://www.bbc.com/sitemaps/https-sitemap-com-archive-103.xml
BBC,bbc.com,https://www.bbc.com/news/world-middle-east-67310632,2023-11-04T00:11:51Z,2026-02-19T08:05:21+00:00,67310632,bbc_xml_sitemap,https://www.bbc.com/sitemaps/https-sitemap-com-archive-103.xml
BBC,bbc.com,https://www.bbc.com/news/world-middle-east-67326895,2023-11-05T16:15:21Z,2026-02-19T08:05:21+00:00,67326895,bbc_xml_sitemap,https://www.bbc.com/sitemaps/https-sitemap-com-archive-103.xml
BBC,bbc.com,https://www.bbc.com/news/world-middle-east-67321463,2023-11-04T20:01:58Z,2026-02-19T08:05:21+00:00,67321463,bbc_xml_sitemap,https://www.bbc.com/sitemaps/https-sitemap-com-archive-103.xml
BBC,bbc.com,https://www.bbc.com/news/world-middle-east-67333418,2023-11-06T11:27:51Z,2026-02-19T08:05:21+00:00,67333418,bbc_xml_sitemap,https://www.bbc.com/sitemaps/https-sitemap-com-archive-103.xml
BBC,bbc.com,https://www.bbc.com/news/world-middle-east-67331945,2023-11-06T12:30:01Z,2026-02-19T08:05:21+00:00,67331945,bbc_xml_sitemap,https://www.bbc.com/sitemaps/https-sitemap-com-archive-103.xml
BBC,bbc.com,https://www.bbc.com/news/world-middle-east-67331176,2023-11-06T13:09:57Z,2026-02-19T08:05:21+00:00,67331176,bbc_xml_sitemap,https://www.bbc.com/sitemaps/https-sitemap-com-archive-103.xml
BBC,bbc.com,https://www.bbc.com/news/world-middle-east-67336608,2023-11-06T16:11:57Z,2026-02-19T08:05:21+00:00,67336608,bbc_xml_sitemap,https://www.bbc.com/sitemaps/https-sitemap-com-archive-103.xml
BBC,bbc.com,https://www.bbc.com/news/world-middle-east-67335042,2023-11-06T17:18:42Z,2026-02-19T08:05:21+00:00,67335042,bbc_xml_sitemap,https://www.bbc.com/sitemaps/https-sitemap-com-archive-103.xml
BBC,bbc.com,https://www.bbc.com/news/world-middle-east-67332684,2023-11-06T17:29:13Z,2026-02-19T08:05:21+00:00,67332684,bbc_xml_sitemap,https://www.bbc.com/sitemaps/https-sitemap-com-archive-103.xml
BBC,bbc.com,https://www.bbc.com/news/world-middle-east-67331951,2023-11-06T17:59:31Z,2026-02-19T08:05:21+00:00,67331951,bbc_xml_sitemap,https://www.bbc.com/sitemaps/https-sitemap-com-archive-103.xml
BBC,bbc.com,https://www.bbc.com/news/world-middle-east-67339008,2023-11-07T07:35:22Z,2026-02-19T08:05:21+00:00,67339008,bbc_xml_sitemap,https://www.bbc.com/sitemaps/https-sitemap-com-archive-103.xml
BBC,bbc.com,https://www.bbc.com/news/world-middle-east-67339988,2023-11-06T19:37:58Z,2026-02-19T08:05:21+00:00,67339988,bbc_xml_sitemap,https://www.bbc.com/sitemaps/https-sitemap-com-archive-103.xml
BBC,bbc.com,https://www.bbc.com/news/world-middle-east-67321241,2023-11-07T10:11:24Z,2026-02-19T08:05:21+00:00,67321241,bbc_xml_sitemap,https://www.bbc.com/sitemaps/https-sitemap-com-archive-103.xml
BBC,bbc.com,https://www.bbc.com/news/world-middle-east-67355319,2023-11-08T16:23:29Z,2026-02-19T08:05:21+00:00,67355319,bbc_xml_sitemap,https://www.bbc.com/sitemaps/https-sitemap-com-archive-103.xml
BBC,bbc.com,https://www.bbc.com/news/world-middle-east-67360438,2023-11-08T16:33:30Z,2026-02-19T08:05:21+00:00,67360438,bbc_xml_sitemap,https://www.bbc.com/sitemaps/https-sitemap-com-archive-103.xml
BBC,bbc.com,https://www.bbc.com/news/world-middle-east-67345430,2023-11-07T13:31:59Z,2026-02-19T08:05:21+00:00,67345430,bbc_xml_sitemap,https://www.bbc.com/sitemaps/https-sitemap-com-archive-103.xml
BBC,bbc.com,https://www.bbc.com/news/world-middle-east-67343928,2023-11-07T13:36:31Z,2026-02-19T08:05:21+00:00,67343928,bbc_xml_sitemap,https://www.bbc.com/sitemaps/https-sitemap-com-archive-103.xml
BBC,bbc.com,https://www.bbc.com/news/world-middle-east-67347350,2023-11-07T14:12:04Z,2026-02-19T08:05:21+00:00,67347350,bbc_xml_sitemap,https://www.bbc.com/sitemaps/https-sitemap-com-archive-103.xml
BBC,bbc.com,https://www.bbc.com/news/world-middle-east-67339989,2023-11-07T17:01:14Z,2026-02-19T08:05:21+00:00,67339989,bbc_xml_sitemap,https://www.bbc.com/sitemaps/https-sitemap-com-archive-103.xml
BBC,bbc.com,https://www.bbc.com/news/world-middle-east-67349697,2023-11-07T17:16:00Z,2026-02-19T08:05:21+00:00,67349697,bbc_xml_sitemap,https://www.bbc.com/sitemaps/https-sitemap-com-archive-103.xml
BBC,bbc.com,https://www.bbc.com/news/world-middle-east-67349698,2023-11-07T17:20:09Z,2026-02-19T08:05:21+00:00,67349698,bbc_xml_sitemap,https://www.bbc.com/sitemaps/https-sitemap-com-archive-103.xml
BBC,bbc.com,https://www.bbc.com/news/world-middle-east-67350709,2023-11-07T19:23:33Z,2026-02-19T08:05:21+00:00,67350709,bbc_xml_sitemap,https://www.bbc.com/sitemaps/https-sitemap-com-archive-103.xml
BBC,bbc.com,https://www.bbc.com/news/world-middle-east-67365679,2023-11-09T07:13:14Z,2026-02-19T08:05:21+00:00,67365679,bbc_xml_sitemap,https://www.bbc.com/sitemaps/https-sitemap-com-archive-103.xml
BBC,bbc.com,https://www.bbc.com/news/world-middle-east-67349699,2023-11-07T20:27:32Z,2026-02-19T08:05:21+00:00,67349699,bbc_xml_sitemap,https://www.bbc.com/sitemaps/https-sitemap-com-archive-103.xml
BBC,bbc.com,https://www.bbc.com/news/world-middle-east-67350718,2023-11-07T22:26:40Z,2026-02-19T08:05:21+00:00,67350718,bbc_xml_sitemap,https://www.bbc.com/sitemaps/https-sitemap-com-archive-103.xml
BBC,bbc.com,https://www.bbc.com/news/world-middle-east-67328400,2023-11-08T05:57:53Z,2026-02-19T08:05:21+00:00,67328400,bbc_xml_sitemap,https://www.bbc.com/sitemaps/https-sitemap-com-archive-103.xml
BBC,bbc.com,https://www.bbc.com/news/world-middle-east-67327079,2023-11-08T05:58:18Z,2026-02-19T08:05:21+00:00,67327079,bbc_xml_sitemap,https://www.bbc.com/sitemaps/https-sitemap-com-archive-103.xml
BBC,bbc.com,https://www.bbc.com/news/world-middle-east-67353034,2023-11-08T06:42:57Z,2026-02-19T08:05:21+00:00,67353034,bbc_xml_sitemap,https://www.bbc.com/sitemaps/https-sitemap-com-archive-103.xml
BBC,bbc.com,https://www.bbc.com/news/world-middle-east-67373461,2023-11-09T18:57:24Z,2026-02-19T08:05:21+00:00,67373461,bbc_xml_sitemap,https://www.bbc.com/sitemaps/https-sitemap-com-archive-103.xml
BBC,bbc.com,https://www.bbc.com/news/world-middle-east-67373931,2023-11-09T19:02:06Z,2026-02-19T08:05:21+00:00,67373931,bbc_xml_sitemap,https://www.bbc.com/sitemaps/https-sitemap-com-archive-103.xml
BBC,bbc.com,https://www.bbc.com/news/world-middle-east-67374647,2023-11-09T19:12:53Z,2026-02-19T08:05:21+00:00,67374647,bbc_xml_sitemap,https://www.bbc.com/sitemaps/https-sitemap-com-archive-103.xml
BBC,bbc.com,https://www.bbc.com/news/world-middle-east-67372035,2023-11-09T23:03:53Z,2026-02-19T08:05:21+00:00,67372035,bbc_xml_sitemap,https://www.bbc.com/sitemaps/https-sitemap-com-archive-103.xml
BBC,bbc.com,https://www.bbc.com/news/world-middle-east-67357917,2023-11-08T21:08:17Z,2026-02-19T08:05:21+00:00,67357917,bbc_xml_sitemap,https://www.bbc.com/sitemaps/https-sitemap-com-archive-103.xml
BBC,bbc.com,https://www.bbc.com/news/world-middle-east-67361128,2023-11-09T12:56:09Z,2026-02-19T08:05:21+00:00,67361128,bbc_xml_sitemap,https://www.bbc.com/sitemaps/https-sitemap-com-archive-103.xml
BBC,bbc.com,https://www.bbc.com/news/world-middle-east-67362960,2023-11-08T22:33:42Z,2026-02-19T08:05:21+00:00,67362960,bbc_xml_sitemap,https://www.bbc.com/sitemaps/https-sitemap-com-archive-103.xml
BBC,bbc.com,https://www.bbc.com/news/world-middle-east-67364441,2023-11-09T09:12:32Z,2026-02-19T08:05:21+00:00,67364441,bbc_xml_sitemap,https://www.bbc.com/sitemaps/https-sitemap-com-archive-103.xml
BBC,bbc.com,https://www.bbc.com/news/world-middle-east-67375667,2023-11-10T18:28:02Z,2026-02-19T08:05:21+00:00,67375667,bbc_xml_sitemap,https://www.bbc.com/sitemaps/https-sitemap-com-archive-103.xml
BBC,bbc.com,https://www.bbc.com/news/world-middle-east-67373293,2023-11-10T01:35:33Z,2026-02-19T08:05:21+00:00,67373293,bbc_xml_sitemap,https://www.bbc.com/sitemaps/https-sitemap-com-archive-103.xml
BBC,bbc.com,https://www.bbc.com/news/world-middle-east-67376148,2023-11-10T03:06:10Z,2026-02-19T08:05:21+00:00,67376148,bbc_xml_sitemap,https://www.bbc.com/sitemaps/https-sitemap-com-archive-103.xml
BBC,bbc.com,https://www.bbc.com/news/world-middle-east-67372661,2023-11-09T19:20:13Z,2026-02-19T08:05:21+00:00,67372661,bbc_xml_sitemap,https://www.bbc.com/sitemaps/https-sitemap-com-archive-103.xml
BBC,bbc.com,https://www.bbc.com/news/world-middle-east-67390375,2023-11-12T01:50:44Z,2026-02-19T08:05:21+00:00,67390375,bbc_xml_sitemap,https://www.bbc.com/sitemaps/https-sitemap-com-archive-103.xml
BBC,bbc.com,https://www.bbc.com/news/world-middle-east-67391335,2023-11-12T10:00:32Z,2026-02-19T08:05:21+00:00,67391335,bbc_xml_sitemap,https://www.bbc.com/sitemaps/https-sitemap-com-archive-103.xml
BBC,bbc.com,https://www.bbc.com/news/world-middle-east-67397963,2023-11-13T12:39:08Z,2026-02-19T08:05:21+00:00,67397963,bbc_xml_sitemap,https://www.bbc.com/sitemaps/https-sitemap-com-archive-103.xml
BBC,bbc.com,https://www.bbc.com/news/world-middle-east-67401064,2023-11-14T00:44:04Z,2026-02-19T08:05:21+00:00,67401064,bbc_xml_sitemap,https://www.bbc.com/sitemaps/https-sitemap-com-archive-103.xml
BBC,bbc.com,https://www.bbc.com/news/world-middle-east-67387686,2023-11-11T00:33:18Z,2026-02-19T08:05:21+00:00,67387686,bbc_xml_sitemap,https://www.bbc.com/sitemaps/https-sitemap-com-archive-103.xml
BBC,bbc.com,https://www.bbc.com/news/world-middle-east-67385617,2023-11-11T00:33:37Z,2026-02-19T08:05:21+00:00,67385617,bbc_xml_sitemap,https://www.bbc.com/sitemaps/https-sitemap-com-archive-103.xml
BBC,bbc.com,https://www.bbc.com/news/world-middle-east-67414353,2023-11-14T11:44:15Z,2026-02-19T08:05:21+00:00,67414353,bbc_xml_sitemap,https://www.bbc.com/sitemaps/https-sitemap-com-archive-103.xml
BBC,bbc.com,https://www.bbc.com/news/world-middle-east-67413993,2023-11-15T01:44:11Z,2026-02-19T08:05:21+00:00,67413993,bbc_xml_sitemap,https://www.bbc.com/sitemaps/https-sitemap-com-archive-103.xml
BBC,bbc.com,https://www.bbc.com/news/world-middle-east-67398743,2023-11-14T12:54:20Z,2026-02-19T08:05:21+00:00,67398743,bbc_xml_sitemap,https://www.bbc.com/sitemaps/https-sitemap-com-archive-103.xml
BBC,bbc.com,https://www.bbc.com/news/world-middle-east-67414091,2023-11-14T22:04:13Z,2026-02-19T08:05:21+00:00,67414091,bbc_xml_sitemap,https://www.bbc.com/sitemaps/https-sitemap-com-archive-103.xml
BBC,bbc.com,https://www.bbc.com/news/world-middle-east-67410093,2023-11-13T22:02:26Z,2026-02-19T08:05:21+00:00,67410093,bbc_xml_sitemap,https://www.bbc.com/sitemaps/https-sitemap-com-archive-103.xml
BBC,bbc.com,https://www.bbc.com/news/world-middle-east-67426194,2023-11-15T13:36:25Z,2026-02-19T08:05:21+00:00,67426194,bbc_xml_sitemap,https://www.bbc.com/sitemaps/https-sitemap-com-archive-103.xml
BBC,bbc.com,https://www.bbc.com/news/world-middle-east-67431820,2023-11-15T18:03:27Z,2026-02-19T08:05:21+00:00,67431820,bbc_xml_sitemap,https://www.bbc.com/sitemaps/https-sitemap-com-archive-103.xml
BBC,bbc.com,https://www.bbc.com/news/world-middle-east-67347201,2023-11-16T05:04:33Z,2026-02-19T08:05:21+00:00,67347201,bbc_xml_sitemap,https://www.bbc.com/sitemaps/https-sitemap-com-archive-103.xml
BBC,bbc.com,https://www.bbc.com/news/world-middle-east-67355305,2023-11-13T15:19:58Z,2026-02-19T08:05:21+00:00,67355305,bbc_xml_sitemap,https://www.bbc.com/sitemaps/https-sitemap-com-archive-103.xml
BBC,bbc.com,https://www.bbc.com/news/world-middle-east-67404110,2023-11-13T15:27:47Z,2026-02-19T08:05:21+00:00,67404110,bbc_xml_sitemap,https://www.bbc.com/sitemaps/https-sitemap-com-archive-103.xml
BBC,bbc.com,https://www.bbc.com/news/world-middle-east-67424064,2023-11-15T22:45:29Z,2026-02-19T08:05:21+00:00,67424064,bbc_xml_sitemap,https://www.bbc.com/sitemaps/https-sitemap-com-archive-103.xml
BBC,bbc.com,https://www.bbc.com/news/world-middle-east-67417570,2023-11-14T16:12:43Z,2026-02-19T08:05:21+00:00,67417570,bbc_xml_sitemap,https://www.bbc.com/sitemaps/https-sitemap-com-archive-103.xml
BBC,bbc.com,https://www.bbc.com/news/world-middle-east-67436154,2023-11-16T09:31:57Z,2026-02-19T08:05:21+00:00,67436154,bbc_xml_sitemap,https://www.bbc.com/sitemaps/https-sitemap-com-archive-103.xml
BBC,bbc.com,https://www.bbc.com/news/world-middle-east-67442287,2023-11-16T14:57:33Z,2026-02-19T08:05:21+00:00,67442287,bbc_xml_sitemap,https://www.bbc.com/sitemaps/https-sitemap-com-archive-103.xml
BBC,bbc.com,https://www.bbc.com/news/world-middle-east-67441025,2023-11-16T19:48:35Z,2026-02-19T08:05:21+00:00,67441025,bbc_xml_sitemap,https://www.bbc.com/sitemaps/https-sitemap-com-archive-103.xml
BBC,bbc.com,https://www.bbc.com/news/world-middle-east-67442045,2023-11-16T21:29:52Z,2026-02-19T08:05:21+00:00,67442045,bbc_xml_sitemap,https://www.bbc.com/sitemaps/https-sitemap-com-archive-103.xml
BBC,bbc.com,https://www.bbc.com/news/world-middle-east-67442048,2023-11-16T21:56:15Z,2026-02-19T08:05:21+00:00,67442048,bbc_xml_sitemap,https://www.bbc.com/sitemaps/https-sitemap-com-archive-103.xml
BBC,bbc.com,https://www.bbc.com/news/world-middle-east-67426546,2023-11-15T12:59:28Z,2026-02-19T08:05:21+00:00,67426546,bbc_xml_sitemap,https://www.bbc.com/sitemaps/https-sitemap-com-archive-103.xml
BBC,bbc.com,https://www.bbc.com/news/world-middle-east-67449095,2023-11-17T10:40:47Z,2026-02-19T08:05:21+00:00,67449095,bbc_xml_sitemap,https://www.bbc.com/sitemaps/https-sitemap-com-archive-103.xml
BBC,bbc.com,https://www.bbc.com/news/world-middle-east-67449383,2023-11-17T12:08:20Z,2026-02-19T08:05:21+00:00,67449383,bbc_xml_sitemap,https://www.bbc.com/sitemaps/https-sitemap-com-archive-103.xml
BBC,bbc.com,https://www.bbc.com/news/world-middle-east-67465660,2023-11-18T21:37:39Z,2026-02-19T08:05:21+00:00,67465660,bbc_xml_sitemap,https://www.bbc.com/sitemaps/https-sitemap-com-archive-103.xml
BBC,bbc.com,https://www.bbc.com/news/world-middle-east-67447942,2023-11-17T09:32:27Z,2026-02-19T08:05:21+00:00,67447942,bbc_xml_sitemap,https://www.bbc.com/sitemaps/https-sitemap-com-archive-103.xml
BBC,bbc.com,https://www.bbc.com/news/world-middle-east-67453105,2023-11-17T13:15:23Z,2026-02-19T08:05:21+00:00,67453105,bbc_xml_sitemap,https://www.bbc.com/sitemaps/https-sitemap-com-archive-103.xml
BBC,bbc.com,https://www.bbc.com/news/world-middle-east-67455962,2023-11-18T05:20:24Z,2026-02-19T08:05:21+00:00,67455962,bbc_xml_sitemap,https://www.bbc.com/sitemaps/https-sitemap-com-archive-103.xml
BBC,bbc.com,https://www.bbc.com/news/world-middle-east-67462716,2023-11-18T14:30:05Z,2026-02-19T08:05:21+00:00,67462716,bbc_xml_sitemap,https://www.bbc.com/sitemaps/https-sitemap-com-archive-103.xml
BBC,bbc.com,https://www.bbc.com/news/world-middle-east-67462610,2023-11-18T15:02:14Z,2026-02-19T08:05:21+00:00,67462610,bbc_xml_sitemap,https://www.bbc.com/sitemaps/https-sitemap-com-archive-103.xml
BBC,bbc.com,https://www.bbc.com/news/world-middle-east-67462615,2023-11-19T06:30:34Z,2026-02-19T08:05:21+00:00,67462615,bbc_xml_sitemap,https://www.bbc.com/sitemaps/https-sitemap-com-archive-103.xml
BBC,bbc.com,https://www.bbc.com/news/world-middle-east-67463162,2023-11-19T14:10:26Z,2026-02-19T08:05:21+00:00,67463162,bbc_xml_sitemap,https://www.bbc.com/sitemaps/https-sitemap-com-archive-103.xml
BBC,bbc.com,https://www.bbc.com/news/world-middle-east-67466601,2023-11-19T18:04:48Z,2026-02-19T08:05:21+00:00,67466601,bbc_xml_sitemap,https://www.bbc.com/sitemaps/https-sitemap-com-archive-103.xml
BBC,bbc.com,https://www.bbc.com/news/world-middle-east-67469987,2023-11-19T21:29:06Z,2026-02-19T08:05:21+00:00,67469987,bbc_xml_sitemap,https://www.bbc.com/sitemaps/https-sitemap-com-archive-103.xml
BBC,bbc.com,https://www.bbc.com/news/world-middle-east-67469591,2023-11-19T22:22:40Z,2026-02-19T08:05:21+00:00,67469591,bbc_xml_sitemap,https://www.bbc.com/sitemaps/https-sitemap-com-archive-103.xml
BBC,bbc.com,https://www.bbc.com/news/world-middle-east-67469106,2023-11-19T16:48:28Z,2026-02-19T08:05:21+00:00,67469106,bbc_xml_sitemap,https://www.bbc.com/sitemaps/https-sitemap-com-archive-103.xml
BBC,bbc.com,https://www.bbc.com/news/world-middle-east-67469584,2023-11-19T18:19:53Z,2026-02-19T08:05:21+00:00,67469584,bbc_xml_sitemap,https://www.bbc.com/sitemaps/https-sitemap-com-archive-103.xml
BBC,bbc.com,https://www.bbc.com/news/world-middle-east-67470711,2023-11-20T20:20:23Z,2026-02-19T08:05:21+00:00,67470711,bbc_xml_sitemap,https://www.bbc.com/sitemaps/https-sitemap-com-archive-103.xml
BBC,bbc.com,https://www.bbc.com/news/world-middle-east-67482262,2023-11-21T06:03:04Z,2026-02-19T08:05:21+00:00,67482262,bbc_xml_sitemap,https://www.bbc.com/sitemaps/https-sitemap-com-archive-103.xml
BBC,bbc.com,https://www.bbc.com/news/world-middle-east-67482305,2023-11-21T07:51:43Z,2026-02-19T08:05:21+00:00,67482305,bbc_xml_sitemap,https://www.bbc.com/sitemaps/https-sitemap-com-archive-103.xml
BBC,bbc.com,https://www.bbc.com/news/world-middle-east-67485276,2023-11-21T17:48:16Z,2026-02-19T08:05:21+00:00,67485276,bbc_xml_sitemap,https://www.bbc.com/sitemaps/https-sitemap-com-archive-103.xml
BBC,bbc.com,https://www.bbc.com/news/world-middle-east-67469779,2023-11-20T12:02:59Z,2026-02-19T08:05:21+00:00,67469779,bbc_xml_sitemap,https://www.bbc.com/sitemaps/https-sitemap-com-archive-103.xml
BBC,bbc.com,https://www.bbc.com/news/world-middle-east-67475315,2023-11-20T15:31:17Z,2026-02-19T08:05:21+00:00,67475315,bbc_xml_sitemap,https://www.bbc.com/sitemaps/https-sitemap-com-archive-103.xml
BBC,bbc.com,https://www.bbc.com/news/world-middle-east-67474549,2023-11-20T23:46:16Z,2026-02-19T08:05:21+00:00,67474549,bbc_xml_sitemap,https://www.bbc.com/sitemaps/https-sitemap-com-archive-103.xml
BBC,bbc.com,https://www.bbc.com/news/world-middle-east-67478425,2023-11-20T20:45:23Z,2026-02-19T08:05:21+00:00,67478425,bbc_xml_sitemap,https://www.bbc.com/sitemaps/https-sitemap-com-archive-103.xml
BBC,bbc.com,https://www.bbc.com/news/world-middle-east-67478227,2023-11-20T22:42:29Z,2026-02-19T08:05:21+00:00,67478227,bbc_xml_sitemap,https://www.bbc.com/sitemaps/https-sitemap-com-archive-103.xml
BBC,bbc.com,https://www.bbc.com/news/world-middle-east-67478428,2023-11-21T00:54:06Z,2026-02-19T08:05:21+00:00,67478428,bbc_xml_sitemap,https://www.bbc.com/sitemaps/https-sitemap-com-archive-103.xml
BBC,bbc.com,https://www.bbc.com/news/world-middle-east-67473719,2024-10-17T18:21:25Z,2026-02-19T08:05:21+00:00,67473719,bbc_xml_sitemap,https://www.bbc.com/sitemaps/https-sitemap-com-archive-103.xml
BBC,bbc.com,https://www.bbc.com/news/world-middle-east-67493713,2023-11-23T17:54:16Z,2026-02-19T08:05:21+00:00,67493713,bbc_xml_sitemap,https://www.bbc.com/sitemaps/https-sitemap-com-archive-103.xml
BBC,bbc.com,https://www.bbc.com/news/world-middle-east-67497257,2023-11-23T02:25:04Z,2026-02-19T08:05:21+00:00,67497257,bbc_xml_sitemap,https://www.bbc.com/sitemaps/https-sitemap-com-archive-103.xml
BBC,bbc.com,https://www.bbc.com/news/world-middle-east-67503704,2023-11-22T21:12:59Z,2026-02-19T08:05:21+00:00,67503704,bbc_xml_sitemap,https://www.bbc.com/sitemaps/https-sitemap-com-archive-103.xml
BBC,bbc.com,https://www.bbc.com/news/world-middle-east-67507732,2023-11-23T14:52:17Z,2026-02-19T08:05:21+00:00,67507732,bbc_xml_sitemap,https://www.bbc.com/sitemaps/https-sitemap-com-archive-103.xml
BBC,bbc.com,https://www.bbc.com/news/world-middle-east-67512588,2023-11-23T22:08:15Z,2026-02-19T08:05:21+00:00,67512588,bbc_xml_sitemap,https://www.bbc.com/sitemaps/https-sitemap-com-archive-103.xml
BBC,bbc.com,https://www.bbc.com/news/world-middle-east-67522703,2023-11-24T19:32:44Z,2026-02-19T08:05:21+00:00,67522703,bbc_xml_sitemap,https://www.bbc.com/sitemaps/https-sitemap-com-archive-103.xml
BBC,bbc.com,https://www.bbc.com/news/world-middle-east-67523397,2023-11-25T08:37:52Z,2026-02-19T08:05:21+00:00,67523397,bbc_xml_sitemap,https://www.bbc.com/sitemaps/https-sitemap-com-archive-103.xml
BBC,bbc.com,https://www.bbc.com/news/world-middle-east-67524090,2023-11-25T08:40:04Z,2026-02-19T08:05:21+00:00,67524090,bbc_xml_sitemap,https://www.bbc.com/sitemaps/https-sitemap-com-archive-103.xml
BBC,bbc.com,https://www.bbc.com/news/world-middle-east-67518819,2023-11-25T00:23:33Z,2026-02-19T08:05:21+00:00,67518819,bbc_xml_sitemap,https://www.bbc.com/sitemaps/https-sitemap-com-archive-103.xml
BBC,bbc.com,https://www.bbc.com/news/world-middle-east-67469248,2023-11-25T00:54:06Z,2026-02-19T08:05:21+00:00,67469248,bbc_xml_sitemap,https://www.bbc.com/sitemaps/https-sitemap-com-archive-103.xml
BBC,bbc.com,https://www.bbc.com/news/world-middle-east-67525454,2023-11-24T18:07:55Z,2026-02-19T08:05:21+00:00,67525454,bbc_xml_sitemap,https://www.bbc.com/sitemaps/https-sitemap-com-archive-103.xml
BBC,bbc.com,https://www.bbc.com/news/world-middle-east-67477240,2025-02-27T15:10:54Z,2026-02-19T08:05:21+00:00,67477240,bbc_xml_sitemap,https://www.bbc.com/sitemaps/https-sitemap-com-archive-103.xml
BBC,bbc.com,https://www.bbc.com/news/world-middle-east-67528844,2023-11-25T15:00:50Z,2026-02-19T08:05:21+00:00,67528844,bbc_xml_sitemap,https://www.bbc.com/sitemaps/https-sitemap-com-archive-103.xml
BBC,bbc.com,https://www.bbc.com/news/world-middle-east-67530181,2023-11-25T15:27:18Z,2026-02-19T08:05:21+00:00,67530181,bbc_xml_sitemap,https://www.bbc.com/sitemaps/https-sitemap-com-archive-103.xml
BBC,bbc.com,https://www.bbc.com/news/world-middle-east-67531102,2023-11-25T12:55:09Z,2026-02-19T08:05:21+00:00,67531102,bbc_xml_sitemap,https://www.bbc.com/sitemaps/https-sitemap-com-archive-103.xml
BBC,bbc.com,https://www.bbc.com/news/world-middle-east-67517901,2023-11-24T07:45:56Z,2026-02-19T08:05:21+00:00,67517901,bbc_xml_sitemap,https://www.bbc.com/sitemaps/https-sitemap-com-archive-103.xml
BBC,bbc.com,https://www.bbc.com/news/world-middle-east-67533898,2023-11-25T20:11:59Z,2026-02-19T08:05:21+00:00,67533898,bbc_xml_sitemap,https://www.bbc.com/sitemaps/https-sitemap-com-archive-103.xml
BBC,bbc.com,https://www.bbc.com/news/world-middle-east-67533899,2023-11-25T22:38:15Z,2026-02-19T08:05:21+00:00,67533899,bbc_xml_sitemap,https://www.bbc.com/sitemaps/https-sitemap-com-archive-103.xml
BBC,bbc.com,https://www.bbc.com/news/world-middle-east-67531477,2023-11-26T09:32:17Z,2026-02-19T08:05:21+00:00,67531477,bbc_xml_sitemap,https://www.bbc.com/sitemaps/https-sitemap-com-archive-103.xml
BBC,bbc.com,https://www.bbc.com/news/world-middle-east-67534946,2023-11-26T00:46:28Z,2026-02-19T08:05:21+00:00,67534946,bbc_xml_sitemap,https://www.bbc.com/sitemaps/https-sitemap-com-archive-103.xml
BBC,bbc.com,https://www.bbc.com/news/world-middle-east-67534947,2023-11-26T02:24:50Z,2026-02-19T08:05:21+00:00,67534947,bbc_xml_sitemap,https://www.bbc.com/sitemaps/https-sitemap-com-archive-103.xml
BBC,bbc.com,https://www.bbc.com/news/world-middle-east-67536423,2023-11-26T13:08:55Z,2026-02-19T08:05:21+00:00,67536423,bbc_xml_sitemap,https://www.bbc.com/sitemaps/https-sitemap-com-archive-103.xml
BBC,bbc.com,https://www.bbc.com/news/world-middle-east-67536721,2023-11-26T15:29:03Z,2026-02-19T08:05:21+00:00,67536721,bbc_xml_sitemap,https://www.bbc.com/sitemaps/https-sitemap-com-archive-103.xml
BBC,bbc.com,https://www.bbc.com/news/world-middle-east-67535965,2023-11-26T14:16:08Z,2026-02-19T08:05:21+00:00,67535965,bbc_xml_sitemap,https://www.bbc.com/sitemaps/https-sitemap-com-archive-103.xml
BBC,bbc.com,https://www.bbc.com/news/world-middle-east-67538443,2023-11-26T21:16:27Z,2026-02-19T08:05:21+00:00,67538443,bbc_xml_sitemap,https://www.bbc.com/sitemaps/https-sitemap-com-archive-103.xml
BBC,bbc.com,https://www.bbc.com/news/world-middle-east-67508534,2023-11-27T10:37:33Z,2026-02-19T08:05:21+00:00,67508534,bbc_xml_sitemap,https://www.bbc.com/sitemaps/https-sitemap-com-archive-103.xml
BBC,bbc.com,https://www.bbc.com/news/world-middle-east-67542550,2023-11-27T11:34:29Z,2026-02-19T08:05:21+00:00,67542550,bbc_xml_sitemap,https://www.bbc.com/sitemaps/https-sitemap-com-archive-103.xml
BBC,bbc.com,https://www.bbc.com/news/world-middle-east-67542128,2023-11-27T09:44:58Z,2026-02-19T08:05:21+00:00,67542128,bbc_xml_sitemap,https://www.bbc.com/sitemaps/https-sitemap-com-archive-103.xml
BBC,bbc.com,https://www.bbc.com/news/world-middle-east-67542129,2023-11-27T13:44:24Z,2026-02-19T08:05:21+00:00,67542129,bbc_xml_sitemap,https://www.bbc.com/sitemaps/https-sitemap-com-archive-103.xml
BBC,bbc.com,https://www.bbc.com/news/world-middle-east-67542209,2023-11-27T21:15:36Z,2026-02-19T08:05:21+00:00,67542209,bbc_xml_sitemap,https://www.bbc.com/sitemaps/https-sitemap-com-archive-103.xml
BBC,bbc.com,https://www.bbc.com/news/world-middle-east-67520263,2023-11-27T16:02:15Z,2026-02-19T08:05:21+00:00,67520263,bbc_xml_sitemap,https://www.bbc.com/sitemaps/https-sitemap-com-archive-103.xml
BBC,bbc.com,https://www.bbc.com/news/world-middle-east-67546911,2023-11-27T17:00:08Z,2026-02-19T08:05:21+00:00,67546911,bbc_xml_sitemap,https://www.bbc.com/sitemaps/https-sitemap-com-archive-103.xml
BBC,bbc.com,https://www.bbc.com/news/world-middle-east-67480680,2023-11-27T17:05:55Z,2026-02-19T08:05:21+00:00,67480680,bbc_xml_sitemap,https://www.bbc.com/sitemaps/https-sitemap-com-archive-103.xml
BBC,bbc.com,https://www.bbc.com/news/world-middle-east-67548831,2023-11-27T17:16:07Z,2026-02-19T08:05:21+00:00,67548831,bbc_xml_sitemap,https://www.bbc.com/sitemaps/https-sitemap-com-archive-103.xml
BBC,bbc.com,https://www.bbc.com/news/world-middle-east-67550424,2023-11-28T03:46:03Z,2026-02-19T08:05:21+00:00,67550424,bbc_xml_sitemap,https://www.bbc.com/sitemaps/https-sitemap-com-archive-103.xml
BBC,bbc.com,https://www.bbc.com/news/world-middle-east-67550483,2023-11-28T09:34:32Z,2026-02-19T08:05:21+00:00,67550483,bbc_xml_sitemap,https://www.bbc.com/sitemaps/https-sitemap-com-archive-103.xml
BBC,bbc.com,https://www.bbc.com/news/world-middle-east-67552411,2023-11-28T10:32:17Z,2026-02-19T08:05:21+00:00,67552411,bbc_xml_sitemap,https://www.bbc.com/sitemaps/https-sitemap-com-archive-103.xml
BBC,bbc.com,https://www.bbc.com/news/world-middle-east-67537994,2023-11-26T21:07:33Z,2026-02-19T08:05:21+00:00,67537994,bbc_xml_sitemap,https://www.bbc.com/sitemaps/https-sitemap-com-archive-103.xml
BBC,bbc.com,https://www.bbc.com/news/world-middle-east-67539821,2023-11-26T23:51:33Z,2026-02-19T08:05:21+00:00,67539821,bbc_xml_sitemap,https://www.bbc.com/sitemaps/https-sitemap-com-archive-103.xml
BBC,bbc.com,https://www.bbc.com/news/world-middle-east-67539533,2023-11-27T00:21:22Z,2026-02-19T08:05:21+00:00,67539533,bbc_xml_sitemap,https://www.bbc.com/sitemaps/https-sitemap-com-archive-103.xml
BBC,bbc.com,https://www.bbc.com/news/world-middle-east-67539822,2023-11-27T01:16:07Z,2026-02-19T08:05:21+00:00,67539822,bbc_xml_sitemap,https://www.bbc.com/sitemaps/https-sitemap-com-archive-103.xml
BBC,bbc.com,https://www.bbc.com/news/world-middle-east-67554394,2023-11-28T16:07:37Z,2026-02-19T08:05:21+00:00,67554394,bbc_xml_sitemap,https://www.bbc.com/sitemaps/https-sitemap-com-archive-103.xml
BBC,bbc.com,https://www.bbc.com/news/world-middle-east-67560774,2023-11-28T18:01:32Z,2026-02-19T08:05:21+00:00,67560774,bbc_xml_sitemap,https://www.bbc.com/sitemaps/https-sitemap-com-archive-103.xml
BBC,bbc.com,https://www.bbc.com/news/world-middle-east-67556006,2023-11-28T22:44:29Z,2026-02-19T08:05:21+00:00,67556006,bbc_xml_sitemap,https://www.bbc.com/sitemaps/https-sitemap-com-archive-103.xml
BBC,bbc.com,https://www.bbc.com/news/world-middle-east-67561603,2023-11-28T22:36:04Z,2026-02-19T08:05:21+00:00,67561603,bbc_xml_sitemap,https://www.bbc.com/sitemaps/https-sitemap-com-archive-103.xml
BBC,bbc.com,https://www.bbc.com/news/world-middle-east-67552413,2023-11-28T12:26:16Z,2026-02-19T08:05:21+00:00,67552413,bbc_xml_sitemap,https://www.bbc.com/sitemaps/https-sitemap-com-archive-103.xml
BBC,bbc.com,https://www.bbc.com/news/world-middle-east-67565673,2023-11-29T12:04:42Z,2026-02-19T08:05:21+00:00,67565673,bbc_xml_sitemap,https://www.bbc.com/sitemaps/https-sitemap-com-archive-103.xml
BBC,bbc.com,https://www.bbc.com/news/world-middle-east-67565671,2023-11-29T10:27:21Z,2026-02-19T08:05:21+00:00,67565671,bbc_xml_sitemap,https://www.bbc.com/sitemaps/https-sitemap-com-archive-103.xml
BBC,bbc.com,https://www.bbc.com/news/world-middle-east-67566488,2023-11-29T12:59:42Z,2026-02-19T08:05:21+00:00,67566488,bbc_xml_sitemap,https://www.bbc.com/sitemaps/https-sitemap-com-archive-103.xml
BBC,bbc.com,https://www.bbc.com/news/world-middle-east-67569070,2023-11-29T15:05:38Z,2026-02-19T08:05:21+00:00,67569070,bbc_xml_sitemap,https://www.bbc.com/sitemaps/https-sitemap-com-archive-103.xml
BBC,bbc.com,https://www.bbc.com/news/world-middle-east-67570173,2023-11-29T15:15:38Z,2026-02-19T08:05:21+00:00,67570173,bbc_xml_sitemap,https://www.bbc.com/sitemaps/https-sitemap-com-archive-103.xml
BBC,bbc.com,https://www.bbc.com/news/world-middle-east-67574546,2023-11-30T13:50:56Z,2026-02-19T08:05:21+00:00,67574546,bbc_xml_sitemap,https://www.bbc.com/sitemaps/https-sitemap-com-archive-103.xml
BBC,bbc.com,https://www.bbc.com/news/world-middle-east-67573065,2023-11-29T21:11:14Z,2026-02-19T08:05:21+00:00,67573065,bbc_xml_sitemap,https://www.bbc.com/sitemaps/https-sitemap-com-archive-103.xml
BBC,bbc.com,https://www.bbc.com/news/world-middle-east-67572278,2023-11-29T21:54:14Z,2026-02-19T08:05:21+00:00,67572278,bbc_xml_sitemap,https://www.bbc.com/sitemaps/https-sitemap-com-archive-103.xml
BBC,bbc.com,https://www.bbc.com/news/world-middle-east-67571742,2023-11-30T10:37:21Z,2026-02-19T08:05:21+00:00,67571742,bbc_xml_sitemap,https://www.bbc.com/sitemaps/https-sitemap-com-archive-103.xml
BBC,bbc.com,https://www.bbc.com/news/world-middle-east-67560775,2023-11-30T11:17:51Z,2026-02-19T08:05:21+00:00,67560775,bbc_xml_sitemap,https://www.bbc.com/sitemaps/https-sitemap-com-archive-103.xml
BBC,bbc.com,https://www.bbc.com/news/world-middle-east-67575684,2023-11-30T22:45:08Z,2026-02-19T08:05:21+00:00,67575684,bbc_xml_sitemap,https://www.bbc.com/sitemaps/https-sitemap-com-archive-103.xml
BBC,bbc.com,https://www.bbc.com/news/world-middle-east-67583304,2023-11-30T16:46:27Z,2026-02-19T08:05:21+00:00,67583304,bbc_xml_sitemap,https://www.bbc.com/sitemaps/https-sitemap-com-archive-103.xml
BBC,bbc.com,https://www.bbc.com/news/world-middle-east-67582027,2023-11-30T22:14:30Z,2026-02-19T08:05:21+00:00,67582027,bbc_xml_sitemap,https://www.bbc.com/sitemaps/https-sitemap-com-archive-103.xml
BBC,bbc.com,https://www.bbc.com/news/world-middle-east-67585077,2023-11-30T20:04:21Z,2026-02-19T08:05:21+00:00,67585077,bbc_xml_sitemap,https://www.bbc.com/sitemaps/https-sitemap-com-archive-103.xml
BBC,bbc.com,https://www.bbc.com/news/world-middle-east-67581915,2023-12-01T00:59:28Z,2026-02-19T08:05:21+00:00,67581915,bbc_xml_sitemap,https://www.bbc.com/sitemaps/https-sitemap-com-archive-103.xml
BBC,bbc.com,https://www.bbc.com/news/world-middle-east-67585594,2023-12-01T04:49:02Z,2026-02-19T08:05:21+00:00,67585594,bbc_xml_sitemap,https://www.bbc.com/sitemaps/https-sitemap-com-archive-103.xml
BBC,bbc.com,https://www.bbc.com/news/world-middle-east-67587075,2023-12-01T07:12:47Z,2026-02-19T08:05:21+00:00,67587075,bbc_xml_sitemap,https://www.bbc.com/sitemaps/https-sitemap-com-archive-103.xml
BBC,bbc.com,https://www.bbc.com/news/world-middle-east-67573069,2023-11-30T14:22:18Z,2026-02-19T08:05:21+00:00,67573069,bbc_xml_sitemap,https://www.bbc.com/sitemaps/https-sitemap-com-archive-103.xml
BBC,bbc.com,https://www.bbc.com/news/world-middle-east-67565872,2023-12-01T11:50:06Z,2026-02-19T08:05:21+00:00,67565872,bbc_xml_sitemap,https://www.bbc.com/sitemaps/https-sitemap-com-archive-103.xml
BBC,bbc.com,https://www.bbc.com/news/world-middle-east-67589259,2023-12-01T12:40:25Z,2026-02-19T08:05:21+00:00,67589259,bbc_xml_sitemap,https://www.bbc.com/sitemaps/https-sitemap-com-archive-103.xml
BBC,bbc.com,https://www.bbc.com/news/world-middle-east-67591768,2023-12-01T13:25:27Z,2026-02-19T08:05:21+00:00,67591768,bbc_xml_sitemap,https://www.bbc.com/sitemaps/https-sitemap-com-archive-103.xml
BBC,bbc.com,https://www.bbc.com/news/world-middle-east-67587999,2023-12-01T19:07:37Z,2026-02-19T08:05:21+00:00,67587999,bbc_xml_sitemap,https://www.bbc.com/sitemaps/https-sitemap-com-archive-103.xml
BBC,bbc.com,https://www.bbc.com/news/world-middle-east-67579364,2023-12-02T00:59:38Z,2026-02-19T08:05:21+00:00,67579364,bbc_xml_sitemap,https://www.bbc.com/sitemaps/https-sitemap-com-archive-103.xml
BBC,bbc.com,https://www.bbc.com/news/world-middle-east-67595798,2023-12-01T21:35:04Z,2026-02-19T08:05:21+00:00,67595798,bbc_xml_sitemap,https://www.bbc.com/sitemaps/https-sitemap-com-archive-103.xml
BBC,bbc.com,https://www.bbc.com/news/world-middle-east-67601891,2023-12-02T20:42:26Z,2026-02-19T08:05:21+00:00,67601891,bbc_xml_sitemap,https://www.bbc.com/sitemaps/https-sitemap-com-archive-103.xml
BBC,bbc.com,https://www.bbc.com/news/world-middle-east-67606343,2023-12-03T09:48:55Z,2026-02-19T08:05:21+00:00,67606343,bbc_xml_sitemap,https://www.bbc.com/sitemaps/https-sitemap-com-archive-103.xml
BBC,bbc.com,https://www.bbc.com/news/world-middle-east-67607243,2023-12-03T20:45:25Z,2026-02-19T08:05:21+00:00,67607243,bbc_xml_sitemap,https://www.bbc.com/sitemaps/https-sitemap-com-archive-103.xml
BBC,bbc.com,https://www.bbc.com/news/world-middle-east-67607862,2023-12-04T02:14:42Z,2026-02-19T08:05:21+00:00,67607862,bbc_xml_sitemap,https://www.bbc.com/sitemaps/https-sitemap-com-archive-103.xml
BBC,bbc.com,https://www.bbc.com/news/world-middle-east-67613153,2023-12-04T17:43:46Z,2026-02-19T08:05:21+00:00,67613153,bbc_xml_sitemap,https://www.bbc.com/sitemaps/https-sitemap-com-archive-103.xml
BBC,bbc.com,https://www.bbc.com/news/world-middle-east-67614139,2023-12-04T16:19:23Z,2026-02-19T08:05:21+00:00,67614139,bbc_xml_sitemap,https://www.bbc.com/sitemaps/https-sitemap-com-archive-103.xml
BBC,bbc.com,https://www.bbc.com/news/world-middle-east-67592794,2023-12-04T20:39:35Z,2026-02-19T08:05:21+00:00,67592794,bbc_xml_sitemap,https://www.bbc.com/sitemaps/https-sitemap-com-archive-103.xml
BBC,bbc.com,https://www.bbc.com/news/world-middle-east-67342368,2023-12-05T06:01:12Z,2026-02-19T08:05:21+00:00,67342368,bbc_xml_sitemap,https://www.bbc.com/sitemaps/https-sitemap-com-archive-103.xml
BBC,bbc.com,https://www.bbc.com/news/world-middle-east-67614711,2023-12-04T23:14:59Z,2026-02-19T08:05:21+00:00,67614711,bbc_xml_sitemap,https://www.bbc.com/sitemaps/https-sitemap-com-archive-103.xml
BBC,bbc.com,https://www.bbc.com/news/world-middle-east-67629181,2023-12-05T17:15:49Z,2026-02-19T08:08:24+00:00,67629181,bbc_xml_sitemap,https://www.bbc.com/sitemaps/https-sitemap-com-archive-104.xml
BBC,bbc.com,https://www.bbc.com/news/world-middle-east-67629360,2023-12-05T23:18:13Z,2026-02-19T08:08:24+00:00,67629360,bbc_xml_sitemap,https://www.bbc.com/sitemaps/https-sitemap-com-archive-104.xml
BBC,bbc.com,https://www.bbc.com/news/world-middle-east-67710154,2023-12-14T06:01:06Z,2026-02-19T08:08:24+00:00,67710154,bbc_xml_sitemap,https://www.bbc.com/sitemaps/https-sitemap-com-archive-104.xml
BBC,bbc.com,https://www.bbc.com/news/world-middle-east-67630489,2023-12-05T19:49:45Z,2026-02-19T08:08:24+00:00,67630489,bbc_xml_sitemap,https://www.bbc.com/sitemaps/https-sitemap-com-archive-104.xml
BBC,bbc.com,https://www.bbc.com/news/world-middle-east-67617920,2023-12-06T06:00:02Z,2026-02-19T08:08:24+00:00,67617920,bbc_xml_sitemap,https://www.bbc.com/sitemaps/https-sitemap-com-archive-104.xml
BBC,bbc.com,https://www.bbc.com/news/world-middle-east-67701700,2023-12-14T06:01:30Z,2026-02-19T08:08:24+00:00,67701700,bbc_xml_sitemap,https://www.bbc.com/sitemaps/https-sitemap-com-archive-104.xml
BBC,bbc.com,https://www.bbc.com/news/world-middle-east-67632573,2023-12-05T20:53:27Z,2026-02-19T08:08:24+00:00,67632573,bbc_xml_sitemap,https://www.bbc.com/sitemaps/https-sitemap-com-archive-104.xml
BBC,bbc.com,https://www.bbc.com/news/world-middle-east-67815370,2023-12-24T14:04:54Z,2026-02-19T08:08:24+00:00,67815370,bbc_xml_sitemap,https://www.bbc.com/sitemaps/https-sitemap-com-archive-104.xml
BBC,bbc.com,https://www.bbc.com/news/world-middle-east-67820866,2023-12-26T03:26:49Z,2026-02-19T08:08:24+00:00,67820866,bbc_xml_sitemap,https://www.bbc.com/sitemaps/https-sitemap-com-archive-104.xml
BBC,bbc.com,https://www.bbc.com/news/world-middle-east-67632940,2023-12-06T12:46:31Z,2026-02-19T08:08:24+00:00,67632940,bbc_xml_sitemap,https://www.bbc.com/sitemaps/https-sitemap-com-archive-104.xml
BBC,bbc.com,https://www.bbc.com/news/world-middle-east-67635670,2023-12-06T15:53:39Z,2026-02-19T08:08:24+00:00,67635670,bbc_xml_sitemap,https://www.bbc.com/sitemaps/https-sitemap-com-archive-104.xml
BBC,bbc.com,https://www.bbc.com/news/world-middle-east-67643746,2023-12-06T19:28:01Z,2026-02-19T08:08:24+00:00,67643746,bbc_xml_sitemap,https://www.bbc.com/sitemaps/https-sitemap-com-archive-104.xml
BBC,bbc.com,https://www.bbc.com/news/world-middle-east-67714515,2023-12-14T15:02:29Z,2026-02-19T08:08:24+00:00,67714515,bbc_xml_sitemap,https://www.bbc.com/sitemaps/https-sitemap-com-archive-104.xml
BBC,bbc.com,https://www.bbc.com/news/world-middle-east-67636785,2023-12-07T05:59:54Z,2026-02-19T08:08:24+00:00,67636785,bbc_xml_sitemap,https://www.bbc.com/sitemaps/https-sitemap-com-archive-104.xml
BBC,bbc.com,https://www.bbc.com/news/world-middle-east-67719820,2023-12-14T17:09:02Z,2026-02-19T08:08:24+00:00,67719820,bbc_xml_sitemap,https://www.bbc.com/sitemaps/https-sitemap-com-archive-104.xml
BBC,bbc.com,https://www.bbc.com/news/world-middle-east-67656787,2023-12-08T19:19:45Z,2026-02-19T08:08:24+00:00,67656787,bbc_xml_sitemap,https://www.bbc.com/sitemaps/https-sitemap-com-archive-104.xml
BBC,bbc.com,https://www.bbc.com/news/world-middle-east-67652774,2023-12-07T20:29:35Z,2026-02-19T08:08:24+00:00,67652774,bbc_xml_sitemap,https://www.bbc.com/sitemaps/https-sitemap-com-archive-104.xml
BBC,bbc.com,https://www.bbc.com/news/world-middle-east-67655015,2023-12-07T19:02:57Z,2026-02-19T08:08:24+00:00,67655015,bbc_xml_sitemap,https://www.bbc.com/sitemaps/https-sitemap-com-archive-104.xml
BBC,bbc.com,https://www.bbc.com/news/world-middle-east-67654848,2023-12-07T19:16:59Z,2026-02-19T08:08:24+00:00,67654848,bbc_xml_sitemap,https://www.bbc.com/sitemaps/https-sitemap-com-archive-104.xml
BBC,bbc.com,https://www.bbc.com/news/world-middle-east-67659922,2023-12-08T10:52:59Z,2026-02-19T08:08:24+00:00,67659922,bbc_xml_sitemap,https://www.bbc.com/sitemaps/https-sitemap-com-archive-104.xml
BBC,bbc.com,https://www.bbc.com/news/world-middle-east-67659296,2023-12-08T16:38:37Z,2026-02-19T08:08:24+00:00,67659296,bbc_xml_sitemap,https://www.bbc.com/sitemaps/https-sitemap-com-archive-104.xml
BBC,bbc.com,https://www.bbc.com/news/world-middle-east-67600015,2023-12-15T06:00:15Z,2026-02-19T08:08:24+00:00,67600015,bbc_xml_sitemap,https://www.bbc.com/sitemaps/https-sitemap-com-archive-104.xml
BBC,bbc.com,https://www.bbc.com/news/world-middle-east-67646964,2023-12-08T14:44:48Z,2026-02-19T08:08:24+00:00,67646964,bbc_xml_sitemap,https://www.bbc.com/sitemaps/https-sitemap-com-archive-104.xml
BBC,bbc.com,https://www.bbc.com/news/world-middle-east-67813844,2023-12-23T20:02:27Z,2026-02-19T08:08:24+00:00,67813844,bbc_xml_sitemap,https://www.bbc.com/sitemaps/https-sitemap-com-archive-104.xml
BBC,bbc.com,https://www.bbc.com/news/world-middle-east-67805812,2023-12-22T21:26:24Z,2026-02-19T08:08:24+00:00,67805812,bbc_xml_sitemap,https://www.bbc.com/sitemaps/https-sitemap-com-archive-104.xml
BBC,bbc.com,https://www.bbc.com/news/world-middle-east-67663792,2023-12-08T17:23:28Z,2026-02-19T08:08:24+00:00,67663792,bbc_xml_sitemap,https://www.bbc.com/sitemaps/https-sitemap-com-archive-104.xml
BBC,bbc.com,https://www.bbc.com/news/world-middle-east-67666270,2023-12-09T12:19:10Z,2026-02-19T08:08:24+00:00,67666270,bbc_xml_sitemap,https://www.bbc.com/sitemaps/https-sitemap-com-archive-104.xml
BBC,bbc.com,https://www.bbc.com/news/world-middle-east-67664804,2023-12-08T20:54:29Z,2026-02-19T08:08:24+00:00,67664804,bbc_xml_sitemap,https://www.bbc.com/sitemaps/https-sitemap-com-archive-104.xml
BBC,bbc.com,https://www.bbc.com/news/world-middle-east-67664854,2023-12-08T22:08:08Z,2026-02-19T08:08:24+00:00,67664854,bbc_xml_sitemap,https://www.bbc.com/sitemaps/https-sitemap-com-archive-104.xml
BBC,bbc.com,https://www.bbc.com/news/world-middle-east-67664853,2023-12-08T19:38:28Z,2026-02-19T08:08:24+00:00,67664853,bbc_xml_sitemap,https://www.bbc.com/sitemaps/https-sitemap-com-archive-104.xml
BBC,bbc.com,https://www.bbc.com/news/world-middle-east-67788359,2023-12-23T02:16:36Z,2026-02-19T08:08:24+00:00,67788359,bbc_xml_sitemap,https://www.bbc.com/sitemaps/https-sitemap-com-archive-104.xml
BBC,bbc.com,https://www.bbc.com/news/world-middle-east-67795439,2023-12-22T03:28:26Z,2026-02-19T08:08:24+00:00,67795439,bbc_xml_sitemap,https://www.bbc.com/sitemaps/https-sitemap-com-archive-104.xml
BBC,bbc.com,https://www.bbc.com/news/world-middle-east-67732347,2023-12-15T21:11:30Z,2026-02-19T08:08:24+00:00,67732347,bbc_xml_sitemap,https://www.bbc.com/sitemaps/https-sitemap-com-archive-104.xml
BBC,bbc.com,https://www.bbc.com/news/world-middle-east-67765866,2023-12-20T01:28:20Z,2026-02-19T08:08:24+00:00,67765866,bbc_xml_sitemap,https://www.bbc.com/sitemaps/https-sitemap-com-archive-104.xml
BBC,bbc.com,https://www.bbc.com/news/world-middle-east-67809242,2023-12-24T02:19:47Z,2026-02-19T08:08:24+00:00,67809242,bbc_xml_sitemap,https://www.bbc.com/sitemaps/https-sitemap-com-archive-104.xml
BBC,bbc.com,https://www.bbc.com/news/world-middle-east-67652494,2023-12-09T09:48:23Z,2026-02-19T08:08:24+00:00,67652494,bbc_xml_sitemap,https://www.bbc.com/sitemaps/https-sitemap-com-archive-104.xml
BBC,bbc.com,https://www.bbc.com/news/world-middle-east-67640750,2023-12-06T16:18:37Z,2026-02-19T08:08:24+00:00,67640750,bbc_xml_sitemap,https://www.bbc.com/sitemaps/https-sitemap-com-archive-104.xml
BBC,bbc.com,https://www.bbc.com/news/world-middle-east-67732353,2023-12-16T01:02:11Z,2026-02-19T08:08:24+00:00,67732353,bbc_xml_sitemap,https://www.bbc.com/sitemaps/https-sitemap-com-archive-104.xml
BBC,bbc.com,https://www.bbc.com/news/world-middle-east-67731853,2023-12-15T23:06:18Z,2026-02-19T08:08:24+00:00,67731853,bbc_xml_sitemap,https://www.bbc.com/sitemaps/https-sitemap-com-archive-104.xml
BBC,bbc.com,https://www.bbc.com/news/world-middle-east-67819988,2023-12-26T14:21:36Z,2026-02-19T08:08:24+00:00,67819988,bbc_xml_sitemap,https://www.bbc.com/sitemaps/https-sitemap-com-archive-104.xml
BBC,bbc.com,https://www.bbc.com/news/world-middle-east-67727601,2023-12-15T16:12:22Z,2026-02-19T08:08:24+00:00,67727601,bbc_xml_sitemap,https://www.bbc.com/sitemaps/https-sitemap-com-archive-104.xml
BBC,bbc.com,https://www.bbc.com/news/world-middle-east-67784238,2023-12-24T00:46:02Z,2026-02-19T08:08:24+00:00,67784238,bbc_xml_sitemap,https://www.bbc.com/sitemaps/https-sitemap-com-archive-104.xml
BBC,bbc.com,https://www.bbc.com/news/world-middle-east-67788360,2023-12-24T00:46:50Z,2026-02-19T08:08:24+00:00,67788360,bbc_xml_sitemap,https://www.bbc.com/sitemaps/https-sitemap-com-archive-104.xml
BBC,bbc.com,https://www.bbc.com/news/world-middle-east-67670679,2023-12-10T01:56:00Z,2026-02-19T08:08:24+00:00,67670679,bbc_xml_sitemap,https://www.bbc.com/sitemaps/https-sitemap-com-archive-104.xml
BBC,bbc.com,https://www.bbc.com/news/world-middle-east-67708116,2023-12-16T00:21:05Z,2026-02-19T08:08:24+00:00,67708116,bbc_xml_sitemap,https://www.bbc.com/sitemaps/https-sitemap-com-archive-104.xml
BBC,bbc.com,https://www.bbc.com/news/world-middle-east-67736721,2023-12-16T11:57:48Z,2026-02-19T08:08:24+00:00,67736721,bbc_xml_sitemap,https://www.bbc.com/sitemaps/https-sitemap-com-archive-104.xml
BBC,bbc.com,https://www.bbc.com/news/world-middle-east-67736520,2023-12-16T12:55:58Z,2026-02-19T08:08:24+00:00,67736520,bbc_xml_sitemap,https://www.bbc.com/sitemaps/https-sitemap-com-archive-104.xml
BBC,bbc.com,https://www.bbc.com/news/world-middle-east-67641510,2023-12-10T03:33:51Z,2026-02-19T08:08:24+00:00,67641510,bbc_xml_sitemap,https://www.bbc.com/sitemaps/https-sitemap-com-archive-104.xml
BBC,bbc.com,https://www.bbc.com/news/world-middle-east-67737038,2023-12-16T20:19:23Z,2026-02-19T08:08:24+00:00,67737038,bbc_xml_sitemap,https://www.bbc.com/sitemaps/https-sitemap-com-archive-104.xml
BBC,bbc.com,https://www.bbc.com/news/world-middle-east-67770514,2023-12-22T01:46:59Z,2026-02-19T08:08:24+00:00,67770514,bbc_xml_sitemap,https://www.bbc.com/sitemaps/https-sitemap-com-archive-104.xml
BBC,bbc.com,https://www.bbc.com/news/world-middle-east-67738111,2023-12-16T21:09:21Z,2026-02-19T08:08:24+00:00,67738111,bbc_xml_sitemap,https://www.bbc.com/sitemaps/https-sitemap-com-archive-104.xml
BBC,bbc.com,https://www.bbc.com/news/world-middle-east-67619386,2023-12-11T10:46:59Z,2026-02-19T08:08:24+00:00,67619386,bbc_xml_sitemap,https://www.bbc.com/sitemaps/https-sitemap-com-archive-104.xml
BBC,bbc.com,https://www.bbc.com/news/world-middle-east-67619390,2023-12-11T10:39:56Z,2026-02-19T08:08:24+00:00,67619390,bbc_xml_sitemap,https://www.bbc.com/sitemaps/https-sitemap-com-archive-104.xml
BBC,bbc.com,https://www.bbc.com/news/world-middle-east-67738792,2023-12-16T18:19:03Z,2026-02-19T08:08:24+00:00,67738792,bbc_xml_sitemap,https://www.bbc.com/sitemaps/https-sitemap-com-archive-104.xml
BBC,bbc.com,https://www.bbc.com/news/world-middle-east-67740329,2023-12-17T00:51:26Z,2026-02-19T08:08:24+00:00,67740329,bbc_xml_sitemap,https://www.bbc.com/sitemaps/https-sitemap-com-archive-104.xml
BBC,bbc.com,https://www.bbc.com/news/world-middle-east-67675851,2023-12-11T08:17:03Z,2026-02-19T08:08:24+00:00,67675851,bbc_xml_sitemap,https://www.bbc.com/sitemaps/https-sitemap-com-archive-104.xml
BBC,bbc.com,https://www.bbc.com/news/world-middle-east-67675856,2023-12-10T14:41:04Z,2026-02-19T08:08:24+00:00,67675856,bbc_xml_sitemap,https://www.bbc.com/sitemaps/https-sitemap-com-archive-104.xml
BBC,bbc.com,https://www.bbc.com/news/world-middle-east-67676982,2023-12-10T18:10:50Z,2026-02-19T08:08:24+00:00,67676982,bbc_xml_sitemap,https://www.bbc.com/sitemaps/https-sitemap-com-archive-104.xml
BBC,bbc.com,https://www.bbc.com/news/world-middle-east-67675407,2023-12-10T17:59:54Z,2026-02-19T08:08:24+00:00,67675407,bbc_xml_sitemap,https://www.bbc.com/sitemaps/https-sitemap-com-archive-104.xml
BBC,bbc.com,https://www.bbc.com/news/world-middle-east-67797747,2023-12-22T05:54:17Z,2026-02-19T08:08:24+00:00,67797747,bbc_xml_sitemap,https://www.bbc.com/sitemaps/https-sitemap-com-archive-104.xml
BBC,bbc.com,https://www.bbc.com/news/world-middle-east-67740979,2023-12-17T12:17:31Z,2026-02-19T08:08:24+00:00,67740979,bbc_xml_sitemap,https://www.bbc.com/sitemaps/https-sitemap-com-archive-104.xml
BBC,bbc.com,https://www.bbc.com/news/world-middle-east-67742052,2023-12-17T10:31:50Z,2026-02-19T08:08:24+00:00,67742052,bbc_xml_sitemap,https://www.bbc.com/sitemaps/https-sitemap-com-archive-104.xml
BBC,bbc.com,https://www.bbc.com/news/world-middle-east-67817939,2023-12-25T06:45:51Z,2026-02-19T08:08:24+00:00,67817939,bbc_xml_sitemap,https://www.bbc.com/sitemaps/https-sitemap-com-archive-104.xml
BBC,bbc.com,https://www.bbc.com/news/world-middle-east-67817953,2023-12-24T23:41:53Z,2026-02-19T08:08:24+00:00,67817953,bbc_xml_sitemap,https://www.bbc.com/sitemaps/https-sitemap-com-archive-104.xml
BBC,bbc.com,https://www.bbc.com/news/world-middle-east-67741610,2023-12-17T14:03:51Z,2026-02-19T08:08:24+00:00,67741610,bbc_xml_sitemap,https://www.bbc.com/sitemaps/https-sitemap-com-archive-104.xml
BBC,bbc.com,https://www.bbc.com/news/world-middle-east-67688422,2023-12-12T02:16:24Z,2026-02-19T08:08:24+00:00,67688422,bbc_xml_sitemap,https://www.bbc.com/sitemaps/https-sitemap-com-archive-104.xml
BBC,bbc.com,https://www.bbc.com/news/world-middle-east-67660002,2023-12-12T06:00:22Z,2026-02-19T08:08:24+00:00,67660002,bbc_xml_sitemap,https://www.bbc.com/sitemaps/https-sitemap-com-archive-104.xml
BBC,bbc.com,https://www.bbc.com/news/world-middle-east-67814475,2023-12-24T21:23:08Z,2026-02-19T08:08:24+00:00,67814475,bbc_xml_sitemap,https://www.bbc.com/sitemaps/https-sitemap-com-archive-104.xml
BBC,bbc.com,https://www.bbc.com/news/world-middle-east-67819122,2023-12-25T21:02:47Z,2026-02-19T08:08:24+00:00,67819122,bbc_xml_sitemap,https://www.bbc.com/sitemaps/https-sitemap-com-archive-104.xml
BBC,bbc.com,https://www.bbc.com/news/world-middle-east-67679634,2023-12-12T06:00:34Z,2026-02-19T08:08:24+00:00,67679634,bbc_xml_sitemap,https://www.bbc.com/sitemaps/https-sitemap-com-archive-104.xml
BBC,bbc.com,https://www.bbc.com/news/world-middle-east-67745092,2023-12-18T14:34:30Z,2026-02-19T08:08:24+00:00,67745092,bbc_xml_sitemap,https://www.bbc.com/sitemaps/https-sitemap-com-archive-104.xml
BBC,bbc.com,https://www.bbc.com/news/world-middle-east-67779700,2023-12-20T17:09:10Z,2026-02-19T08:08:24+00:00,67779700,bbc_xml_sitemap,https://www.bbc.com/sitemaps/https-sitemap-com-archive-104.xml
BBC,bbc.com,https://www.bbc.com/news/world-middle-east-67771532,2023-12-20T17:17:56Z,2026-02-19T08:08:24+00:00,67771532,bbc_xml_sitemap,https://www.bbc.com/sitemaps/https-sitemap-com-archive-104.xml
BBC,bbc.com,https://www.bbc.com/news/world-middle-east-67799527,2023-12-22T17:42:48Z,2026-02-19T08:08:24+00:00,67799527,bbc_xml_sitemap,https://www.bbc.com/sitemaps/https-sitemap-com-archive-104.xml
BBC,bbc.com,https://www.bbc.com/news/world-middle-east-67736723,2023-12-17T18:42:02Z,2026-02-19T08:08:24+00:00,67736723,bbc_xml_sitemap,https://www.bbc.com/sitemaps/https-sitemap-com-archive-104.xml
BBC,bbc.com,https://www.bbc.com/news/world-middle-east-67764664,2023-12-20T18:30:08Z,2026-02-19T08:08:24+00:00,67764664,bbc_xml_sitemap,https://www.bbc.com/sitemaps/https-sitemap-com-archive-104.xml
BBC,bbc.com,https://www.bbc.com/news/world-middle-east-67691216,2023-12-12T11:39:07Z,2026-02-19T08:08:24+00:00,67691216,bbc_xml_sitemap,https://www.bbc.com/sitemaps/https-sitemap-com-archive-104.xml
BBC,bbc.com,https://www.bbc.com/news/world-middle-east-67691219,2023-12-12T13:04:01Z,2026-02-19T08:08:24+00:00,67691219,bbc_xml_sitemap,https://www.bbc.com/sitemaps/https-sitemap-com-archive-104.xml
BBC,bbc.com,https://www.bbc.com/news/world-middle-east-67819124,2023-12-26T21:39:02Z,2026-02-19T08:08:24+00:00,67819124,bbc_xml_sitemap,https://www.bbc.com/sitemaps/https-sitemap-com-archive-104.xml
BBC,bbc.com,https://www.bbc.com/news/world-middle-east-67820538,2023-12-25T17:36:48Z,2026-02-19T08:08:24+00:00,67820538,bbc_xml_sitemap,https://www.bbc.com/sitemaps/https-sitemap-com-archive-104.xml
BBC,bbc.com,https://www.bbc.com/news/world-middle-east-67760523,2023-12-22T01:20:50Z,2026-02-19T08:08:24+00:00,67760523,bbc_xml_sitemap,https://www.bbc.com/sitemaps/https-sitemap-com-archive-104.xml
BBC,bbc.com,https://www.bbc.com/news/world-middle-east-67635735,2023-12-21T00:19:45Z,2026-02-19T08:08:24+00:00,67635735,bbc_xml_sitemap,https://www.bbc.com/sitemaps/https-sitemap-com-archive-104.xml
BBC,bbc.com,https://www.bbc.com/news/world-middle-east-67744250,2023-12-21T06:44:53Z,2026-02-19T08:08:24+00:00,67744250,bbc_xml_sitemap,https://www.bbc.com/sitemaps/https-sitemap-com-archive-104.xml
BBC,bbc.com,https://www.bbc.com/news/world-middle-east-67746432,2023-12-18T16:50:58Z,2026-02-19T08:08:24+00:00,67746432,bbc_xml_sitemap,https://www.bbc.com/sitemaps/https-sitemap-com-archive-104.xml
BBC,bbc.com,https://www.bbc.com/news/world-middle-east-67644334,2023-12-06T21:50:58Z,2026-02-19T08:08:24+00:00,67644334,bbc_xml_sitemap,https://www.bbc.com/sitemaps/https-sitemap-com-archive-104.xml
BBC,bbc.com,https://www.bbc.com/news/world-middle-east-67699508,2023-12-13T03:32:50Z,2026-02-19T08:08:24+00:00,67699508,bbc_xml_sitemap,https://www.bbc.com/sitemaps/https-sitemap-com-archive-104.xml
BBC,bbc.com,https://www.bbc.com/news/world-middle-east-67755515,2023-12-18T18:45:01Z,2026-02-19T08:08:24+00:00,67755515,bbc_xml_sitemap,https://www.bbc.com/sitemaps/https-sitemap-com-archive-104.xml
BBC,bbc.com,https://www.bbc.com/news/world-middle-east-67752611,2023-12-18T22:04:48Z,2026-02-19T08:08:24+00:00,67752611,bbc_xml_sitemap,https://www.bbc.com/sitemaps/https-sitemap-com-archive-104.xml
BBC,bbc.com,https://www.bbc.com/news/world-middle-east-67708700,2023-12-13T21:14:10Z,2026-02-19T08:08:24+00:00,67708700,bbc_xml_sitemap,https://www.bbc.com/sitemaps/https-sitemap-com-archive-104.xml
BBC,bbc.com,https://www.bbc.com/news/world-middle-east-67824421,2023-12-26T20:32:30Z,2026-02-19T08:08:24+00:00,67824421,bbc_xml_sitemap,https://www.bbc.com/sitemaps/https-sitemap-com-archive-104.xml
BBC,bbc.com,https://www.bbc.com/news/world-middle-east-67749557,2023-12-18T17:04:33Z,2026-02-19T08:08:24+00:00,67749557,bbc_xml_sitemap,https://www.bbc.com/sitemaps/https-sitemap-com-archive-104.xml
BBC,bbc.com,https://www.bbc.com/news/world-middle-east-67754837,2023-12-18T17:30:36Z,2026-02-19T08:08:24+00:00,67754837,bbc_xml_sitemap,https://www.bbc.com/sitemaps/https-sitemap-com-archive-104.xml
BBC,bbc.com,https://www.bbc.com/news/world-middle-east-67891893,2024-01-06T12:37:17Z,2026-02-19T08:08:24+00:00,67891893,bbc_xml_sitemap,https://www.bbc.com/sitemaps/https-sitemap-com-archive-104.xml
BBC,bbc.com,https://www.bbc.com/news/world-middle-east-67825385,2023-12-26T23:06:40Z,2026-02-19T08:08:24+00:00,67825385,bbc_xml_sitemap,https://www.bbc.com/sitemaps/https-sitemap-com-archive-104.xml
BBC,bbc.com,https://www.bbc.com/news/world-middle-east-67695861,2023-12-13T16:07:47Z,2026-02-19T08:08:24+00:00,67695861,bbc_xml_sitemap,https://www.bbc.com/sitemaps/https-sitemap-com-archive-104.xml
BBC,bbc.com,https://www.bbc.com/news/world-middle-east-67873573,2024-01-03T12:58:35Z,2026-02-19T08:08:24+00:00,67873573,bbc_xml_sitemap,https://www.bbc.com/sitemaps/https-sitemap-com-archive-104.xml
BBC,bbc.com,https://www.bbc.com/news/world-middle-east-67825465,2023-12-27T17:16:10Z,2026-02-19T08:08:24+00:00,67825465,bbc_xml_sitemap,https://www.bbc.com/sitemaps/https-sitemap-com-archive-104.xml
BBC,bbc.com,https://www.bbc.com/news/world-middle-east-67872281,2024-01-04T18:47:21Z,2026-02-19T08:08:24+00:00,67872281,bbc_xml_sitemap,https://www.bbc.com/sitemaps/https-sitemap-com-archive-104.xml
BBC,bbc.com,https://www.bbc.com/news/world-middle-east-67907336,2024-01-08T08:14:20Z,2026-02-19T08:08:24+00:00,67907336,bbc_xml_sitemap,https://www.bbc.com/sitemaps/https-sitemap-com-archive-104.xml
BBC,bbc.com,https://www.bbc.com/news/world-middle-east-67829186,2023-12-27T15:17:56Z,2026-02-19T08:08:24+00:00,67829186,bbc_xml_sitemap,https://www.bbc.com/sitemaps/https-sitemap-com-archive-104.xml
BBC,bbc.com,https://www.bbc.com/news/world-middle-east-67876472,2024-01-03T16:07:47Z,2026-02-19T08:08:24+00:00,67876472,bbc_xml_sitemap,https://www.bbc.com/sitemaps/https-sitemap-com-archive-104.xml
BBC,bbc.com,https://www.bbc.com/news/world-middle-east-67878906,2024-01-04T02:10:41Z,2026-02-19T08:08:24+00:00,67878906,bbc_xml_sitemap,https://www.bbc.com/sitemaps/https-sitemap-com-archive-104.xml
BBC,bbc.com,https://www.bbc.com/news/world-middle-east-67836338,2023-12-28T19:26:47Z,2026-02-19T08:08:24+00:00,67836338,bbc_xml_sitemap,https://www.bbc.com/sitemaps/https-sitemap-com-archive-104.xml
BBC,bbc.com,https://www.bbc.com/news/world-middle-east-67836274,2023-12-28T23:02:30Z,2026-02-19T08:08:24+00:00,67836274,bbc_xml_sitemap,https://www.bbc.com/sitemaps/https-sitemap-com-archive-104.xml
BBC,bbc.com,https://www.bbc.com/news/world-middle-east-67904259,2024-01-07T12:51:22Z,2026-02-19T08:08:24+00:00,67904259,bbc_xml_sitemap,https://www.bbc.com/sitemaps/https-sitemap-com-archive-104.xml
BBC,bbc.com,https://www.bbc.com/news/world-middle-east-67875508,2024-01-03T20:47:45Z,2026-02-19T08:08:24+00:00,67875508,bbc_xml_sitemap,https://www.bbc.com/sitemaps/https-sitemap-com-archive-104.xml
BBC,bbc.com,https://www.bbc.com/news/world-middle-east-67834432,2023-12-29T04:36:12Z,2026-02-19T08:08:24+00:00,67834432,bbc_xml_sitemap,https://www.bbc.com/sitemaps/https-sitemap-com-archive-104.xml
BBC,bbc.com,https://www.bbc.com/news/world-middle-east-67911825,2024-01-08T21:17:37Z,2026-02-19T08:08:24+00:00,67911825,bbc_xml_sitemap,https://www.bbc.com/sitemaps/https-sitemap-com-archive-104.xml
BBC,bbc.com,https://www.bbc.com/news/world-middle-east-67893122,2024-01-07T09:30:05Z,2026-02-19T08:08:24+00:00,67893122,bbc_xml_sitemap,https://www.bbc.com/sitemaps/https-sitemap-com-archive-104.xml
BBC,bbc.com,https://www.bbc.com/news/world-middle-east-67844374,2023-12-29T18:20:27Z,2026-02-19T08:08:24+00:00,67844374,bbc_xml_sitemap,https://www.bbc.com/sitemaps/https-sitemap-com-archive-104.xml
BBC,bbc.com,https://www.bbc.com/news/world-middle-east-67843832,2023-12-29T21:26:21Z,2026-02-19T08:08:24+00:00,67843832,bbc_xml_sitemap,https://www.bbc.com/sitemaps/https-sitemap-com-archive-104.xml
BBC,bbc.com,https://www.bbc.com/news/world-middle-east-67888283,2024-01-04T19:18:28Z,2026-02-19T08:08:24+00:00,67888283,bbc_xml_sitemap,https://www.bbc.com/sitemaps/https-sitemap-com-archive-104.xml
BBC,bbc.com,https://www.bbc.com/news/world-middle-east-67905566,2024-01-08T09:54:19Z,2026-02-19T08:08:24+00:00,67905566,bbc_xml_sitemap,https://www.bbc.com/sitemaps/https-sitemap-com-archive-104.xml
BBC,bbc.com,https://www.bbc.com/news/world-middle-east-67888794,2024-01-05T14:59:22Z,2026-02-19T08:08:24+00:00,67888794,bbc_xml_sitemap,https://www.bbc.com/sitemaps/https-sitemap-com-archive-104.xml
BBC,bbc.com,https://www.bbc.com/news/world-middle-east-67849224,2023-12-30T21:24:54Z,2026-02-19T08:08:24+00:00,67849224,bbc_xml_sitemap,https://www.bbc.com/sitemaps/https-sitemap-com-archive-104.xml
BBC,bbc.com,https://www.bbc.com/news/world-middle-east-67854246,2023-12-31T17:54:46Z,2026-02-19T08:08:24+00:00,67854246,bbc_xml_sitemap,https://www.bbc.com/sitemaps/https-sitemap-com-archive-104.xml
BBC,bbc.com,https://www.bbc.com/news/world-middle-east-67851897,2023-12-31T16:44:10Z,2026-02-19T08:08:24+00:00,67851897,bbc_xml_sitemap,https://www.bbc.com/sitemaps/https-sitemap-com-archive-104.xml
BBC,bbc.com,https://www.bbc.com/news/world-middle-east-67855117,2024-01-01T21:47:21Z,2026-02-19T08:08:24+00:00,67855117,bbc_xml_sitemap,https://www.bbc.com/sitemaps/https-sitemap-com-archive-104.xml
BBC,bbc.com,https://www.bbc.com/news/world-middle-east-67914727,2024-01-08T17:03:48Z,2026-02-19T08:08:24+00:00,67914727,bbc_xml_sitemap,https://www.bbc.com/sitemaps/https-sitemap-com-archive-104.xml
BBC,bbc.com,https://www.bbc.com/news/world-middle-east-67859177,2024-01-01T19:47:58Z,2026-02-19T08:08:24+00:00,67859177,bbc_xml_sitemap,https://www.bbc.com/sitemaps/https-sitemap-com-archive-104.xml
BBC,bbc.com,https://www.bbc.com/news/world-middle-east-67897056,2024-01-05T19:47:12Z,2026-02-19T08:08:24+00:00,67897056,bbc_xml_sitemap,https://www.bbc.com/sitemaps/https-sitemap-com-archive-104.xml
BBC,bbc.com,https://www.bbc.com/news/world-middle-east-67751459,2023-12-18T15:00:14Z,2026-02-19T08:08:24+00:00,67751459,bbc_xml_sitemap,https://www.bbc.com/sitemaps/https-sitemap-com-archive-104.xml
BBC,bbc.com,https://www.bbc.com/news/world-middle-east-67921167,2024-01-09T10:39:35Z,2026-02-19T08:08:24+00:00,67921167,bbc_xml_sitemap,https://www.bbc.com/sitemaps/https-sitemap-com-archive-104.xml
BBC,bbc.com,https://www.bbc.com/news/world-middle-east-67952302,2024-01-14T08:15:40Z,2026-02-19T08:08:24+00:00,67952302,bbc_xml_sitemap,https://www.bbc.com/sitemaps/https-sitemap-com-archive-104.xml
BBC,bbc.com,https://www.bbc.com/news/world-middle-east-67866342,2024-01-02T18:02:44Z,2026-02-19T08:08:24+00:00,67866342,bbc_xml_sitemap,https://www.bbc.com/sitemaps/https-sitemap-com-archive-104.xml
BBC,bbc.com,https://www.bbc.com/news/world-middle-east-67771533,2023-12-20T13:28:19Z,2026-02-19T08:08:24+00:00,67771533,bbc_xml_sitemap,https://www.bbc.com/sitemaps/https-sitemap-com-archive-104.xml
BBC,bbc.com,https://www.bbc.com/news/world-middle-east-67986226,2024-01-16T01:25:33Z,2026-02-19T08:08:24+00:00,67986226,bbc_xml_sitemap,https://www.bbc.com/sitemaps/https-sitemap-com-archive-104.xml
BBC,bbc.com,https://www.bbc.com/news/world-middle-east-67987097,2024-01-15T21:55:26Z,2026-02-19T08:08:24+00:00,67987097,bbc_xml_sitemap,https://www.bbc.com/sitemaps/https-sitemap-com-archive-104.xml
BBC,bbc.com,https://www.bbc.com/news/world-middle-east-67922238,2024-01-09T14:11:11Z,2026-02-19T08:08:24+00:00,67922238,bbc_xml_sitemap,https://www.bbc.com/sitemaps/https-sitemap-com-archive-104.xml
BBC,bbc.com,https://www.bbc.com/news/world-middle-east-67972962,2024-01-14T14:21:16Z,2026-02-19T08:08:24+00:00,67972962,bbc_xml_sitemap,https://www.bbc.com/sitemaps/https-sitemap-com-archive-104.xml
BBC,bbc.com,https://www.bbc.com/news/world-middle-east-67975811,2024-01-14T16:15:41Z,2026-02-19T08:08:24+00:00,67975811,bbc_xml_sitemap,https://www.bbc.com/sitemaps/https-sitemap-com-archive-104.xml
BBC,bbc.com,https://www.bbc.com/news/world-middle-east-67932725,2024-01-11T04:15:37Z,2026-02-19T08:08:24+00:00,67932725,bbc_xml_sitemap,https://www.bbc.com/sitemaps/https-sitemap-com-archive-104.xml
BBC,bbc.com,https://www.bbc.com/news/world-middle-east-67986227,2024-01-15T20:43:19Z,2026-02-19T08:08:24+00:00,67986227,bbc_xml_sitemap,https://www.bbc.com/sitemaps/https-sitemap-com-archive-104.xml
BBC,bbc.com,https://www.bbc.com/news/world-middle-east-67929397,2024-01-11T13:22:14Z,2026-02-19T08:08:24+00:00,67929397,bbc_xml_sitemap,https://www.bbc.com/sitemaps/https-sitemap-com-archive-104.xml
BBC,bbc.com,https://www.bbc.com/news/world-middle-east-67938290,2024-01-10T23:12:51Z,2026-02-19T08:08:24+00:00,67938290,bbc_xml_sitemap,https://www.bbc.com/sitemaps/https-sitemap-com-archive-104.xml
BBC,bbc.com,https://www.bbc.com/news/world-middle-east-67978143,2024-01-15T06:36:46Z,2026-02-19T08:08:24+00:00,67978143,bbc_xml_sitemap,https://www.bbc.com/sitemaps/https-sitemap-com-archive-104.xml
BBC,bbc.com,https://www.bbc.com/news/world-middle-east-67942983,2024-01-11T19:21:25Z,2026-02-19T08:08:24+00:00,67942983,bbc_xml_sitemap,https://www.bbc.com/sitemaps/https-sitemap-com-archive-104.xml
BBC,bbc.com,https://www.bbc.com/news/world-middle-east-67977694,2024-01-15T04:52:29Z,2026-02-19T08:08:24+00:00,67977694,bbc_xml_sitemap,https://www.bbc.com/sitemaps/https-sitemap-com-archive-104.xml
BBC,bbc.com,https://www.bbc.com/news/world-middle-east-67948119,2024-01-11T18:08:52Z,2026-02-19T08:08:24+00:00,67948119,bbc_xml_sitemap,https://www.bbc.com/sitemaps/https-sitemap-com-archive-104.xml
BBC,bbc.com,https://www.bbc.com/news/world-middle-east-67952301,2024-01-11T17:53:08Z,2026-02-19T08:08:24+00:00,67952301,bbc_xml_sitemap,https://www.bbc.com/sitemaps/https-sitemap-com-archive-104.xml
BBC,bbc.com,https://www.bbc.com/news/world-middle-east-67951657,2024-01-11T18:03:31Z,2026-02-19T08:08:24+00:00,67951657,bbc_xml_sitemap,https://www.bbc.com/sitemaps/https-sitemap-com-archive-104.xml
BBC,bbc.com,https://www.bbc.com/news/world-middle-east-67955727,2024-01-12T15:20:00Z,2026-02-19T08:08:24+00:00,67955727,bbc_xml_sitemap,https://www.bbc.com/sitemaps/https-sitemap-com-archive-104.xml
BBC,bbc.com,https://www.bbc.com/news/world-middle-east-67989193,2024-01-16T12:45:22Z,2026-02-19T08:08:24+00:00,67989193,bbc_xml_sitemap,https://www.bbc.com/sitemaps/https-sitemap-com-archive-104.xml
BBC,bbc.com,https://www.bbc.com/news/world-middle-east-67944903,2024-01-12T16:34:57Z,2026-02-19T08:08:24+00:00,67944903,bbc_xml_sitemap,https://www.bbc.com/sitemaps/https-sitemap-com-archive-104.xml
BBC,bbc.com,https://www.bbc.com/news/world-middle-east-67946441,2024-01-11T20:49:16Z,2026-02-19T08:08:24+00:00,67946441,bbc_xml_sitemap,https://www.bbc.com/sitemaps/https-sitemap-com-archive-104.xml
BBC,bbc.com,https://www.bbc.com/news/world-middle-east-67958260,2024-01-15T00:19:44Z,2026-02-19T08:08:24+00:00,67958260,bbc_xml_sitemap,https://www.bbc.com/sitemaps/https-sitemap-com-archive-104.xml
BBC,bbc.com,https://www.bbc.com/news/world-middle-east-67954161,2024-01-12T17:38:50Z,2026-02-19T08:08:24+00:00,67954161,bbc_xml_sitemap,https://www.bbc.com/sitemaps/https-sitemap-com-archive-104.xml
BBC,bbc.com,https://www.bbc.com/news/world-middle-east-67949952,2024-01-13T00:02:05Z,2026-02-19T08:08:24+00:00,67949952,bbc_xml_sitemap,https://www.bbc.com/sitemaps/https-sitemap-com-archive-104.xml
BBC,bbc.com,https://www.bbc.com/news/world-middle-east-67981820,2024-01-15T14:00:54Z,2026-02-19T08:08:24+00:00,67981820,bbc_xml_sitemap,https://www.bbc.com/sitemaps/https-sitemap-com-archive-104.xml
BBC,bbc.com,https://www.bbc.com/news/world-middle-east-67983624,2024-01-15T19:31:39Z,2026-02-19T08:08:24+00:00,67983624,bbc_xml_sitemap,https://www.bbc.com/sitemaps/https-sitemap-com-archive-104.xml
BBC,bbc.com,https://www.bbc.com/news/world-middle-east-67955835,2024-01-12T08:24:32Z,2026-02-19T08:08:24+00:00,67955835,bbc_xml_sitemap,https://www.bbc.com/sitemaps/https-sitemap-com-archive-104.xml
BBC,bbc.com,https://www.bbc.com/news/world-middle-east-67955729,2024-01-12T13:13:32Z,2026-02-19T08:08:24+00:00,67955729,bbc_xml_sitemap,https://www.bbc.com/sitemaps/https-sitemap-com-archive-104.xml
BBC,bbc.com,https://www.bbc.com/news/world-middle-east-67614911,2025-03-25T18:05:07Z,2026-02-19T08:08:24+00:00,67614911,bbc_xml_sitemap,https://www.bbc.com/sitemaps/https-sitemap-com-archive-104.xml
BBC,bbc.com,https://www.bbc.com/news/world-middle-east-67967233,2024-01-14T03:47:34Z,2026-02-19T08:08:24+00:00,67967233,bbc_xml_sitemap,https://www.bbc.com/sitemaps/https-sitemap-com-archive-104.xml
BBC,bbc.com,https://www.bbc.com/news/world-middle-east-67962302,2024-01-12T20:59:40Z,2026-02-19T08:08:24+00:00,67962302,bbc_xml_sitemap,https://www.bbc.com/sitemaps/https-sitemap-com-archive-104.xml
BBC,bbc.com,https://www.bbc.com/news/world-middle-east-67962769,2024-01-12T22:39:35Z,2026-02-19T08:08:24+00:00,67962769,bbc_xml_sitemap,https://www.bbc.com/sitemaps/https-sitemap-com-archive-104.xml
BBC,bbc.com,https://www.bbc.com/news/world-middle-east-67968533,2024-01-13T18:24:33Z,2026-02-19T08:08:24+00:00,67968533,bbc_xml_sitemap,https://www.bbc.com/sitemaps/https-sitemap-com-archive-104.xml
BBC,bbc.com,https://www.bbc.com/news/world-middle-east-68035744,2024-01-19T23:17:26Z,2026-02-19T08:08:24+00:00,68035744,bbc_xml_sitemap,https://www.bbc.com/sitemaps/https-sitemap-com-archive-104.xml
BBC,bbc.com,https://www.bbc.com/news/world-middle-east-67991427,2024-01-16T17:35:52Z,2026-02-19T08:08:24+00:00,67991427,bbc_xml_sitemap,https://www.bbc.com/sitemaps/https-sitemap-com-archive-104.xml
BBC,bbc.com,https://www.bbc.com/news/world-middle-east-67992600,2024-01-16T23:28:11Z,2026-02-19T08:08:24+00:00,67992600,bbc_xml_sitemap,https://www.bbc.com/sitemaps/https-sitemap-com-archive-104.xml
BBC,bbc.com,https://www.bbc.com/news/world-middle-east-68017444,2024-01-20T00:43:03Z,2026-02-19T08:08:24+00:00,68017444,bbc_xml_sitemap,https://www.bbc.com/sitemaps/https-sitemap-com-archive-104.xml
BBC,bbc.com,https://www.bbc.com/news/world-middle-east-68045247,2024-01-21T09:08:29Z,2026-02-19T08:08:24+00:00,68045247,bbc_xml_sitemap,https://www.bbc.com/sitemaps/https-sitemap-com-archive-104.xml
BBC,bbc.com,https://www.bbc.com/news/world-middle-east-68034722,2024-01-21T07:28:47Z,2026-02-19T08:08:24+00:00,68034722,bbc_xml_sitemap,https://www.bbc.com/sitemaps/https-sitemap-com-archive-104.xml
BBC,bbc.com,https://www.bbc.com/news/world-middle-east-68034128,2024-01-20T07:21:50Z,2026-02-19T08:08:24+00:00,68034128,bbc_xml_sitemap,https://www.bbc.com/sitemaps/https-sitemap-com-archive-104.xml
BBC,bbc.com,https://www.bbc.com/news/world-middle-east-68040493,2024-01-20T20:20:28Z,2026-02-19T08:08:24+00:00,68040493,bbc_xml_sitemap,https://www.bbc.com/sitemaps/https-sitemap-com-archive-104.xml
BBC,bbc.com,https://www.bbc.com/news/world-middle-east-68004451,2024-01-17T14:28:33Z,2026-02-19T08:08:24+00:00,68004451,bbc_xml_sitemap,https://www.bbc.com/sitemaps/https-sitemap-com-archive-104.xml
BBC,bbc.com,https://www.bbc.com/news/world-middle-east-68006126,2024-01-17T17:43:50Z,2026-02-19T08:08:24+00:00,68006126,bbc_xml_sitemap,https://www.bbc.com/sitemaps/https-sitemap-com-archive-104.xml
BBC,bbc.com,https://www.bbc.com/news/world-middle-east-68017376,2024-01-18T12:17:35Z,2026-02-19T08:08:24+00:00,68017376,bbc_xml_sitemap,https://www.bbc.com/sitemaps/https-sitemap-com-archive-104.xml
BBC,bbc.com,https://www.bbc.com/news/world-middle-east-68018676,2024-01-18T12:31:04Z,2026-02-19T08:08:24+00:00,68018676,bbc_xml_sitemap,https://www.bbc.com/sitemaps/https-sitemap-com-archive-104.xml
BBC,bbc.com,https://www.bbc.com/news/world-middle-east-68021483,2024-01-18T18:17:45Z,2026-02-19T08:08:24+00:00,68021483,bbc_xml_sitemap,https://www.bbc.com/sitemaps/https-sitemap-com-archive-104.xml
BBC,bbc.com,https://www.bbc.com/news/world-middle-east-68025945,2024-01-19T07:18:56Z,2026-02-19T08:08:24+00:00,68025945,bbc_xml_sitemap,https://www.bbc.com/sitemaps/https-sitemap-com-archive-104.xml
BBC,bbc.com,https://www.bbc.com/news/world-middle-east-68041490,2024-01-20T14:02:25Z,2026-02-19T08:08:24+00:00,68041490,bbc_xml_sitemap,https://www.bbc.com/sitemaps/https-sitemap-com-archive-104.xml
BBC,bbc.com,https://www.bbc.com/news/world-middle-east-68023080,2024-01-19T11:28:30Z,2026-02-19T08:08:24+00:00,68023080,bbc_xml_sitemap,https://www.bbc.com/sitemaps/https-sitemap-com-archive-104.xml
BBC,bbc.com,https://www.bbc.com/news/world-middle-east-68017051,2024-01-21T10:32:59Z,2026-02-19T08:08:24+00:00,68017051,bbc_xml_sitemap,https://www.bbc.com/sitemaps/https-sitemap-com-archive-104.xml
BBC,bbc.com,https://www.bbc.com/news/world-middle-east-68033426,2024-01-19T17:54:09Z,2026-02-19T08:08:24+00:00,68033426,bbc_xml_sitemap,https://www.bbc.com/sitemaps/https-sitemap-com-archive-104.xml
BBC,bbc.com,https://www.bbc.com/news/world-middle-east-68045254,2024-01-21T00:44:13Z,2026-02-19T08:08:24+00:00,68045254,bbc_xml_sitemap,https://www.bbc.com/sitemaps/https-sitemap-com-archive-104.xml
BBC,bbc.com,https://www.bbc.com/news/world-middle-east-68050172,2024-01-21T18:53:53Z,2026-02-19T08:08:24+00:00,68050172,bbc_xml_sitemap,https://www.bbc.com/sitemaps/https-sitemap-com-archive-104.xml
BBC,bbc.com,https://www.bbc.com/news/world-middle-east-68053528,2024-01-23T00:23:53Z,2026-02-19T08:08:24+00:00,68053528,bbc_xml_sitemap,https://www.bbc.com/sitemaps/https-sitemap-com-archive-104.xml
BBC,bbc.com,https://www.bbc.com/news/world-middle-east-68031732,2024-01-20T01:12:06Z,2026-02-19T08:08:24+00:00,68031732,bbc_xml_sitemap,https://www.bbc.com/sitemaps/https-sitemap-com-archive-104.xml
BBC,bbc.com,https://www.bbc.com/news/world-middle-east-68054982,2024-01-22T12:16:47Z,2026-02-19T08:08:24+00:00,68054982,bbc_xml_sitemap,https://www.bbc.com/sitemaps/https-sitemap-com-archive-104.xml
BBC,bbc.com,https://www.bbc.com/news/world-middle-east-68059715,2024-01-26T00:03:52Z,2026-02-19T08:08:24+00:00,68059715,bbc_xml_sitemap,https://www.bbc.com/sitemaps/https-sitemap-com-archive-104.xml
BBC,bbc.com,https://www.bbc.com/news/world-middle-east-68059132,2024-01-23T17:07:32Z,2026-02-19T08:08:24+00:00,68059132,bbc_xml_sitemap,https://www.bbc.com/sitemaps/https-sitemap-com-archive-104.xml
BBC,bbc.com,https://www.bbc.com/news/world-middle-east-68065903,2024-01-23T19:59:49Z,2026-02-19T08:08:24+00:00,68065903,bbc_xml_sitemap,https://www.bbc.com/sitemaps/https-sitemap-com-archive-104.xml
BBC,bbc.com,https://www.bbc.com/news/world-middle-east-68062245,2024-01-22T23:22:46Z,2026-02-19T08:08:24+00:00,68062245,bbc_xml_sitemap,https://www.bbc.com/sitemaps/https-sitemap-com-archive-104.xml
BBC,bbc.com,https://www.bbc.com/news/world-middle-east-67945137,2024-01-23T02:50:08Z,2026-02-19T08:08:24+00:00,67945137,bbc_xml_sitemap,https://www.bbc.com/sitemaps/https-sitemap-com-archive-104.xml
BBC,bbc.com,https://www.bbc.com/news/world-middle-east-68064422,2024-01-23T11:47:08Z,2026-02-19T08:08:24+00:00,68064422,bbc_xml_sitemap,https://www.bbc.com/sitemaps/https-sitemap-com-archive-104.xml
BBC,bbc.com,https://www.bbc.com/news/world-middle-east-68068233,2024-01-23T14:23:58Z,2026-02-19T08:08:24+00:00,68068233,bbc_xml_sitemap,https://www.bbc.com/sitemaps/https-sitemap-com-archive-104.xml
BBC,bbc.com,https://www.bbc.com/news/world-middle-east-68066455,2024-01-23T07:54:18Z,2026-02-19T08:08:24+00:00,68066455,bbc_xml_sitemap,https://www.bbc.com/sitemaps/https-sitemap-com-archive-104.xml
BBC,bbc.com,https://www.bbc.com/news/world-middle-east-68078580,2024-01-25T08:30:27Z,2026-02-19T08:08:24+00:00,68078580,bbc_xml_sitemap,https://www.bbc.com/sitemaps/https-sitemap-com-archive-104.xml
BBC,bbc.com,https://www.bbc.com/news/world-middle-east-68099143,2024-01-25T19:19:43Z,2026-02-19T08:08:24+00:00,68099143,bbc_xml_sitemap,https://www.bbc.com/sitemaps/https-sitemap-com-archive-104.xml
BBC,bbc.com,https://www.bbc.com/news/world-middle-east-68084402,2024-01-24T16:35:20Z,2026-02-19T08:08:24+00:00,68084402,bbc_xml_sitemap,https://www.bbc.com/sitemaps/https-sitemap-com-archive-104.xml
BBC,bbc.com,https://www.bbc.com/news/world-middle-east-68085190,2024-01-24T18:57:12Z,2026-02-19T08:08:24+00:00,68085190,bbc_xml_sitemap,https://www.bbc.com/sitemaps/https-sitemap-com-archive-104.xml
BBC,bbc.com,https://www.bbc.com/news/world-middle-east-68113223,2024-01-26T19:09:55Z,2026-02-19T08:08:24+00:00,68113223,bbc_xml_sitemap,https://www.bbc.com/sitemaps/https-sitemap-com-archive-104.xml
BBC,bbc.com,https://www.bbc.com/news/world-middle-east-68110358,2024-01-27T22:39:34Z,2026-02-19T08:08:24+00:00,68110358,bbc_xml_sitemap,https://www.bbc.com/sitemaps/https-sitemap-com-archive-104.xml
BBC,bbc.com,https://www.bbc.com/news/world-middle-east-68103641,2024-01-26T14:35:36Z,2026-02-19T08:08:24+00:00,68103641,bbc_xml_sitemap,https://www.bbc.com/sitemaps/https-sitemap-com-archive-104.xml
BBC,bbc.com,https://www.bbc.com/news/world-middle-east-68108260,2024-01-26T16:54:33Z,2026-02-19T08:08:24+00:00,68108260,bbc_xml_sitemap,https://www.bbc.com/sitemaps/https-sitemap-com-archive-104.xml
BBC,bbc.com,https://www.bbc.com/news/world-middle-east-68104203,2024-01-27T20:54:20Z,2026-02-19T08:08:24+00:00,68104203,bbc_xml_sitemap,https://www.bbc.com/sitemaps/https-sitemap-com-archive-104.xml
BBC,bbc.com,https://www.bbc.com/news/world-middle-east-68107844,2024-01-26T16:53:43Z,2026-02-19T08:08:24+00:00,68107844,bbc_xml_sitemap,https://www.bbc.com/sitemaps/https-sitemap-com-archive-104.xml
BBC,bbc.com,https://www.bbc.com/news/world-middle-east-68097993,2024-01-27T11:29:28Z,2026-02-19T08:08:24+00:00,68097993,bbc_xml_sitemap,https://www.bbc.com/sitemaps/https-sitemap-com-archive-104.xml
BBC,bbc.com,https://www.bbc.com/news/world-middle-east-68119268,2024-01-28T07:51:23Z,2026-02-19T08:08:24+00:00,68119268,bbc_xml_sitemap,https://www.bbc.com/sitemaps/https-sitemap-com-archive-104.xml
BBC,bbc.com,https://www.bbc.com/news/world-middle-east-68116274,2024-01-27T09:45:43Z,2026-02-19T08:08:24+00:00,68116274,bbc_xml_sitemap,https://www.bbc.com/sitemaps/https-sitemap-com-archive-104.xml
BBC,bbc.com,https://www.bbc.com/news/world-middle-east-68123222,2024-01-28T14:45:08Z,2026-02-19T08:08:24+00:00,68123222,bbc_xml_sitemap,https://www.bbc.com/sitemaps/https-sitemap-com-archive-104.xml
BBC,bbc.com,https://www.bbc.com/news/world-middle-east-68123885,2024-01-28T19:55:16Z,2026-02-19T08:08:24+00:00,68123885,bbc_xml_sitemap,https://www.bbc.com/sitemaps/https-sitemap-com-archive-104.xml
BBC,bbc.com,https://www.bbc.com/news/world-middle-east-68125186,2024-01-29T17:25:25Z,2026-02-19T08:08:24+00:00,68125186,bbc_xml_sitemap,https://www.bbc.com/sitemaps/https-sitemap-com-archive-104.xml
BBC,bbc.com,https://www.bbc.com/news/world-middle-east-68122944,2024-01-28T14:31:14Z,2026-02-19T08:08:24+00:00,68122944,bbc_xml_sitemap,https://www.bbc.com/sitemaps/https-sitemap-com-archive-104.xml
BBC,bbc.com,https://www.bbc.com/news/world-middle-east-68122706,2024-01-29T04:32:17Z,2026-02-19T08:08:24+00:00,68122706,bbc_xml_sitemap,https://www.bbc.com/sitemaps/https-sitemap-com-archive-104.xml
BBC,bbc.com,https://www.bbc.com/news/world-middle-east-68126137,2024-01-29T13:55:37Z,2026-02-19T08:08:24+00:00,68126137,bbc_xml_sitemap,https://www.bbc.com/sitemaps/https-sitemap-com-archive-104.xml
BBC,bbc.com,https://www.bbc.com/news/world-middle-east-68131434,2024-01-29T17:24:48Z,2026-02-19T08:08:24+00:00,68131434,bbc_xml_sitemap,https://www.bbc.com/sitemaps/https-sitemap-com-archive-104.xml
BBC,bbc.com,https://www.bbc.com/news/world-middle-east-68133115,2024-01-29T23:53:54Z,2026-02-19T08:08:24+00:00,68133115,bbc_xml_sitemap,https://www.bbc.com/sitemaps/https-sitemap-com-archive-104.xml
BBC,bbc.com,https://www.bbc.com/news/world-middle-east-68127544,2024-01-29T21:30:01Z,2026-02-19T08:08:24+00:00,68127544,bbc_xml_sitemap,https://www.bbc.com/sitemaps/https-sitemap-com-archive-104.xml
BBC,bbc.com,https://www.bbc.com/news/world-middle-east-67983018,2024-01-30T02:09:56Z,2026-02-19T08:08:24+00:00,67983018,bbc_xml_sitemap,https://www.bbc.com/sitemaps/https-sitemap-com-archive-104.xml
BBC,bbc.com,https://www.bbc.com/news/world-middle-east-67922346,2024-05-24T12:25:48Z,2026-02-19T08:08:24+00:00,67922346,bbc_xml_sitemap,https://www.bbc.com/sitemaps/https-sitemap-com-archive-104.xml
BBC,bbc.com,https://www.bbc.com/news/world-middle-east-68137050,2024-01-30T17:35:48Z,2026-02-19T08:08:24+00:00,68137050,bbc_xml_sitemap,https://www.bbc.com/sitemaps/https-sitemap-com-archive-104.xml
BBC,bbc.com,https://www.bbc.com/news/world-middle-east-68138209,2024-01-30T10:55:43Z,2026-02-19T08:08:24+00:00,68138209,bbc_xml_sitemap,https://www.bbc.com/sitemaps/https-sitemap-com-archive-104.xml
BBC,bbc.com,https://www.bbc.com/news/world-middle-east-67831478,2023-12-28T18:33:33Z,2026-02-19T08:08:24+00:00,67831478,bbc_xml_sitemap,https://www.bbc.com/sitemaps/https-sitemap-com-archive-104.xml
BBC,bbc.com,https://www.bbc.com/news/world-middle-east-67965009,2024-01-12T20:57:43Z,2026-02-19T08:08:24+00:00,67965009,bbc_xml_sitemap,https://www.bbc.com/sitemaps/https-sitemap-com-archive-104.xml
BBC,bbc.com,https://www.bbc.com/news/world-middle-east-68000227,2024-01-16T21:38:44Z,2026-02-19T08:08:24+00:00,68000227,bbc_xml_sitemap,https://www.bbc.com/sitemaps/https-sitemap-com-archive-104.xml
BBC,bbc.com,https://www.bbc.com/news/world-middle-east-68138210,2024-01-30T15:58:29Z,2026-02-19T08:08:24+00:00,68138210,bbc_xml_sitemap,https://www.bbc.com/sitemaps/https-sitemap-com-archive-104.xml
BBC,bbc.com,https://www.bbc.com/news/world-middle-east-68006607,2024-01-30T17:23:48Z,2026-02-19T08:08:24+00:00,68006607,bbc_xml_sitemap,https://www.bbc.com/sitemaps/https-sitemap-com-archive-104.xml
BBC,bbc.com,https://www.bbc.com/news/world-middle-east-67884392,2024-01-04T20:39:03Z,2026-02-19T08:08:24+00:00,67884392,bbc_xml_sitemap,https://www.bbc.com/sitemaps/https-sitemap-com-archive-104.xml
BBC,bbc.com,https://www.bbc.com/news/world-middle-east-68141039,2024-01-31T06:00:55Z,2026-02-19T08:08:24+00:00,68141039,bbc_xml_sitemap,https://www.bbc.com/sitemaps/https-sitemap-com-archive-104.xml
BBC,bbc.com,https://www.bbc.com/news/world-middle-east-67866346,2024-01-03T08:14:34Z,2026-02-19T08:08:24+00:00,67866346,bbc_xml_sitemap,https://www.bbc.com/sitemaps/https-sitemap-com-archive-104.xml
BBC,bbc.com,https://www.bbc.com/news/world-middle-east-68091659,2024-01-25T17:52:09Z,2026-02-19T08:08:24+00:00,68091659,bbc_xml_sitemap,https://www.bbc.com/sitemaps/https-sitemap-com-archive-104.xml
BBC,bbc.com,https://www.bbc.com/news/world-middle-east-67975815,2024-01-14T20:43:44Z,2026-02-19T08:08:24+00:00,67975815,bbc_xml_sitemap,https://www.bbc.com/sitemaps/https-sitemap-com-archive-104.xml
BBC,bbc.com,https://www.bbc.com/news/world-middle-east-68150519,2024-01-31T02:29:47Z,2026-02-19T08:08:24+00:00,68150519,bbc_xml_sitemap,https://www.bbc.com/sitemaps/https-sitemap-com-archive-104.xml
BBC,bbc.com,https://www.bbc.com/news/world-middle-east-68024249,2024-01-18T21:32:44Z,2026-02-19T08:08:24+00:00,68024249,bbc_xml_sitemap,https://www.bbc.com/sitemaps/https-sitemap-com-archive-104.xml
BBC,bbc.com,https://www.bbc.com/news/world-middle-east-68055933,2024-01-22T15:37:25Z,2026-02-19T08:08:24+00:00,68055933,bbc_xml_sitemap,https://www.bbc.com/sitemaps/https-sitemap-com-archive-104.xml
BBC,bbc.com,https://www.bbc.com/news/world-middle-east-68074566,2024-01-23T21:15:25Z,2026-02-19T08:08:24+00:00,68074566,bbc_xml_sitemap,https://www.bbc.com/sitemaps/https-sitemap-com-archive-104.xml
BBC,bbc.com,https://www.bbc.com/news/world-middle-east-68138853,2024-01-30T23:15:41Z,2026-02-19T08:08:24+00:00,68138853,bbc_xml_sitemap,https://www.bbc.com/sitemaps/https-sitemap-com-archive-104.xml
BBC,bbc.com,https://www.bbc.com/news/world-middle-east-68162927,2024-02-01T09:57:37Z,2026-02-19T08:08:24+00:00,68162927,bbc_xml_sitemap,https://www.bbc.com/sitemaps/https-sitemap-com-archive-104.xml
BBC,bbc.com,https://www.bbc.com/news/world-middle-east-68004449,2024-01-17T16:11:07Z,2026-02-19T08:08:24+00:00,68004449,bbc_xml_sitemap,https://www.bbc.com/sitemaps/https-sitemap-com-archive-104.xml
BBC,bbc.com,https://www.bbc.com/news/world-middle-east-67893123,2024-01-05T17:24:30Z,2026-02-19T08:08:24+00:00,67893123,bbc_xml_sitemap,https://www.bbc.com/sitemaps/https-sitemap-com-archive-104.xml
BBC,bbc.com,https://www.bbc.com/news/world-middle-east-68159939,2024-02-01T18:16:26Z,2026-02-19T08:08:24+00:00,68159939,bbc_xml_sitemap,https://www.bbc.com/sitemaps/https-sitemap-com-archive-104.xml
BBC,bbc.com,https://www.bbc.com/news/world-middle-east-68249962,2024-02-09T19:53:55Z,2026-02-19T08:09:58+00:00,68249962,bbc_xml_sitemap,https://www.bbc.com/sitemaps/https-sitemap-com-archive-105.xml
BBC,bbc.com,https://www.bbc.com/news/world-middle-east-68660050,2024-03-25T22:59:38Z,2026-02-19T08:09:58+00:00,68660050,bbc_xml_sitemap,https://www.bbc.com/sitemaps/https-sitemap-com-archive-105.xml
BBC,bbc.com,https://www.bbc.com/news/world-middle-east-68256510,2024-02-10T01:37:30Z,2026-02-19T08:09:58+00:00,68256510,bbc_xml_sitemap,https://www.bbc.com/sitemaps/https-sitemap-com-archive-105.xml
BBC,bbc.com,https://www.bbc.com/news/world-middle-east-68315875,2024-02-16T17:38:32Z,2026-02-19T08:09:58+00:00,68315875,bbc_xml_sitemap,https://www.bbc.com/sitemaps/https-sitemap-com-archive-105.xml
BBC,bbc.com,https://www.bbc.com/news/world-middle-east-68575413,2024-03-16T08:03:40Z,2026-02-19T08:09:58+00:00,68575413,bbc_xml_sitemap,https://www.bbc.com/sitemaps/https-sitemap-com-archive-105.xml
BBC,bbc.com,https://www.bbc.com/news/world-middle-east-68379646,2024-02-23T20:01:32Z,2026-02-19T08:09:58+00:00,68379646,bbc_xml_sitemap,https://www.bbc.com/sitemaps/https-sitemap-com-archive-105.xml
BBC,bbc.com,https://www.bbc.com/news/world-middle-east-68443883,2024-03-01T19:02:38Z,2026-02-19T08:09:58+00:00,68443883,bbc_xml_sitemap,https://www.bbc.com/sitemaps/https-sitemap-com-archive-105.xml
BBC,bbc.com,https://www.bbc.com/news/world-middle-east-68317541,2024-02-16T18:23:58Z,2026-02-19T08:09:58+00:00,68317541,bbc_xml_sitemap,https://www.bbc.com/sitemaps/https-sitemap-com-archive-105.xml
BBC,bbc.com,https://www.bbc.com/news/world-middle-east-68182879,2024-02-03T00:10:15Z,2026-02-19T08:09:58+00:00,68182879,bbc_xml_sitemap,https://www.bbc.com/sitemaps/https-sitemap-com-archive-105.xml
BBC,bbc.com,https://www.bbc.com/news/world-middle-east-68445596,2024-03-01T10:23:54Z,2026-02-19T08:09:58+00:00,68445596,bbc_xml_sitemap,https://www.bbc.com/sitemaps/https-sitemap-com-archive-105.xml
BBC,bbc.com,https://www.bbc.com/news/world-middle-east-68662118,2024-03-26T07:40:00Z,2026-02-19T08:09:58+00:00,68662118,bbc_xml_sitemap,https://www.bbc.com/sitemaps/https-sitemap-com-archive-105.xml
BBC,bbc.com,https://www.bbc.com/news/world-middle-east-68239320,2024-02-10T17:30:12Z,2026-02-19T08:09:58+00:00,68239320,bbc_xml_sitemap,https://www.bbc.com/sitemaps/https-sitemap-com-archive-105.xml
BBC,bbc.com,https://www.bbc.com/news/world-middle-east-68587992,2024-03-16T16:51:16Z,2026-02-19T08:09:58+00:00,68587992,bbc_xml_sitemap,https://www.bbc.com/sitemaps/https-sitemap-com-archive-105.xml
BBC,bbc.com,https://www.bbc.com/news/world-middle-east-68255881,2024-02-09T19:22:47Z,2026-02-19T08:09:58+00:00,68255881,bbc_xml_sitemap,https://www.bbc.com/sitemaps/https-sitemap-com-archive-105.xml
BBC,bbc.com,https://www.bbc.com/news/world-middle-east-68256069,2024-02-10T06:01:42Z,2026-02-19T08:09:58+00:00,68256069,bbc_xml_sitemap,https://www.bbc.com/sitemaps/https-sitemap-com-archive-105.xml
BBC,bbc.com,https://www.bbc.com/news/world-middle-east-68586063,2024-03-16T17:29:44Z,2026-02-19T08:09:58+00:00,68586063,bbc_xml_sitemap,https://www.bbc.com/sitemaps/https-sitemap-com-archive-105.xml
BBC,bbc.com,https://www.bbc.com/news/world-middle-east-68662011,2024-03-25T22:33:41Z,2026-02-19T08:09:58+00:00,68662011,bbc_xml_sitemap,https://www.bbc.com/sitemaps/https-sitemap-com-archive-105.xml
BBC,bbc.com,https://www.bbc.com/news/world-middle-east-68256072,2024-02-09T19:53:21Z,2026-02-19T08:09:58+00:00,68256072,bbc_xml_sitemap,https://www.bbc.com/sitemaps/https-sitemap-com-archive-105.xml
BBC,bbc.com,https://www.bbc.com/news/world-middle-east-68586065,2024-03-16T19:55:17Z,2026-02-19T08:09:58+00:00,68586065,bbc_xml_sitemap,https://www.bbc.com/sitemaps/https-sitemap-com-archive-105.xml
BBC,bbc.com,https://www.bbc.com/news/world-middle-east-68511606,2024-03-08T23:39:54Z,2026-02-19T08:09:58+00:00,68511606,bbc_xml_sitemap,https://www.bbc.com/sitemaps/https-sitemap-com-archive-105.xml
BBC,bbc.com,https://www.bbc.com/news/world-middle-east-68582258,2024-03-17T00:49:27Z,2026-02-19T08:09:58+00:00,68582258,bbc_xml_sitemap,https://www.bbc.com/sitemaps/https-sitemap-com-archive-105.xml
BBC,bbc.com,https://www.bbc.com/news/world-middle-east-68249367,2024-02-10T14:44:03Z,2026-02-19T08:09:58+00:00,68249367,bbc_xml_sitemap,https://www.bbc.com/sitemaps/https-sitemap-com-archive-105.xml
BBC,bbc.com,https://www.bbc.com/news/world-middle-east-68665247,2024-03-26T22:41:44Z,2026-02-19T08:09:58+00:00,68665247,bbc_xml_sitemap,https://www.bbc.com/sitemaps/https-sitemap-com-archive-105.xml
BBC,bbc.com,https://www.bbc.com/news/world-middle-east-68445973,2024-03-01T19:15:03Z,2026-02-19T08:09:58+00:00,68445973,bbc_xml_sitemap,https://www.bbc.com/sitemaps/https-sitemap-com-archive-105.xml
BBC,bbc.com,https://www.bbc.com/news/world-middle-east-68167920,2024-02-03T14:45:06Z,2026-02-19T08:09:58+00:00,68167920,bbc_xml_sitemap,https://www.bbc.com/sitemaps/https-sitemap-com-archive-105.xml
BBC,bbc.com,https://www.bbc.com/news/world-middle-east-68511112,2024-03-08T14:55:44Z,2026-02-19T08:09:58+00:00,68511112,bbc_xml_sitemap,https://www.bbc.com/sitemaps/https-sitemap-com-archive-105.xml
BBC,bbc.com,https://www.bbc.com/news/world-middle-east-68668721,2024-03-26T21:16:42Z,2026-02-19T08:09:58+00:00,68668721,bbc_xml_sitemap,https://www.bbc.com/sitemaps/https-sitemap-com-archive-105.xml
BBC,bbc.com,https://www.bbc.com/news/world-middle-east-68509794,2024-03-08T15:05:15Z,2026-02-19T08:09:58+00:00,68509794,bbc_xml_sitemap,https://www.bbc.com/sitemaps/https-sitemap-com-archive-105.xml
BBC,bbc.com,https://www.bbc.com/news/world-middle-east-68450736,2024-03-01T21:19:21Z,2026-02-19T08:09:58+00:00,68450736,bbc_xml_sitemap,https://www.bbc.com/sitemaps/https-sitemap-com-archive-105.xml
BBC,bbc.com,https://www.bbc.com/news/world-middle-east-68514816,2024-03-08T15:31:13Z,2026-02-19T08:09:58+00:00,68514816,bbc_xml_sitemap,https://www.bbc.com/sitemaps/https-sitemap-com-archive-105.xml
BBC,bbc.com,https://www.bbc.com/news/world-middle-east-68446120,2024-03-01T15:28:02Z,2026-02-19T08:09:58+00:00,68446120,bbc_xml_sitemap,https://www.bbc.com/sitemaps/https-sitemap-com-archive-105.xml
BBC,bbc.com,https://www.bbc.com/news/world-middle-east-68667556,2024-03-26T17:55:15Z,2026-02-19T08:09:58+00:00,68667556,bbc_xml_sitemap,https://www.bbc.com/sitemaps/https-sitemap-com-archive-105.xml
BBC,bbc.com,https://www.bbc.com/news/world-middle-east-68514467,2024-03-08T19:56:55Z,2026-02-19T08:09:58+00:00,68514467,bbc_xml_sitemap,https://www.bbc.com/sitemaps/https-sitemap-com-archive-105.xml
BBC,bbc.com,https://www.bbc.com/news/world-middle-east-68261286,2024-02-10T11:34:33Z,2026-02-19T08:09:58+00:00,68261286,bbc_xml_sitemap,https://www.bbc.com/sitemaps/https-sitemap-com-archive-105.xml
BBC,bbc.com,https://www.bbc.com/news/world-middle-east-68264363,2024-02-10T18:56:41Z,2026-02-19T08:09:58+00:00,68264363,bbc_xml_sitemap,https://www.bbc.com/sitemaps/https-sitemap-com-archive-105.xml
BBC,bbc.com,https://www.bbc.com/news/world-middle-east-68445974,2024-03-02T00:38:15Z,2026-02-19T08:09:58+00:00,68445974,bbc_xml_sitemap,https://www.bbc.com/sitemaps/https-sitemap-com-archive-105.xml
BBC,bbc.com,https://www.bbc.com/news/world-middle-east-68514581,2024-03-08T17:22:38Z,2026-02-19T08:09:58+00:00,68514581,bbc_xml_sitemap,https://www.bbc.com/sitemaps/https-sitemap-com-archive-105.xml
BBC,bbc.com,https://www.bbc.com/news/world-middle-east-68194714,2024-02-03T17:41:10Z,2026-02-19T08:09:58+00:00,68194714,bbc_xml_sitemap,https://www.bbc.com/sitemaps/https-sitemap-com-archive-105.xml
BBC,bbc.com,https://www.bbc.com/news/world-middle-east-68591487,2024-03-17T19:26:54Z,2026-02-19T08:09:58+00:00,68591487,bbc_xml_sitemap,https://www.bbc.com/sitemaps/https-sitemap-com-archive-105.xml
BBC,bbc.com,https://www.bbc.com/news/world-middle-east-68380776,2024-02-24T10:45:56Z,2026-02-19T08:09:58+00:00,68380776,bbc_xml_sitemap,https://www.bbc.com/sitemaps/https-sitemap-com-archive-105.xml
BBC,bbc.com,https://www.bbc.com/news/world-middle-east-68512319,2024-03-08T23:27:36Z,2026-02-19T08:09:58+00:00,68512319,bbc_xml_sitemap,https://www.bbc.com/sitemaps/https-sitemap-com-archive-105.xml
BBC,bbc.com,https://www.bbc.com/news/world-middle-east-68454348,2024-03-02T10:29:44Z,2026-02-19T08:09:58+00:00,68454348,bbc_xml_sitemap,https://www.bbc.com/sitemaps/https-sitemap-com-archive-105.xml
BBC,bbc.com,https://www.bbc.com/news/world-middle-east-68266335,2024-02-11T16:17:26Z,2026-02-19T08:09:58+00:00,68266335,bbc_xml_sitemap,https://www.bbc.com/sitemaps/https-sitemap-com-archive-105.xml
BBC,bbc.com,https://www.bbc.com/news/world-middle-east-68326788,2024-02-17T22:18:29Z,2026-02-19T08:09:58+00:00,68326788,bbc_xml_sitemap,https://www.bbc.com/sitemaps/https-sitemap-com-archive-105.xml
BBC,bbc.com,https://www.bbc.com/news/world-middle-east-68594153,2024-03-18T16:00:50Z,2026-02-19T08:09:58+00:00,68594153,bbc_xml_sitemap,https://www.bbc.com/sitemaps/https-sitemap-com-archive-105.xml
BBC,bbc.com,https://www.bbc.com/news/world-middle-east-68518918,2024-03-09T16:04:44Z,2026-02-19T08:09:58+00:00,68518918,bbc_xml_sitemap,https://www.bbc.com/sitemaps/https-sitemap-com-archive-105.xml
BBC,bbc.com,https://www.bbc.com/news/world-middle-east-68255843,2024-02-11T20:22:07Z,2026-02-19T08:09:58+00:00,68255843,bbc_xml_sitemap,https://www.bbc.com/sitemaps/https-sitemap-com-archive-105.xml
BBC,bbc.com,https://www.bbc.com/news/world-middle-east-68305581,2024-02-18T02:08:13Z,2026-02-19T08:09:58+00:00,68305581,bbc_xml_sitemap,https://www.bbc.com/sitemaps/https-sitemap-com-archive-105.xml
BBC,bbc.com,https://www.bbc.com/news/world-middle-east-68675608,2024-03-27T19:10:50Z,2026-02-19T08:09:58+00:00,68675608,bbc_xml_sitemap,https://www.bbc.com/sitemaps/https-sitemap-com-archive-105.xml
BBC,bbc.com,https://www.bbc.com/news/world-middle-east-68456715,2024-03-02T17:30:01Z,2026-02-19T08:09:58+00:00,68456715,bbc_xml_sitemap,https://www.bbc.com/sitemaps/https-sitemap-com-archive-105.xml
BBC,bbc.com,https://www.bbc.com/news/world-middle-east-68673960,2024-03-27T13:43:20Z,2026-02-19T08:09:58+00:00,68673960,bbc_xml_sitemap,https://www.bbc.com/sitemaps/https-sitemap-com-archive-105.xml
BBC,bbc.com,https://www.bbc.com/news/world-middle-east-68456718,2024-03-02T15:23:30Z,2026-02-19T08:09:58+00:00,68456718,bbc_xml_sitemap,https://www.bbc.com/sitemaps/https-sitemap-com-archive-105.xml
BBC,bbc.com,https://www.bbc.com/news/world-middle-east-68457937,2024-03-03T07:41:24Z,2026-02-19T08:09:58+00:00,68457937,bbc_xml_sitemap,https://www.bbc.com/sitemaps/https-sitemap-com-archive-105.xml
BBC,bbc.com,https://www.bbc.com/news/world-middle-east-68395290,2024-02-24T22:46:00Z,2026-02-19T08:09:58+00:00,68395290,bbc_xml_sitemap,https://www.bbc.com/sitemaps/https-sitemap-com-archive-105.xml
BBC,bbc.com,https://www.bbc.com/news/world-middle-east-68457445,2024-03-02T22:05:53Z,2026-02-19T08:09:58+00:00,68457445,bbc_xml_sitemap,https://www.bbc.com/sitemaps/https-sitemap-com-archive-105.xml
BBC,bbc.com,https://www.bbc.com/news/world-middle-east-68458902,2024-03-02T17:27:20Z,2026-02-19T08:09:58+00:00,68458902,bbc_xml_sitemap,https://www.bbc.com/sitemaps/https-sitemap-com-archive-105.xml
BBC,bbc.com,https://www.bbc.com/news/world-middle-east-68395173,2024-02-24T23:36:32Z,2026-02-19T08:09:58+00:00,68395173,bbc_xml_sitemap,https://www.bbc.com/sitemaps/https-sitemap-com-archive-105.xml
BBC,bbc.com,https://www.bbc.com/news/world-middle-east-68331273,2024-02-18T12:12:44Z,2026-02-19T08:09:58+00:00,68331273,bbc_xml_sitemap,https://www.bbc.com/sitemaps/https-sitemap-com-archive-105.xml
BBC,bbc.com,https://www.bbc.com/news/world-middle-east-68330579,2024-02-18T20:19:44Z,2026-02-19T08:09:58+00:00,68330579,bbc_xml_sitemap,https://www.bbc.com/sitemaps/https-sitemap-com-archive-105.xml
BBC,bbc.com,https://www.bbc.com/news/world-middle-east-68331272,2024-02-18T11:38:41Z,2026-02-19T08:09:58+00:00,68331272,bbc_xml_sitemap,https://www.bbc.com/sitemaps/https-sitemap-com-archive-105.xml
BBC,bbc.com,https://www.bbc.com/news/world-middle-east-68577026,2024-03-18T17:13:50Z,2026-02-19T08:09:58+00:00,68577026,bbc_xml_sitemap,https://www.bbc.com/sitemaps/https-sitemap-com-archive-105.xml
BBC,bbc.com,https://www.bbc.com/news/world-middle-east-68595451,2024-03-18T17:11:38Z,2026-02-19T08:09:58+00:00,68595451,bbc_xml_sitemap,https://www.bbc.com/sitemaps/https-sitemap-com-archive-105.xml
BBC,bbc.com,https://www.bbc.com/news/world-middle-east-68602337,2024-03-18T19:02:44Z,2026-02-19T08:09:58+00:00,68602337,bbc_xml_sitemap,https://www.bbc.com/sitemaps/https-sitemap-com-archive-105.xml
BBC,bbc.com,https://www.bbc.com/news/world-middle-east-68679482,2024-03-28T07:35:53Z,2026-02-19T08:09:58+00:00,68679482,bbc_xml_sitemap,https://www.bbc.com/sitemaps/https-sitemap-com-archive-105.xml
BBC,bbc.com,https://www.bbc.com/news/world-middle-east-68269957,2024-02-12T02:06:24Z,2026-02-19T08:09:58+00:00,68269957,bbc_xml_sitemap,https://www.bbc.com/sitemaps/https-sitemap-com-archive-105.xml
BBC,bbc.com,https://www.bbc.com/news/world-middle-east-68330475,2024-02-18T17:02:14Z,2026-02-19T08:09:58+00:00,68330475,bbc_xml_sitemap,https://www.bbc.com/sitemaps/https-sitemap-com-archive-105.xml
BBC,bbc.com,https://www.bbc.com/news/world-middle-east-68578735,2024-03-19T06:43:34Z,2026-02-19T08:09:58+00:00,68578735,bbc_xml_sitemap,https://www.bbc.com/sitemaps/https-sitemap-com-archive-105.xml
BBC,bbc.com,https://www.bbc.com/news/world-middle-east-68331988,2024-02-18T17:02:01Z,2026-02-19T08:09:58+00:00,68331988,bbc_xml_sitemap,https://www.bbc.com/sitemaps/https-sitemap-com-archive-105.xml
BBC,bbc.com,https://www.bbc.com/news/world-middle-east-68524596,2024-03-09T21:13:06Z,2026-02-19T08:09:58+00:00,68524596,bbc_xml_sitemap,https://www.bbc.com/sitemaps/https-sitemap-com-archive-105.xml
BBC,bbc.com,https://www.bbc.com/news/world-middle-east-68271246,2024-02-12T02:06:41Z,2026-02-19T08:09:58+00:00,68271246,bbc_xml_sitemap,https://www.bbc.com/sitemaps/https-sitemap-com-archive-105.xml
BBC,bbc.com,https://www.bbc.com/news/world-middle-east-68227200,2024-02-12T02:24:48Z,2026-02-19T08:09:58+00:00,68227200,bbc_xml_sitemap,https://www.bbc.com/sitemaps/https-sitemap-com-archive-105.xml
BBC,bbc.com,https://www.bbc.com/news/world-middle-east-68418012,2024-03-02T04:39:54Z,2026-02-19T08:09:58+00:00,68418012,bbc_xml_sitemap,https://www.bbc.com/sitemaps/https-sitemap-com-archive-105.xml
BBC,bbc.com,https://www.bbc.com/news/world-middle-east-68526215,2024-03-09T23:01:48Z,2026-02-19T08:09:58+00:00,68526215,bbc_xml_sitemap,https://www.bbc.com/sitemaps/https-sitemap-com-archive-105.xml
BBC,bbc.com,https://www.bbc.com/news/world-middle-east-68271340,2024-02-12T11:50:24Z,2026-02-19T08:09:58+00:00,68271340,bbc_xml_sitemap,https://www.bbc.com/sitemaps/https-sitemap-com-archive-105.xml
BBC,bbc.com,https://www.bbc.com/news/world-middle-east-68509797,2024-03-10T15:01:38Z,2026-02-19T08:09:58+00:00,68509797,bbc_xml_sitemap,https://www.bbc.com/sitemaps/https-sitemap-com-archive-105.xml
BBC,bbc.com,https://www.bbc.com/news/world-middle-east-68514821,2024-03-10T00:45:23Z,2026-02-19T08:09:58+00:00,68514821,bbc_xml_sitemap,https://www.bbc.com/sitemaps/https-sitemap-com-archive-105.xml
BBC,bbc.com,https://www.bbc.com/news/world-middle-east-68396335,2024-02-25T14:55:11Z,2026-02-19T08:09:58+00:00,68396335,bbc_xml_sitemap,https://www.bbc.com/sitemaps/https-sitemap-com-archive-105.xml
BBC,bbc.com,https://www.bbc.com/news/world-middle-east-68334510,2024-02-19T00:50:48Z,2026-02-19T08:09:58+00:00,68334510,bbc_xml_sitemap,https://www.bbc.com/sitemaps/https-sitemap-com-archive-105.xml
BBC,bbc.com,https://www.bbc.com/news/world-middle-east-68272136,2024-02-12T06:57:22Z,2026-02-19T08:09:58+00:00,68272136,bbc_xml_sitemap,https://www.bbc.com/sitemaps/https-sitemap-com-archive-105.xml
BBC,bbc.com,https://www.bbc.com/news/world-middle-east-68602338,2024-03-19T06:45:05Z,2026-02-19T08:09:58+00:00,68602338,bbc_xml_sitemap,https://www.bbc.com/sitemaps/https-sitemap-com-archive-105.xml
BBC,bbc.com,https://www.bbc.com/news/world-middle-east-68461543,2024-03-03T20:44:58Z,2026-02-19T08:09:58+00:00,68461543,bbc_xml_sitemap,https://www.bbc.com/sitemaps/https-sitemap-com-archive-105.xml
BBC,bbc.com,https://www.bbc.com/news/world-middle-east-68605401,2024-03-19T17:40:11Z,2026-02-19T08:09:58+00:00,68605401,bbc_xml_sitemap,https://www.bbc.com/sitemaps/https-sitemap-com-archive-105.xml
BBC,bbc.com,https://www.bbc.com/news/world-middle-east-68691095,2024-03-29T08:44:29Z,2026-02-19T08:09:58+00:00,68691095,bbc_xml_sitemap,https://www.bbc.com/sitemaps/https-sitemap-com-archive-105.xml
BBC,bbc.com,https://www.bbc.com/news/world-middle-east-68398476,2024-02-26T00:32:43Z,2026-02-19T08:09:58+00:00,68398476,bbc_xml_sitemap,https://www.bbc.com/sitemaps/https-sitemap-com-archive-105.xml
BBC,bbc.com,https://www.bbc.com/news/world-middle-east-68399626,2024-02-26T01:11:31Z,2026-02-19T08:09:58+00:00,68399626,bbc_xml_sitemap,https://www.bbc.com/sitemaps/https-sitemap-com-archive-105.xml
BBC,bbc.com,https://www.bbc.com/news/world-middle-east-68486306,2024-03-19T23:04:17Z,2026-02-19T08:09:58+00:00,68486306,bbc_xml_sitemap,https://www.bbc.com/sitemaps/https-sitemap-com-archive-105.xml
BBC,bbc.com,https://www.bbc.com/news/world-middle-east-68337027,2024-02-20T18:51:45Z,2026-02-19T08:09:58+00:00,68337027,bbc_xml_sitemap,https://www.bbc.com/sitemaps/https-sitemap-com-archive-105.xml
BBC,bbc.com,https://www.bbc.com/news/world-middle-east-68464207,2024-03-03T23:26:58Z,2026-02-19T08:09:58+00:00,68464207,bbc_xml_sitemap,https://www.bbc.com/sitemaps/https-sitemap-com-archive-105.xml
BBC,bbc.com,https://www.bbc.com/news/world-middle-east-68274112,2024-02-12T12:41:47Z,2026-02-19T08:09:58+00:00,68274112,bbc_xml_sitemap,https://www.bbc.com/sitemaps/https-sitemap-com-archive-105.xml
BBC,bbc.com,https://www.bbc.com/news/world-middle-east-68691102,2024-03-29T12:17:45Z,2026-02-19T08:09:58+00:00,68691102,bbc_xml_sitemap,https://www.bbc.com/sitemaps/https-sitemap-com-archive-105.xml
BBC,bbc.com,https://www.bbc.com/news/world-middle-east-68341694,2024-02-19T17:12:00Z,2026-02-19T08:09:58+00:00,68341694,bbc_xml_sitemap,https://www.bbc.com/sitemaps/https-sitemap-com-archive-105.xml
BBC,bbc.com,https://www.bbc.com/news/world-middle-east-68277124,2024-02-12T17:15:41Z,2026-02-19T08:09:58+00:00,68277124,bbc_xml_sitemap,https://www.bbc.com/sitemaps/https-sitemap-com-archive-105.xml
BBC,bbc.com,https://www.bbc.com/news/world-middle-east-68318856,2024-02-19T17:04:09Z,2026-02-19T08:09:58+00:00,68318856,bbc_xml_sitemap,https://www.bbc.com/sitemaps/https-sitemap-com-archive-105.xml
BBC,bbc.com,https://www.bbc.com/news/world-middle-east-68276452,2024-02-12T17:50:01Z,2026-02-19T08:09:58+00:00,68276452,bbc_xml_sitemap,https://www.bbc.com/sitemaps/https-sitemap-com-archive-105.xml
BBC,bbc.com,https://www.bbc.com/news/world-middle-east-68180642,2024-02-05T17:07:31Z,2026-02-19T08:09:58+00:00,68180642,bbc_xml_sitemap,https://www.bbc.com/sitemaps/https-sitemap-com-archive-105.xml
BBC,bbc.com,https://www.bbc.com/news/world-middle-east-68210344,2024-02-05T17:39:33Z,2026-02-19T08:09:58+00:00,68210344,bbc_xml_sitemap,https://www.bbc.com/sitemaps/https-sitemap-com-archive-105.xml
BBC,bbc.com,https://www.bbc.com/news/world-middle-east-68274757,2024-02-12T17:58:09Z,2026-02-19T08:09:58+00:00,68274757,bbc_xml_sitemap,https://www.bbc.com/sitemaps/https-sitemap-com-archive-105.xml
BBC,bbc.com,https://www.bbc.com/news/world-middle-east-68342759,2024-02-19T17:27:54Z,2026-02-19T08:09:58+00:00,68342759,bbc_xml_sitemap,https://www.bbc.com/sitemaps/https-sitemap-com-archive-105.xml
BBC,bbc.com,https://www.bbc.com/news/world-middle-east-68209007,2024-02-05T18:39:09Z,2026-02-19T08:09:58+00:00,68209007,bbc_xml_sitemap,https://www.bbc.com/sitemaps/https-sitemap-com-archive-105.xml
BBC,bbc.com,https://www.bbc.com/news/world-middle-east-68276216,2024-02-12T21:50:39Z,2026-02-19T08:09:58+00:00,68276216,bbc_xml_sitemap,https://www.bbc.com/sitemaps/https-sitemap-com-archive-105.xml
BBC,bbc.com,https://www.bbc.com/news/world-middle-east-68280754,2024-02-12T23:51:56Z,2026-02-19T08:09:58+00:00,68280754,bbc_xml_sitemap,https://www.bbc.com/sitemaps/https-sitemap-com-archive-105.xml
BBC,bbc.com,https://www.bbc.com/news/world-middle-east-68280216,2024-02-13T01:04:01Z,2026-02-19T08:09:58+00:00,68280216,bbc_xml_sitemap,https://www.bbc.com/sitemaps/https-sitemap-com-archive-105.xml
BBC,bbc.com,https://www.bbc.com/news/world-middle-east-68531231,2024-03-11T13:41:57Z,2026-02-19T08:09:58+00:00,68531231,bbc_xml_sitemap,https://www.bbc.com/sitemaps/https-sitemap-com-archive-105.xml
BBC,bbc.com,https://www.bbc.com/news/world-middle-east-68338551,2024-02-20T06:01:09Z,2026-02-19T08:09:58+00:00,68338551,bbc_xml_sitemap,https://www.bbc.com/sitemaps/https-sitemap-com-archive-105.xml
BBC,bbc.com,https://www.bbc.com/news/world-middle-east-68345117,2024-02-20T03:28:40Z,2026-02-19T08:09:58+00:00,68345117,bbc_xml_sitemap,https://www.bbc.com/sitemaps/https-sitemap-com-archive-105.xml
BBC,bbc.com,https://www.bbc.com/news/world-middle-east-68281213,2024-02-13T12:05:54Z,2026-02-19T08:09:58+00:00,68281213,bbc_xml_sitemap,https://www.bbc.com/sitemaps/https-sitemap-com-archive-105.xml
BBC,bbc.com,https://www.bbc.com/news/world-middle-east-68614549,2024-03-20T17:32:34Z,2026-02-19T08:09:58+00:00,68614549,bbc_xml_sitemap,https://www.bbc.com/sitemaps/https-sitemap-com-archive-105.xml
BBC,bbc.com,https://www.bbc.com/news/world-middle-east-68469699,2024-03-04T13:46:21Z,2026-02-19T08:09:58+00:00,68469699,bbc_xml_sitemap,https://www.bbc.com/sitemaps/https-sitemap-com-archive-105.xml
BBC,bbc.com,https://www.bbc.com/news/world-middle-east-68282603,2024-02-13T09:04:17Z,2026-02-19T08:09:58+00:00,68282603,bbc_xml_sitemap,https://www.bbc.com/sitemaps/https-sitemap-com-archive-105.xml
BBC,bbc.com,https://www.bbc.com/news/world-middle-east-68533649,2024-03-11T11:55:53Z,2026-02-19T08:09:58+00:00,68533649,bbc_xml_sitemap,https://www.bbc.com/sitemaps/https-sitemap-com-archive-105.xml
BBC,bbc.com,https://www.bbc.com/news/world-middle-east-68406546,2024-02-26T18:47:12Z,2026-02-19T08:09:58+00:00,68406546,bbc_xml_sitemap,https://www.bbc.com/sitemaps/https-sitemap-com-archive-105.xml
BBC,bbc.com,https://www.bbc.com/news/world-middle-east-68467595,2024-03-04T18:24:48Z,2026-02-19T08:09:58+00:00,68467595,bbc_xml_sitemap,https://www.bbc.com/sitemaps/https-sitemap-com-archive-105.xml
BBC,bbc.com,https://www.bbc.com/news/world-middle-east-68284819,2024-02-13T14:56:43Z,2026-02-19T08:09:58+00:00,68284819,bbc_xml_sitemap,https://www.bbc.com/sitemaps/https-sitemap-com-archive-105.xml
BBC,bbc.com,https://www.bbc.com/news/world-middle-east-68218901,2024-02-06T14:38:40Z,2026-02-19T08:09:58+00:00,68218901,bbc_xml_sitemap,https://www.bbc.com/sitemaps/https-sitemap-com-archive-105.xml
BBC,bbc.com,https://www.bbc.com/news/world-middle-east-68285677,2024-02-13T13:47:57Z,2026-02-19T08:09:58+00:00,68285677,bbc_xml_sitemap,https://www.bbc.com/sitemaps/https-sitemap-com-archive-105.xml
BBC,bbc.com,https://www.bbc.com/news/world-middle-east-68410226,2024-02-27T19:20:02Z,2026-02-19T08:09:58+00:00,68410226,bbc_xml_sitemap,https://www.bbc.com/sitemaps/https-sitemap-com-archive-105.xml
BBC,bbc.com,https://www.bbc.com/news/world-middle-east-68410504,2024-02-27T03:07:21Z,2026-02-19T08:09:58+00:00,68410504,bbc_xml_sitemap,https://www.bbc.com/sitemaps/https-sitemap-com-archive-105.xml
BBC,bbc.com,https://www.bbc.com/news/world-middle-east-68400463,2024-02-26T21:01:00Z,2026-02-19T08:09:58+00:00,68400463,bbc_xml_sitemap,https://www.bbc.com/sitemaps/https-sitemap-com-archive-105.xml
BBC,bbc.com,https://www.bbc.com/news/world-middle-east-68401909,2024-02-26T21:24:03Z,2026-02-19T08:09:58+00:00,68401909,bbc_xml_sitemap,https://www.bbc.com/sitemaps/https-sitemap-com-archive-105.xml
BBC,bbc.com,https://www.bbc.com/news/world-middle-east-68474899,2024-03-05T13:38:58Z,2026-02-19T08:09:58+00:00,68474899,bbc_xml_sitemap,https://www.bbc.com/sitemaps/https-sitemap-com-archive-105.xml
BBC,bbc.com,https://www.bbc.com/news/world-middle-east-68471572,2024-03-05T03:31:04Z,2026-02-19T08:09:58+00:00,68471572,bbc_xml_sitemap,https://www.bbc.com/sitemaps/https-sitemap-com-archive-105.xml
BBC,bbc.com,https://www.bbc.com/news/world-middle-east-68349031,2024-02-20T19:16:03Z,2026-02-19T08:09:58+00:00,68349031,bbc_xml_sitemap,https://www.bbc.com/sitemaps/https-sitemap-com-archive-105.xml
BBC,bbc.com,https://www.bbc.com/news/world-middle-east-68614552,2024-03-21T15:37:21Z,2026-02-19T08:09:58+00:00,68614552,bbc_xml_sitemap,https://www.bbc.com/sitemaps/https-sitemap-com-archive-105.xml
BBC,bbc.com,https://www.bbc.com/news/world-middle-east-68289580,2024-02-13T19:32:31Z,2026-02-19T08:09:58+00:00,68289580,bbc_xml_sitemap,https://www.bbc.com/sitemaps/https-sitemap-com-archive-105.xml
BBC,bbc.com,https://www.bbc.com/news/world-middle-east-68348021,2024-02-21T07:44:00Z,2026-02-19T08:09:58+00:00,68348021,bbc_xml_sitemap,https://www.bbc.com/sitemaps/https-sitemap-com-archive-105.xml
BBC,bbc.com,https://www.bbc.com/news/world-middle-east-68539703,2024-03-12T05:55:29Z,2026-02-19T08:09:58+00:00,68539703,bbc_xml_sitemap,https://www.bbc.com/sitemaps/https-sitemap-com-archive-105.xml
BBC,bbc.com,https://www.bbc.com/news/world-middle-east-68223494,2024-02-06T21:41:35Z,2026-02-19T08:09:58+00:00,68223494,bbc_xml_sitemap,https://www.bbc.com/sitemaps/https-sitemap-com-archive-105.xml
BBC,bbc.com,https://www.bbc.com/news/world-middle-east-68513408,2024-03-12T06:00:11Z,2026-02-19T08:09:58+00:00,68513408,bbc_xml_sitemap,https://www.bbc.com/sitemaps/https-sitemap-com-archive-105.xml
BBC,bbc.com,https://www.bbc.com/news/world-middle-east-68539702,2024-03-12T05:55:02Z,2026-02-19T08:09:58+00:00,68539702,bbc_xml_sitemap,https://www.bbc.com/sitemaps/https-sitemap-com-archive-105.xml
BBC,bbc.com,https://www.bbc.com/news/world-middle-east-68471121,2024-03-05T06:19:17Z,2026-02-19T08:09:58+00:00,68471121,bbc_xml_sitemap,https://www.bbc.com/sitemaps/https-sitemap-com-archive-105.xml
BBC,bbc.com,https://www.bbc.com/news/world-middle-east-68346047,2024-02-20T15:22:27Z,2026-02-19T08:09:58+00:00,68346047,bbc_xml_sitemap,https://www.bbc.com/sitemaps/https-sitemap-com-archive-105.xml
BBC,bbc.com,https://www.bbc.com/news/world-middle-east-68541981,2024-03-12T18:04:30Z,2026-02-19T08:09:58+00:00,68541981,bbc_xml_sitemap,https://www.bbc.com/sitemaps/https-sitemap-com-archive-105.xml
BBC,bbc.com,https://www.bbc.com/news/world-middle-east-68224415,2024-02-07T00:28:55Z,2026-02-19T08:09:58+00:00,68224415,bbc_xml_sitemap,https://www.bbc.com/sitemaps/https-sitemap-com-archive-105.xml
BBC,bbc.com,https://www.bbc.com/news/world-middle-east-68287513,2024-02-14T05:39:39Z,2026-02-19T08:09:58+00:00,68287513,bbc_xml_sitemap,https://www.bbc.com/sitemaps/https-sitemap-com-archive-105.xml
BBC,bbc.com,https://www.bbc.com/news/world-middle-east-68541353,2024-03-12T04:25:47Z,2026-02-19T08:09:58+00:00,68541353,bbc_xml_sitemap,https://www.bbc.com/sitemaps/https-sitemap-com-archive-105.xml
BBC,bbc.com,https://www.bbc.com/news/world-middle-east-68542364,2024-03-12T08:02:14Z,2026-02-19T08:09:58+00:00,68542364,bbc_xml_sitemap,https://www.bbc.com/sitemaps/https-sitemap-com-archive-105.xml
BBC,bbc.com,https://www.bbc.com/news/world-middle-east-68629540,2024-03-21T16:50:05Z,2026-02-19T08:09:58+00:00,68629540,bbc_xml_sitemap,https://www.bbc.com/sitemaps/https-sitemap-com-archive-105.xml
BBC,bbc.com,https://www.bbc.com/news/world-middle-east-68355436,2024-02-21T11:01:03Z,2026-02-19T08:09:58+00:00,68355436,bbc_xml_sitemap,https://www.bbc.com/sitemaps/https-sitemap-com-archive-105.xml
BBC,bbc.com,https://www.bbc.com/news/world-middle-east-68399627,2024-02-27T14:24:46Z,2026-02-19T08:09:58+00:00,68399627,bbc_xml_sitemap,https://www.bbc.com/sitemaps/https-sitemap-com-archive-105.xml
BBC,bbc.com,https://www.bbc.com/news/world-middle-east-68345120,2024-02-21T03:29:41Z,2026-02-19T08:09:58+00:00,68345120,bbc_xml_sitemap,https://www.bbc.com/sitemaps/https-sitemap-com-archive-105.xml
BBC,bbc.com,https://www.bbc.com/news/world-middle-east-68480284,2024-03-05T18:39:41Z,2026-02-19T08:09:58+00:00,68480284,bbc_xml_sitemap,https://www.bbc.com/sitemaps/https-sitemap-com-archive-105.xml
BBC,bbc.com,https://www.bbc.com/news/world-middle-east-68289581,2024-02-14T07:07:50Z,2026-02-19T08:09:58+00:00,68289581,bbc_xml_sitemap,https://www.bbc.com/sitemaps/https-sitemap-com-archive-105.xml
BBC,bbc.com,https://www.bbc.com/news/world-middle-east-68550937,2024-03-13T07:30:02Z,2026-02-19T08:09:58+00:00,68550937,bbc_xml_sitemap,https://www.bbc.com/sitemaps/https-sitemap-com-archive-105.xml
BBC,bbc.com,https://www.bbc.com/news/world-middle-east-68419581,2024-02-27T21:01:02Z,2026-02-19T08:09:58+00:00,68419581,bbc_xml_sitemap,https://www.bbc.com/sitemaps/https-sitemap-com-archive-105.xml
BBC,bbc.com,https://www.bbc.com/news/world-middle-east-68616964,2024-03-22T06:03:34Z,2026-02-19T08:09:58+00:00,68616964,bbc_xml_sitemap,https://www.bbc.com/sitemaps/https-sitemap-com-archive-105.xml
BBC,bbc.com,https://www.bbc.com/news/world-middle-east-68225663,2024-02-07T15:39:53Z,2026-02-19T08:09:58+00:00,68225663,bbc_xml_sitemap,https://www.bbc.com/sitemaps/https-sitemap-com-archive-105.xml
BBC,bbc.com,https://www.bbc.com/news/world-middle-east-68625406,2024-03-22T06:04:43Z,2026-02-19T08:09:58+00:00,68625406,bbc_xml_sitemap,https://www.bbc.com/sitemaps/https-sitemap-com-archive-105.xml
BBC,bbc.com,https://www.bbc.com/news/world-middle-east-68478828,2024-03-05T14:01:13Z,2026-02-19T08:09:58+00:00,68478828,bbc_xml_sitemap,https://www.bbc.com/sitemaps/https-sitemap-com-archive-105.xml
BBC,bbc.com,https://www.bbc.com/news/world-middle-east-68402016,2024-02-28T00:20:53Z,2026-02-19T08:09:58+00:00,68402016,bbc_xml_sitemap,https://www.bbc.com/sitemaps/https-sitemap-com-archive-105.xml
BBC,bbc.com,https://www.bbc.com/news/world-middle-east-68292471,2024-02-14T22:52:21Z,2026-02-19T08:09:58+00:00,68292471,bbc_xml_sitemap,https://www.bbc.com/sitemaps/https-sitemap-com-archive-105.xml
BBC,bbc.com,https://www.bbc.com/news/world-middle-east-68356933,2024-02-21T14:35:19Z,2026-02-19T08:09:58+00:00,68356933,bbc_xml_sitemap,https://www.bbc.com/sitemaps/https-sitemap-com-archive-105.xml
BBC,bbc.com,https://www.bbc.com/news/world-middle-east-68486248,2024-03-05T22:48:37Z,2026-02-19T08:09:58+00:00,68486248,bbc_xml_sitemap,https://www.bbc.com/sitemaps/https-sitemap-com-archive-105.xml
BBC,bbc.com,https://www.bbc.com/news/world-middle-east-68358053,2024-02-21T13:14:56Z,2026-02-19T08:09:58+00:00,68358053,bbc_xml_sitemap,https://www.bbc.com/sitemaps/https-sitemap-com-archive-105.xml
BBC,bbc.com,https://www.bbc.com/news/world-middle-east-68552311,2024-03-13T12:28:45Z,2026-02-19T08:09:58+00:00,68552311,bbc_xml_sitemap,https://www.bbc.com/sitemaps/https-sitemap-com-archive-105.xml
BBC,bbc.com,https://www.bbc.com/news/world-middle-east-68359454,2024-02-21T11:49:16Z,2026-02-19T08:09:58+00:00,68359454,bbc_xml_sitemap,https://www.bbc.com/sitemaps/https-sitemap-com-archive-105.xml
BBC,bbc.com,https://www.bbc.com/news/world-middle-east-68231945,2024-02-07T18:02:09Z,2026-02-19T08:09:58+00:00,68231945,bbc_xml_sitemap,https://www.bbc.com/sitemaps/https-sitemap-com-archive-105.xml
BBC,bbc.com,https://www.bbc.com/news/world-middle-east-68232883,2024-02-07T22:30:41Z,2026-02-19T08:09:58+00:00,68232883,bbc_xml_sitemap,https://www.bbc.com/sitemaps/https-sitemap-com-archive-105.xml
BBC,bbc.com,https://www.bbc.com/news/world-middle-east-68627272,2024-03-22T17:20:18Z,2026-02-19T08:09:58+00:00,68627272,bbc_xml_sitemap,https://www.bbc.com/sitemaps/https-sitemap-com-archive-105.xml
BBC,bbc.com,https://www.bbc.com/news/world-middle-east-68554145,2024-03-13T11:23:56Z,2026-02-19T08:09:58+00:00,68554145,bbc_xml_sitemap,https://www.bbc.com/sitemaps/https-sitemap-com-archive-105.xml
BBC,bbc.com,https://www.bbc.com/news/world-middle-east-68293874,2024-02-14T19:04:43Z,2026-02-19T08:09:58+00:00,68293874,bbc_xml_sitemap,https://www.bbc.com/sitemaps/https-sitemap-com-archive-105.xml
BBC,bbc.com,https://www.bbc.com/news/world-middle-east-68476386,2024-03-06T03:20:16Z,2026-02-19T08:09:58+00:00,68476386,bbc_xml_sitemap,https://www.bbc.com/sitemaps/https-sitemap-com-archive-105.xml
BBC,bbc.com,https://www.bbc.com/news/world-middle-east-68212249,2024-02-07T22:45:31Z,2026-02-19T08:09:58+00:00,68212249,bbc_xml_sitemap,https://www.bbc.com/sitemaps/https-sitemap-com-archive-105.xml
BBC,bbc.com,https://www.bbc.com/news/world-middle-east-68557035,2024-03-13T20:27:42Z,2026-02-19T08:09:58+00:00,68557035,bbc_xml_sitemap,https://www.bbc.com/sitemaps/https-sitemap-com-archive-105.xml
BBC,bbc.com,https://www.bbc.com/news/world-middle-east-68235311,2024-02-08T03:47:24Z,2026-02-19T08:09:58+00:00,68235311,bbc_xml_sitemap,https://www.bbc.com/sitemaps/https-sitemap-com-archive-105.xml
BBC,bbc.com,https://www.bbc.com/news/world-middle-east-68557147,2024-03-13T15:51:40Z,2026-02-19T08:09:58+00:00,68557147,bbc_xml_sitemap,https://www.bbc.com/sitemaps/https-sitemap-com-archive-105.xml
BBC,bbc.com,https://www.bbc.com/news/world-middle-east-68553433,2024-03-13T12:10:10Z,2026-02-19T08:09:58+00:00,68553433,bbc_xml_sitemap,https://www.bbc.com/sitemaps/https-sitemap-com-archive-105.xml
BBC,bbc.com,https://www.bbc.com/news/world-middle-east-68557915,2024-03-13T17:29:46Z,2026-02-19T08:09:58+00:00,68557915,bbc_xml_sitemap,https://www.bbc.com/sitemaps/https-sitemap-com-archive-105.xml
BBC,bbc.com,https://www.bbc.com/news/world-middle-east-68363263,2024-02-21T16:30:45Z,2026-02-19T08:09:58+00:00,68363263,bbc_xml_sitemap,https://www.bbc.com/sitemaps/https-sitemap-com-archive-105.xml
BBC,bbc.com,https://www.bbc.com/news/world-middle-east-68355125,2024-02-21T17:01:19Z,2026-02-19T08:09:58+00:00,68355125,bbc_xml_sitemap,https://www.bbc.com/sitemaps/https-sitemap-com-archive-105.xml
BBC,bbc.com,https://www.bbc.com/news/world-middle-east-68231543,2024-02-08T00:00:08Z,2026-02-19T08:09:58+00:00,68231543,bbc_xml_sitemap,https://www.bbc.com/sitemaps/https-sitemap-com-archive-105.xml
BBC,bbc.com,https://www.bbc.com/news/world-middle-east-68363692,2024-02-21T17:46:13Z,2026-02-19T08:09:58+00:00,68363692,bbc_xml_sitemap,https://www.bbc.com/sitemaps/https-sitemap-com-archive-105.xml
BBC,bbc.com,https://www.bbc.com/news/world-middle-east-68234011,2024-02-07T21:33:05Z,2026-02-19T08:09:58+00:00,68234011,bbc_xml_sitemap,https://www.bbc.com/sitemaps/https-sitemap-com-archive-105.xml
BBC,bbc.com,https://www.bbc.com/news/world-middle-east-68302064,2024-02-15T02:33:06Z,2026-02-19T08:09:58+00:00,68302064,bbc_xml_sitemap,https://www.bbc.com/sitemaps/https-sitemap-com-archive-105.xml
BBC,bbc.com,https://www.bbc.com/news/world-middle-east-68483180,2024-03-06T11:23:53Z,2026-02-19T08:09:58+00:00,68483180,bbc_xml_sitemap,https://www.bbc.com/sitemaps/https-sitemap-com-archive-105.xml
BBC,bbc.com,https://www.bbc.com/news/world-middle-east-68365284,2024-02-21T20:04:04Z,2026-02-19T08:09:58+00:00,68365284,bbc_xml_sitemap,https://www.bbc.com/sitemaps/https-sitemap-com-archive-105.xml
BBC,bbc.com,https://www.bbc.com/news/world-middle-east-68641431,2024-03-23T05:27:02Z,2026-02-19T08:09:58+00:00,68641431,bbc_xml_sitemap,https://www.bbc.com/sitemaps/https-sitemap-com-archive-105.xml
BBC,bbc.com,https://www.bbc.com/news/world-middle-east-68489112,2024-03-06T10:05:06Z,2026-02-19T08:09:58+00:00,68489112,bbc_xml_sitemap,https://www.bbc.com/sitemaps/https-sitemap-com-archive-105.xml
BBC,bbc.com,https://www.bbc.com/news/world-middle-east-68561634,2024-03-14T03:09:05Z,2026-02-19T08:09:58+00:00,68561634,bbc_xml_sitemap,https://www.bbc.com/sitemaps/https-sitemap-com-archive-105.xml
BBC,bbc.com,https://www.bbc.com/news/world-middle-east-68478831,2024-03-06T10:25:16Z,2026-02-19T08:09:58+00:00,68478831,bbc_xml_sitemap,https://www.bbc.com/sitemaps/https-sitemap-com-archive-105.xml
BBC,bbc.com,https://www.bbc.com/news/world-middle-east-68642467,2024-03-23T03:19:08Z,2026-02-19T08:09:58+00:00,68642467,bbc_xml_sitemap,https://www.bbc.com/sitemaps/https-sitemap-com-archive-105.xml
BBC,bbc.com,https://www.bbc.com/news/world-middle-east-68490034,2024-03-06T13:45:58Z,2026-02-19T08:09:58+00:00,68490034,bbc_xml_sitemap,https://www.bbc.com/sitemaps/https-sitemap-com-archive-105.xml
BBC,bbc.com,https://www.bbc.com/news/world-middle-east-68360902,2024-02-21T22:37:58Z,2026-02-19T08:09:58+00:00,68360902,bbc_xml_sitemap,https://www.bbc.com/sitemaps/https-sitemap-com-archive-105.xml
BBC,bbc.com,https://www.bbc.com/news/world-middle-east-68364478,2024-02-21T22:39:12Z,2026-02-19T08:09:58+00:00,68364478,bbc_xml_sitemap,https://www.bbc.com/sitemaps/https-sitemap-com-archive-105.xml
BBC,bbc.com,https://www.bbc.com/news/world-middle-east-68561139,2024-03-14T16:11:59Z,2026-02-19T08:09:58+00:00,68561139,bbc_xml_sitemap,https://www.bbc.com/sitemaps/https-sitemap-com-archive-105.xml
BBC,bbc.com,https://www.bbc.com/news/world-middle-east-68490695,2024-03-07T10:05:20Z,2026-02-19T08:09:58+00:00,68490695,bbc_xml_sitemap,https://www.bbc.com/sitemaps/https-sitemap-com-archive-105.xml
BBC,bbc.com,https://www.bbc.com/news/world-middle-east-68646159,2024-03-23T18:20:19Z,2026-02-19T08:09:58+00:00,68646159,bbc_xml_sitemap,https://www.bbc.com/sitemaps/https-sitemap-com-archive-105.xml
BBC,bbc.com,https://www.bbc.com/news/world-middle-east-68429768,2024-02-28T22:22:35Z,2026-02-19T08:09:58+00:00,68429768,bbc_xml_sitemap,https://www.bbc.com/sitemaps/https-sitemap-com-archive-105.xml
BBC,bbc.com,https://www.bbc.com/news/world-middle-east-68304979,2024-02-15T20:29:54Z,2026-02-19T08:09:58+00:00,68304979,bbc_xml_sitemap,https://www.bbc.com/sitemaps/https-sitemap-com-archive-105.xml
BBC,bbc.com,https://www.bbc.com/news/world-middle-east-68423995,2024-02-28T20:06:38Z,2026-02-19T08:09:58+00:00,68423995,bbc_xml_sitemap,https://www.bbc.com/sitemaps/https-sitemap-com-archive-105.xml
BBC,bbc.com,https://www.bbc.com/news/world-middle-east-68536243,2024-03-14T13:28:40Z,2026-02-19T08:09:58+00:00,68536243,bbc_xml_sitemap,https://www.bbc.com/sitemaps/https-sitemap-com-archive-105.xml
BBC,bbc.com,https://www.bbc.com/news/world-middle-east-68539701,2024-03-14T13:28:33Z,2026-02-19T08:09:58+00:00,68539701,bbc_xml_sitemap,https://www.bbc.com/sitemaps/https-sitemap-com-archive-105.xml
BBC,bbc.com,https://www.bbc.com/news/world-middle-east-68364025,2024-02-22T07:16:30Z,2026-02-19T08:09:58+00:00,68364025,bbc_xml_sitemap,https://www.bbc.com/sitemaps/https-sitemap-com-archive-105.xml
BBC,bbc.com,https://www.bbc.com/news/world-middle-east-68307982,2024-02-15T13:36:16Z,2026-02-19T08:09:58+00:00,68307982,bbc_xml_sitemap,https://www.bbc.com/sitemaps/https-sitemap-com-archive-105.xml
BBC,bbc.com,https://www.bbc.com/news/world-middle-east-68367493,2024-02-22T14:45:35Z,2026-02-19T08:09:58+00:00,68367493,bbc_xml_sitemap,https://www.bbc.com/sitemaps/https-sitemap-com-archive-105.xml
BBC,bbc.com,https://www.bbc.com/news/world-middle-east-68569692,2024-03-14T17:44:17Z,2026-02-19T08:09:58+00:00,68569692,bbc_xml_sitemap,https://www.bbc.com/sitemaps/https-sitemap-com-archive-105.xml
BBC,bbc.com,https://www.bbc.com/news/world-middle-east-68490039,2024-03-06T20:03:47Z,2026-02-19T08:09:58+00:00,68490039,bbc_xml_sitemap,https://www.bbc.com/sitemaps/https-sitemap-com-archive-105.xml
BBC,bbc.com,https://www.bbc.com/news/world-middle-east-68310550,2024-02-15T16:22:11Z,2026-02-19T08:09:58+00:00,68310550,bbc_xml_sitemap,https://www.bbc.com/sitemaps/https-sitemap-com-archive-105.xml
BBC,bbc.com,https://www.bbc.com/news/world-middle-east-68367495,2024-02-22T20:29:11Z,2026-02-19T08:09:58+00:00,68367495,bbc_xml_sitemap,https://www.bbc.com/sitemaps/https-sitemap-com-archive-105.xml
BBC,bbc.com,https://www.bbc.com/news/world-middle-east-68552314,2024-03-14T17:03:15Z,2026-02-19T08:09:58+00:00,68552314,bbc_xml_sitemap,https://www.bbc.com/sitemaps/https-sitemap-com-archive-105.xml
BBC,bbc.com,https://www.bbc.com/news/world-middle-east-68636033,2024-03-24T11:21:40Z,2026-02-19T08:09:58+00:00,68636033,bbc_xml_sitemap,https://www.bbc.com/sitemaps/https-sitemap-com-archive-105.xml
BBC,bbc.com,https://www.bbc.com/news/world-middle-east-68430925,2024-02-29T18:35:09Z,2026-02-19T08:09:58+00:00,68430925,bbc_xml_sitemap,https://www.bbc.com/sitemaps/https-sitemap-com-archive-105.xml
BBC,bbc.com,https://www.bbc.com/news/world-middle-east-68306915,2024-02-15T18:47:25Z,2026-02-19T08:09:58+00:00,68306915,bbc_xml_sitemap,https://www.bbc.com/sitemaps/https-sitemap-com-archive-105.xml
BBC,bbc.com,https://www.bbc.com/news/world-middle-east-68311459,2024-02-15T20:18:49Z,2026-02-19T08:09:58+00:00,68311459,bbc_xml_sitemap,https://www.bbc.com/sitemaps/https-sitemap-com-archive-105.xml
BBC,bbc.com,https://www.bbc.com/news/world-middle-east-68422071,2024-02-29T09:30:33Z,2026-02-19T08:09:58+00:00,68422071,bbc_xml_sitemap,https://www.bbc.com/sitemaps/https-sitemap-com-archive-105.xml
BBC,bbc.com,https://www.bbc.com/news/world-middle-east-68247050,2024-02-09T13:59:00Z,2026-02-19T08:09:58+00:00,68247050,bbc_xml_sitemap,https://www.bbc.com/sitemaps/https-sitemap-com-archive-105.xml
BBC,bbc.com,https://www.bbc.com/news/world-middle-east-68434443,2024-03-01T07:34:42Z,2026-02-19T08:09:58+00:00,68434443,bbc_xml_sitemap,https://www.bbc.com/sitemaps/https-sitemap-com-archive-105.xml
BBC,bbc.com,https://www.bbc.com/news/world-middle-east-68375460,2024-02-22T19:16:30Z,2026-02-19T08:09:58+00:00,68375460,bbc_xml_sitemap,https://www.bbc.com/sitemaps/https-sitemap-com-archive-105.xml
BBC,bbc.com,https://www.bbc.com/news/world-middle-east-68387864,2024-02-29T15:06:52Z,2026-02-19T08:09:58+00:00,68387864,bbc_xml_sitemap,https://www.bbc.com/sitemaps/https-sitemap-com-archive-105.xml
BBC,bbc.com,https://www.bbc.com/news/world-middle-east-68500221,2024-03-07T10:01:23Z,2026-02-19T08:09:58+00:00,68500221,bbc_xml_sitemap,https://www.bbc.com/sitemaps/https-sitemap-com-archive-105.xml
BBC,bbc.com,https://www.bbc.com/news/world-middle-east-68375764,2024-02-22T19:54:24Z,2026-02-19T08:09:58+00:00,68375764,bbc_xml_sitemap,https://www.bbc.com/sitemaps/https-sitemap-com-archive-105.xml
BBC,bbc.com,https://www.bbc.com/news/world-middle-east-68573551,2024-03-15T17:01:27Z,2026-02-19T08:09:58+00:00,68573551,bbc_xml_sitemap,https://www.bbc.com/sitemaps/https-sitemap-com-archive-105.xml
BBC,bbc.com,https://www.bbc.com/news/world-middle-east-68650815,2024-03-24T23:26:37Z,2026-02-19T08:09:58+00:00,68650815,bbc_xml_sitemap,https://www.bbc.com/sitemaps/https-sitemap-com-archive-105.xml
BBC,bbc.com,https://www.bbc.com/news/world-middle-east-68572196,2024-03-15T04:56:40Z,2026-02-19T08:09:58+00:00,68572196,bbc_xml_sitemap,https://www.bbc.com/sitemaps/https-sitemap-com-archive-105.xml
BBC,bbc.com,https://www.bbc.com/news/world-middle-east-68640568,2024-03-25T06:08:40Z,2026-02-19T08:09:58+00:00,68640568,bbc_xml_sitemap,https://www.bbc.com/sitemaps/https-sitemap-com-archive-105.xml
BBC,bbc.com,https://www.bbc.com/news/world-middle-east-68534027,2024-03-17T00:51:27Z,2026-02-19T08:09:58+00:00,68534027,bbc_xml_sitemap,https://www.bbc.com/sitemaps/https-sitemap-com-archive-105.xml
BBC,bbc.com,https://www.bbc.com/news/world-middle-east-68635823,2024-03-25T07:35:32Z,2026-02-19T08:09:58+00:00,68635823,bbc_xml_sitemap,https://www.bbc.com/sitemaps/https-sitemap-com-archive-105.xml
BBC,bbc.com,https://www.bbc.com/news/world-middle-east-68500270,2024-03-07T20:05:09Z,2026-02-19T08:09:58+00:00,68500270,bbc_xml_sitemap,https://www.bbc.com/sitemaps/https-sitemap-com-archive-105.xml
BBC,bbc.com,https://www.bbc.com/news/world-middle-east-68568298,2024-03-15T06:00:04Z,2026-02-19T08:09:58+00:00,68568298,bbc_xml_sitemap,https://www.bbc.com/sitemaps/https-sitemap-com-archive-105.xml
BBC,bbc.com,https://www.bbc.com/news/world-middle-east-68551965,2024-04-12T20:43:49Z,2026-02-19T08:09:58+00:00,68551965,bbc_xml_sitemap,https://www.bbc.com/sitemaps/https-sitemap-com-archive-105.xml
BBC,bbc.com,https://www.bbc.com/news/world-middle-east-68569693,2024-03-15T17:10:24Z,2026-02-19T08:09:58+00:00,68569693,bbc_xml_sitemap,https://www.bbc.com/sitemaps/https-sitemap-com-archive-105.xml
BBC,bbc.com,https://www.bbc.com/news/world-middle-east-68249363,2024-02-09T12:40:10Z,2026-02-19T08:09:58+00:00,68249363,bbc_xml_sitemap,https://www.bbc.com/sitemaps/https-sitemap-com-archive-105.xml
BBC,bbc.com,https://www.bbc.com/news/world-middle-east-68581090,2024-03-16T15:00:09Z,2026-02-19T08:09:58+00:00,68581090,bbc_xml_sitemap,https://www.bbc.com/sitemaps/https-sitemap-com-archive-105.xml
BBC,bbc.com,https://www.bbc.com/news/world-middle-east-68506356,2024-03-08T10:44:40Z,2026-02-19T08:09:58+00:00,68506356,bbc_xml_sitemap,https://www.bbc.com/sitemaps/https-sitemap-com-archive-105.xml
BBC,bbc.com,https://www.bbc.com/news/world-middle-east-68441571,2024-02-29T22:26:38Z,2026-02-19T08:09:58+00:00,68441571,bbc_xml_sitemap,https://www.bbc.com/sitemaps/https-sitemap-com-archive-105.xml
BBC,bbc.com,https://www.bbc.com/news/world-middle-east-68658415,2024-03-25T19:36:19Z,2026-02-19T08:09:58+00:00,68658415,bbc_xml_sitemap,https://www.bbc.com/sitemaps/https-sitemap-com-archive-105.xml
BBC,bbc.com,https://www.bbc.com/news/world-middle-east-68542331,2024-03-16T00:05:29Z,2026-02-19T08:09:58+00:00,68542331,bbc_xml_sitemap,https://www.bbc.com/sitemaps/https-sitemap-com-archive-105.xml
BBC,bbc.com,https://www.bbc.com/news/world-middle-east-68656283,2024-03-26T13:01:13Z,2026-02-19T08:09:58+00:00,68656283,bbc_xml_sitemap,https://www.bbc.com/sitemaps/https-sitemap-com-archive-105.xml
BBC,bbc.com,https://www.bbc.com/news/world-middle-east-68583865,2024-03-16T02:58:40Z,2026-02-19T08:09:58+00:00,68583865,bbc_xml_sitemap,https://www.bbc.com/sitemaps/https-sitemap-com-archive-105.xml
BBC,bbc.com,https://www.bbc.com/news/world-middle-east-68369336,2024-02-22T15:59:05Z,2026-02-19T08:09:58+00:00,68369336,bbc_xml_sitemap,https://www.bbc.com/sitemaps/https-sitemap-com-archive-105.xml
BBC,bbc.com,https://www.bbc.com/news/world-middle-east-68443248,2024-03-01T10:27:09Z,2026-02-19T08:09:58+00:00,68443248,bbc_xml_sitemap,https://www.bbc.com/sitemaps/https-sitemap-com-archive-105.xml
BBC,bbc.com,https://www.bbc.com/news/world-middle-east-68659025,2024-03-25T17:24:08Z,2026-02-19T08:09:58+00:00,68659025,bbc_xml_sitemap,https://www.bbc.com/sitemaps/https-sitemap-com-archive-105.xml
BBC,bbc.com,https://www.bbc.com/news/world-middle-east-68684069,2024-03-29T15:54:53Z,2026-02-19T08:11:40+00:00,68684069,bbc_xml_sitemap,https://www.bbc.com/sitemaps/https-sitemap-com-archive-106.xml
BBC,bbc.com,https://www.bbc.com/news/world-middle-east-68686299,2024-03-30T07:42:13Z,2026-02-19T08:11:40+00:00,68686299,bbc_xml_sitemap,https://www.bbc.com/sitemaps/https-sitemap-com-archive-106.xml
BBC,bbc.com,https://www.bbc.com/news/world-middle-east-68698766,2024-03-30T21:16:40Z,2026-02-19T08:11:40+00:00,68698766,bbc_xml_sitemap,https://www.bbc.com/sitemaps/https-sitemap-com-archive-106.xml
BBC,bbc.com,https://www.bbc.com/news/world-middle-east-68698357,2024-03-30T14:09:04Z,2026-02-19T08:11:40+00:00,68698357,bbc_xml_sitemap,https://www.bbc.com/sitemaps/https-sitemap-com-archive-106.xml
BBC,bbc.com,https://www.bbc.com/news/world-middle-east-68704280,2024-03-31T20:22:50Z,2026-02-19T08:11:40+00:00,68704280,bbc_xml_sitemap,https://www.bbc.com/sitemaps/https-sitemap-com-archive-106.xml
BBC,bbc.com,https://www.bbc.com/news/world-middle-east-68701966,2024-03-31T06:50:14Z,2026-02-19T08:11:40+00:00,68701966,bbc_xml_sitemap,https://www.bbc.com/sitemaps/https-sitemap-com-archive-106.xml
BBC,bbc.com,https://www.bbc.com/news/world-middle-east-68705643,2024-03-31T23:58:42Z,2026-02-19T08:11:40+00:00,68705643,bbc_xml_sitemap,https://www.bbc.com/sitemaps/https-sitemap-com-archive-106.xml
BBC,bbc.com,https://www.bbc.com/news/world-middle-east-68693309,2024-04-01T00:24:04Z,2026-02-19T08:11:40+00:00,68693309,bbc_xml_sitemap,https://www.bbc.com/sitemaps/https-sitemap-com-archive-106.xml
BBC,bbc.com,https://www.bbc.com/news/world-middle-east-68706533,2024-04-01T08:15:57Z,2026-02-19T08:11:40+00:00,68706533,bbc_xml_sitemap,https://www.bbc.com/sitemaps/https-sitemap-com-archive-106.xml
BBC,bbc.com,https://www.bbc.com/news/world-middle-east-68705765,2024-04-01T21:19:51Z,2026-02-19T08:11:40+00:00,68705765,bbc_xml_sitemap,https://www.bbc.com/sitemaps/https-sitemap-com-archive-106.xml
BBC,bbc.com,https://www.bbc.com/news/world-middle-east-68708923,2024-04-01T21:34:05Z,2026-02-19T08:11:40+00:00,68708923,bbc_xml_sitemap,https://www.bbc.com/sitemaps/https-sitemap-com-archive-106.xml
BBC,bbc.com,https://www.bbc.com/news/world-middle-east-68708257,2024-04-01T12:47:13Z,2026-02-19T08:11:40+00:00,68708257,bbc_xml_sitemap,https://www.bbc.com/sitemaps/https-sitemap-com-archive-106.xml
BBC,bbc.com,https://www.bbc.com/news/world-middle-east-68712254,2024-04-02T08:07:38Z,2026-02-19T08:11:40+00:00,68712254,bbc_xml_sitemap,https://www.bbc.com/sitemaps/https-sitemap-com-archive-106.xml
BBC,bbc.com,https://www.bbc.com/news/world-middle-east-68708258,2024-04-01T16:51:55Z,2026-02-19T08:11:40+00:00,68708258,bbc_xml_sitemap,https://www.bbc.com/sitemaps/https-sitemap-com-archive-106.xml
BBC,bbc.com,https://www.bbc.com/news/world-middle-east-68711282,2024-04-04T20:41:08Z,2026-02-19T08:11:40+00:00,68711282,bbc_xml_sitemap,https://www.bbc.com/sitemaps/https-sitemap-com-archive-106.xml
BBC,bbc.com,https://www.bbc.com/news/world-middle-east-68708984,2024-04-01T21:36:33Z,2026-02-19T08:11:40+00:00,68708984,bbc_xml_sitemap,https://www.bbc.com/sitemaps/https-sitemap-com-archive-106.xml
BBC,bbc.com,https://www.bbc.com/news/world-middle-east-68713373,2024-04-02T12:02:02Z,2026-02-19T08:11:40+00:00,68713373,bbc_xml_sitemap,https://www.bbc.com/sitemaps/https-sitemap-com-archive-106.xml
BBC,bbc.com,https://www.bbc.com/news/world-middle-east-68713015,2024-04-02T16:32:40Z,2026-02-19T08:11:40+00:00,68713015,bbc_xml_sitemap,https://www.bbc.com/sitemaps/https-sitemap-com-archive-106.xml
BBC,bbc.com,https://www.bbc.com/news/world-middle-east-68717843,2024-04-02T16:52:30Z,2026-02-19T08:11:40+00:00,68717843,bbc_xml_sitemap,https://www.bbc.com/sitemaps/https-sitemap-com-archive-106.xml
BBC,bbc.com,https://www.bbc.com/news/world-middle-east-68716499,2024-04-03T06:20:53Z,2026-02-19T08:11:40+00:00,68716499,bbc_xml_sitemap,https://www.bbc.com/sitemaps/https-sitemap-com-archive-106.xml
BBC,bbc.com,https://www.bbc.com/news/world-middle-east-68714128,2024-04-05T15:29:06Z,2026-02-19T08:11:40+00:00,68714128,bbc_xml_sitemap,https://www.bbc.com/sitemaps/https-sitemap-com-archive-106.xml
BBC,bbc.com,https://www.bbc.com/news/world-middle-east-68729526,2024-04-04T05:56:20Z,2026-02-19T08:11:40+00:00,68729526,bbc_xml_sitemap,https://www.bbc.com/sitemaps/https-sitemap-com-archive-106.xml
BBC,bbc.com,https://www.bbc.com/news/world-middle-east-68727828,2024-04-03T21:13:03Z,2026-02-19T08:11:40+00:00,68727828,bbc_xml_sitemap,https://www.bbc.com/sitemaps/https-sitemap-com-archive-106.xml
BBC,bbc.com,https://www.bbc.com/news/world-middle-east-68728378,2024-04-04T13:11:46Z,2026-02-19T08:11:40+00:00,68728378,bbc_xml_sitemap,https://www.bbc.com/sitemaps/https-sitemap-com-archive-106.xml
BBC,bbc.com,https://www.bbc.com/news/world-middle-east-68724691,2024-04-04T01:55:12Z,2026-02-19T08:11:40+00:00,68724691,bbc_xml_sitemap,https://www.bbc.com/sitemaps/https-sitemap-com-archive-106.xml
BBC,bbc.com,https://www.bbc.com/news/world-middle-east-68732215,2024-04-04T10:08:59Z,2026-02-19T08:11:40+00:00,68732215,bbc_xml_sitemap,https://www.bbc.com/sitemaps/https-sitemap-com-archive-106.xml
BBC,bbc.com,https://www.bbc.com/news/world-middle-east-68722308,2024-04-03T13:37:06Z,2026-02-19T08:11:40+00:00,68722308,bbc_xml_sitemap,https://www.bbc.com/sitemaps/https-sitemap-com-archive-106.xml
BBC,bbc.com,https://www.bbc.com/news/world-middle-east-68737846,2024-04-05T04:51:33Z,2026-02-19T08:11:40+00:00,68737846,bbc_xml_sitemap,https://www.bbc.com/sitemaps/https-sitemap-com-archive-106.xml
BBC,bbc.com,https://www.bbc.com/news/world-middle-east-68729064,2024-04-04T09:44:53Z,2026-02-19T08:11:40+00:00,68729064,bbc_xml_sitemap,https://www.bbc.com/sitemaps/https-sitemap-com-archive-106.xml
BBC,bbc.com,https://www.bbc.com/news/world-middle-east-68734783,2024-04-04T16:25:35Z,2026-02-19T08:11:40+00:00,68734783,bbc_xml_sitemap,https://www.bbc.com/sitemaps/https-sitemap-com-archive-106.xml
BBC,bbc.com,https://www.bbc.com/news/world-middle-east-68734689,2024-04-04T20:52:24Z,2026-02-19T08:11:40+00:00,68734689,bbc_xml_sitemap,https://www.bbc.com/sitemaps/https-sitemap-com-archive-106.xml
BBC,bbc.com,https://www.bbc.com/news/world-middle-east-68687749,2024-04-05T04:48:14Z,2026-02-19T08:11:40+00:00,68687749,bbc_xml_sitemap,https://www.bbc.com/sitemaps/https-sitemap-com-archive-106.xml
BBC,bbc.com,https://www.bbc.com/news/world-middle-east-68737412,2024-09-03T15:06:39Z,2026-02-19T08:11:40+00:00,68737412,bbc_xml_sitemap,https://www.bbc.com/sitemaps/https-sitemap-com-archive-106.xml
BBC,bbc.com,https://www.bbc.com/news/world-middle-east-68742572,2024-04-05T12:40:12Z,2026-02-19T08:11:40+00:00,68742572,bbc_xml_sitemap,https://www.bbc.com/sitemaps/https-sitemap-com-archive-106.xml
BBC,bbc.com,https://www.bbc.com/news/world-middle-east-68739978,2024-04-05T18:11:23Z,2026-02-19T08:11:40+00:00,68739978,bbc_xml_sitemap,https://www.bbc.com/sitemaps/https-sitemap-com-archive-106.xml
BBC,bbc.com,https://www.bbc.com/news/world-middle-east-68744293,2024-04-08T10:06:34Z,2026-02-19T08:11:40+00:00,68744293,bbc_xml_sitemap,https://www.bbc.com/sitemaps/https-sitemap-com-archive-106.xml
BBC,bbc.com,https://www.bbc.com/news/world-middle-east-68748242,2024-04-06T18:01:04Z,2026-02-19T08:11:40+00:00,68748242,bbc_xml_sitemap,https://www.bbc.com/sitemaps/https-sitemap-com-archive-106.xml
BBC,bbc.com,https://www.bbc.com/news/world-middle-east-68746106,2024-04-06T01:33:40Z,2026-02-19T08:11:40+00:00,68746106,bbc_xml_sitemap,https://www.bbc.com/sitemaps/https-sitemap-com-archive-106.xml
BBC,bbc.com,https://www.bbc.com/news/world-middle-east-68745681,2024-04-06T00:00:27Z,2026-02-19T08:11:40+00:00,68745681,bbc_xml_sitemap,https://www.bbc.com/sitemaps/https-sitemap-com-archive-106.xml
BBC,bbc.com,https://www.bbc.com/news/world-middle-east-68754109,2024-04-07T04:27:43Z,2026-02-19T08:11:40+00:00,68754109,bbc_xml_sitemap,https://www.bbc.com/sitemaps/https-sitemap-com-archive-106.xml
BBC,bbc.com,https://www.bbc.com/news/world-middle-east-68744777,2024-04-07T04:45:42Z,2026-02-19T08:11:40+00:00,68744777,bbc_xml_sitemap,https://www.bbc.com/sitemaps/https-sitemap-com-archive-106.xml
BBC,bbc.com,https://www.bbc.com/news/world-middle-east-68735869,2024-04-07T04:49:36Z,2026-02-19T08:11:40+00:00,68735869,bbc_xml_sitemap,https://www.bbc.com/sitemaps/https-sitemap-com-archive-106.xml
BBC,bbc.com,https://www.bbc.com/news/world-middle-east-68755724,2024-04-08T02:51:15Z,2026-02-19T08:11:40+00:00,68755724,bbc_xml_sitemap,https://www.bbc.com/sitemaps/https-sitemap-com-archive-106.xml
BBC,bbc.com,https://www.bbc.com/news/world-middle-east-68757080,2024-04-07T18:35:44Z,2026-02-19T08:11:40+00:00,68757080,bbc_xml_sitemap,https://www.bbc.com/sitemaps/https-sitemap-com-archive-106.xml
BBC,bbc.com,https://www.bbc.com/news/world-middle-east-68755131,2024-04-07T09:36:10Z,2026-02-19T08:11:40+00:00,68755131,bbc_xml_sitemap,https://www.bbc.com/sitemaps/https-sitemap-com-archive-106.xml
BBC,bbc.com,https://www.bbc.com/news/world-middle-east-68759146,2024-04-08T21:04:41Z,2026-02-19T08:11:40+00:00,68759146,bbc_xml_sitemap,https://www.bbc.com/sitemaps/https-sitemap-com-archive-106.xml
BBC,bbc.com,https://www.bbc.com/news/world-middle-east-68759232,2024-04-08T09:47:51Z,2026-02-19T08:11:40+00:00,68759232,bbc_xml_sitemap,https://www.bbc.com/sitemaps/https-sitemap-com-archive-106.xml
BBC,bbc.com,https://www.bbc.com/news/world-middle-east-68684068,2024-04-08T23:30:00Z,2026-02-19T08:11:40+00:00,68684068,bbc_xml_sitemap,https://www.bbc.com/sitemaps/https-sitemap-com-archive-106.xml
BBC,bbc.com,https://www.bbc.com/news/world-middle-east-68768948,2024-04-09T14:57:32Z,2026-02-19T08:11:40+00:00,68768948,bbc_xml_sitemap,https://www.bbc.com/sitemaps/https-sitemap-com-archive-106.xml
BBC,bbc.com,https://www.bbc.com/news/world-middle-east-68759233,2024-04-08T10:30:02Z,2026-02-19T08:11:40+00:00,68759233,bbc_xml_sitemap,https://www.bbc.com/sitemaps/https-sitemap-com-archive-106.xml
BBC,bbc.com,https://www.bbc.com/news/world-middle-east-68766913,2024-04-09T15:52:55Z,2026-02-19T08:11:40+00:00,68766913,bbc_xml_sitemap,https://www.bbc.com/sitemaps/https-sitemap-com-archive-106.xml
BBC,bbc.com,https://www.bbc.com/news/world-middle-east-68764952,2024-04-08T20:52:55Z,2026-02-19T08:11:40+00:00,68764952,bbc_xml_sitemap,https://www.bbc.com/sitemaps/https-sitemap-com-archive-106.xml
BBC,bbc.com,https://www.bbc.com/news/world-middle-east-68774923,2024-04-09T18:31:21Z,2026-02-19T08:11:40+00:00,68774923,bbc_xml_sitemap,https://www.bbc.com/sitemaps/https-sitemap-com-archive-106.xml
BBC,bbc.com,https://www.bbc.com/news/world-middle-east-68774205,2024-04-09T20:09:41Z,2026-02-19T08:11:40+00:00,68774205,bbc_xml_sitemap,https://www.bbc.com/sitemaps/https-sitemap-com-archive-106.xml
BBC,bbc.com,https://www.bbc.com/news/world-middle-east-68778150,2024-04-10T09:41:45Z,2026-02-19T08:11:40+00:00,68778150,bbc_xml_sitemap,https://www.bbc.com/sitemaps/https-sitemap-com-archive-106.xml
BBC,bbc.com,https://www.bbc.com/news/world-middle-east-68776172,2024-04-09T21:44:30Z,2026-02-19T08:11:40+00:00,68776172,bbc_xml_sitemap,https://www.bbc.com/sitemaps/https-sitemap-com-archive-106.xml
BBC,bbc.com,https://www.bbc.com/news/world-middle-east-68776384,2024-04-10T05:27:20Z,2026-02-19T08:11:40+00:00,68776384,bbc_xml_sitemap,https://www.bbc.com/sitemaps/https-sitemap-com-archive-106.xml
BBC,bbc.com,https://www.bbc.com/news/world-middle-east-68784260,2024-04-10T17:17:53Z,2026-02-19T08:11:40+00:00,68784260,bbc_xml_sitemap,https://www.bbc.com/sitemaps/https-sitemap-com-archive-106.xml
BBC,bbc.com,https://www.bbc.com/news/world-middle-east-68766592,2024-04-10T04:14:46Z,2026-02-19T08:11:40+00:00,68766592,bbc_xml_sitemap,https://www.bbc.com/sitemaps/https-sitemap-com-archive-106.xml
BBC,bbc.com,https://www.bbc.com/news/world-middle-east-68778149,2024-04-10T08:35:42Z,2026-02-19T08:11:40+00:00,68778149,bbc_xml_sitemap,https://www.bbc.com/sitemaps/https-sitemap-com-archive-106.xml
BBC,bbc.com,https://www.bbc.com/news/world-middle-east-68788140,2024-04-11T17:02:34Z,2026-02-19T08:11:40+00:00,68788140,bbc_xml_sitemap,https://www.bbc.com/sitemaps/https-sitemap-com-archive-106.xml
BBC,bbc.com,https://www.bbc.com/news/world-middle-east-68795021,2024-04-12T11:51:23Z,2026-02-19T08:11:40+00:00,68795021,bbc_xml_sitemap,https://www.bbc.com/sitemaps/https-sitemap-com-archive-106.xml
BBC,bbc.com,https://www.bbc.com/news/world-middle-east-68801576,2024-04-12T17:14:24Z,2026-02-19T08:11:40+00:00,68801576,bbc_xml_sitemap,https://www.bbc.com/sitemaps/https-sitemap-com-archive-106.xml
BBC,bbc.com,https://www.bbc.com/news/world-middle-east-68796689,2024-04-12T14:48:30Z,2026-02-19T08:11:40+00:00,68796689,bbc_xml_sitemap,https://www.bbc.com/sitemaps/https-sitemap-com-archive-106.xml
BBC,bbc.com,https://www.bbc.com/news/world-middle-east-68796363,2024-04-12T23:48:56Z,2026-02-19T08:11:40+00:00,68796363,bbc_xml_sitemap,https://www.bbc.com/sitemaps/https-sitemap-com-archive-106.xml
BBC,bbc.com,https://www.bbc.com/news/world-middle-east-68803939,2024-04-13T09:34:29Z,2026-02-19T08:11:40+00:00,68803939,bbc_xml_sitemap,https://www.bbc.com/sitemaps/https-sitemap-com-archive-106.xml
BBC,bbc.com,https://www.bbc.com/news/world-middle-east-68810053,2024-04-14T07:29:36Z,2026-02-19T08:11:40+00:00,68810053,bbc_xml_sitemap,https://www.bbc.com/sitemaps/https-sitemap-com-archive-106.xml
BBC,bbc.com,https://www.bbc.com/news/world-middle-east-68808424,2024-04-13T23:05:52Z,2026-02-19T08:11:40+00:00,68808424,bbc_xml_sitemap,https://www.bbc.com/sitemaps/https-sitemap-com-archive-106.xml
BBC,bbc.com,https://www.bbc.com/news/world-middle-east-68810398,2024-04-13T23:17:02Z,2026-02-19T08:11:40+00:00,68810398,bbc_xml_sitemap,https://www.bbc.com/sitemaps/https-sitemap-com-archive-106.xml
BBC,bbc.com,https://www.bbc.com/news/world-middle-east-68806508,2024-04-13T18:09:55Z,2026-02-19T08:11:40+00:00,68806508,bbc_xml_sitemap,https://www.bbc.com/sitemaps/https-sitemap-com-archive-106.xml
BBC,bbc.com,https://www.bbc.com/news/world-middle-east-68806205,2024-04-13T13:44:19Z,2026-02-19T08:11:40+00:00,68806205,bbc_xml_sitemap,https://www.bbc.com/sitemaps/https-sitemap-com-archive-106.xml
BBC,bbc.com,https://www.bbc.com/news/world-middle-east-68799234,2024-04-13T15:51:23Z,2026-02-19T08:11:40+00:00,68799234,bbc_xml_sitemap,https://www.bbc.com/sitemaps/https-sitemap-com-archive-106.xml
BBC,bbc.com,https://www.bbc.com/news/world-middle-east-68808419,2024-04-13T15:59:37Z,2026-02-19T08:11:40+00:00,68808419,bbc_xml_sitemap,https://www.bbc.com/sitemaps/https-sitemap-com-archive-106.xml
BBC,bbc.com,https://www.bbc.com/news/world-middle-east-68810399,2024-04-14T01:09:10Z,2026-02-19T08:11:40+00:00,68810399,bbc_xml_sitemap,https://www.bbc.com/sitemaps/https-sitemap-com-archive-106.xml
BBC,bbc.com,https://www.bbc.com/news/world-middle-east-68810401,2024-04-14T05:39:24Z,2026-02-19T08:11:40+00:00,68810401,bbc_xml_sitemap,https://www.bbc.com/sitemaps/https-sitemap-com-archive-106.xml
BBC,bbc.com,https://www.bbc.com/news/world-middle-east-68811276,2024-10-26T16:44:52Z,2026-02-19T08:11:40+00:00,68811276,bbc_xml_sitemap,https://www.bbc.com/sitemaps/https-sitemap-com-archive-106.xml
BBC,bbc.com,https://www.bbc.com/news/world-middle-east-68811397,2024-04-14T07:29:11Z,2026-02-19T08:11:40+00:00,68811397,bbc_xml_sitemap,https://www.bbc.com/sitemaps/https-sitemap-com-archive-106.xml
BBC,bbc.com,https://www.bbc.com/news/world-middle-east-68811398,2024-04-14T08:10:00Z,2026-02-19T08:11:40+00:00,68811398,bbc_xml_sitemap,https://www.bbc.com/sitemaps/https-sitemap-com-archive-106.xml
BBC,bbc.com,https://www.bbc.com/news/world-middle-east-68811273,2024-04-15T11:47:26Z,2026-02-19T08:11:40+00:00,68811273,bbc_xml_sitemap,https://www.bbc.com/sitemaps/https-sitemap-com-archive-106.xml
BBC,bbc.com,https://www.bbc.com/news/world-middle-east-68812884,2024-04-14T17:36:23Z,2026-02-19T08:11:40+00:00,68812884,bbc_xml_sitemap,https://www.bbc.com/sitemaps/https-sitemap-com-archive-106.xml
BBC,bbc.com,https://www.bbc.com/news/world-middle-east-68814427,2024-04-14T21:40:00Z,2026-02-19T08:11:40+00:00,68814427,bbc_xml_sitemap,https://www.bbc.com/sitemaps/https-sitemap-com-archive-106.xml
BBC,bbc.com,https://www.bbc.com/news/world-middle-east-68814391,2024-04-14T21:53:23Z,2026-02-19T08:11:40+00:00,68814391,bbc_xml_sitemap,https://www.bbc.com/sitemaps/https-sitemap-com-archive-106.xml
BBC,bbc.com,https://www.bbc.com/news/world-middle-east-68814507,2024-04-14T22:15:34Z,2026-02-19T08:11:40+00:00,68814507,bbc_xml_sitemap,https://www.bbc.com/sitemaps/https-sitemap-com-archive-106.xml
BBC,bbc.com,https://www.bbc.com/news/world-middle-east-68811241,2024-04-14T12:58:04Z,2026-02-19T08:11:40+00:00,68811241,bbc_xml_sitemap,https://www.bbc.com/sitemaps/https-sitemap-com-archive-106.xml
BBC,bbc.com,https://www.bbc.com/news/world-middle-east-68812094,2024-04-14T11:04:23Z,2026-02-19T08:11:40+00:00,68812094,bbc_xml_sitemap,https://www.bbc.com/sitemaps/https-sitemap-com-archive-106.xml
BBC,bbc.com,https://www.bbc.com/news/world-middle-east-68815655,2024-04-15T07:04:35Z,2026-02-19T08:11:40+00:00,68815655,bbc_xml_sitemap,https://www.bbc.com/sitemaps/https-sitemap-com-archive-106.xml
BBC,bbc.com,https://www.bbc.com/news/world-middle-east-68820959,2024-04-15T23:56:50Z,2026-02-19T08:11:40+00:00,68820959,bbc_xml_sitemap,https://www.bbc.com/sitemaps/https-sitemap-com-archive-106.xml
BBC,bbc.com,https://www.bbc.com/news/world-middle-east-68823348,2024-04-16T13:07:40Z,2026-02-19T08:11:40+00:00,68823348,bbc_xml_sitemap,https://www.bbc.com/sitemaps/https-sitemap-com-archive-106.xml
BBC,bbc.com,https://www.bbc.com/news/world-middle-east-68830552,2024-04-16T17:35:34Z,2026-02-19T08:11:40+00:00,68830552,bbc_xml_sitemap,https://www.bbc.com/sitemaps/https-sitemap-com-archive-106.xml
BBC,bbc.com,https://www.bbc.com/news/world-middle-east-68825752,2024-04-16T11:14:34Z,2026-02-19T08:11:40+00:00,68825752,bbc_xml_sitemap,https://www.bbc.com/sitemaps/https-sitemap-com-archive-106.xml
BBC,bbc.com,https://www.bbc.com/news/world-middle-east-68831408,2024-04-18T03:31:14Z,2026-02-19T08:11:40+00:00,68831408,bbc_xml_sitemap,https://www.bbc.com/sitemaps/https-sitemap-com-archive-106.xml
BBC,bbc.com,https://www.bbc.com/news/world-middle-east-68832045,2024-04-17T01:07:11Z,2026-02-19T08:11:40+00:00,68832045,bbc_xml_sitemap,https://www.bbc.com/sitemaps/https-sitemap-com-archive-106.xml
BBC,bbc.com,https://www.bbc.com/news/world-middle-east-68839657,2024-04-17T21:04:42Z,2026-02-19T08:11:40+00:00,68839657,bbc_xml_sitemap,https://www.bbc.com/sitemaps/https-sitemap-com-archive-106.xml
BBC,bbc.com,https://www.bbc.com/news/world-middle-east-68835645,2024-04-18T00:51:47Z,2026-02-19T08:11:40+00:00,68835645,bbc_xml_sitemap,https://www.bbc.com/sitemaps/https-sitemap-com-archive-106.xml
BBC,bbc.com,https://www.bbc.com/news/world-middle-east-68833955,2024-04-17T14:27:48Z,2026-02-19T08:11:40+00:00,68833955,bbc_xml_sitemap,https://www.bbc.com/sitemaps/https-sitemap-com-archive-106.xml
BBC,bbc.com,https://www.bbc.com/news/world-middle-east-68833957,2024-04-17T13:25:06Z,2026-02-19T08:11:40+00:00,68833957,bbc_xml_sitemap,https://www.bbc.com/sitemaps/https-sitemap-com-archive-106.xml
BBC,bbc.com,https://www.bbc.com/news/world-middle-east-68835639,2024-04-17T09:54:21Z,2026-02-19T08:11:40+00:00,68835639,bbc_xml_sitemap,https://www.bbc.com/sitemaps/https-sitemap-com-archive-106.xml
BBC,bbc.com,https://www.bbc.com/news/world-middle-east-68835646,2024-04-17T16:54:36Z,2026-02-19T08:11:40+00:00,68835646,bbc_xml_sitemap,https://www.bbc.com/sitemaps/https-sitemap-com-archive-106.xml
BBC,bbc.com,https://www.bbc.com/news/world-middle-east-68843049,2024-04-18T17:57:55Z,2026-02-19T08:11:40+00:00,68843049,bbc_xml_sitemap,https://www.bbc.com/sitemaps/https-sitemap-com-archive-106.xml
BBC,bbc.com,https://www.bbc.com/news/world-middle-east-68845281,2024-04-18T14:22:17Z,2026-02-19T08:11:40+00:00,68845281,bbc_xml_sitemap,https://www.bbc.com/sitemaps/https-sitemap-com-archive-106.xml
BBC,bbc.com,https://www.bbc.com/news/world-middle-east-68851986,2024-04-19T00:45:34Z,2026-02-19T08:11:40+00:00,68851986,bbc_xml_sitemap,https://www.bbc.com/sitemaps/https-sitemap-com-archive-106.xml
BBC,bbc.com,https://www.bbc.com/news/world-middle-east-68852522,2024-04-19T14:10:30Z,2026-02-19T08:11:40+00:00,68852522,bbc_xml_sitemap,https://www.bbc.com/sitemaps/https-sitemap-com-archive-106.xml
BBC,bbc.com,https://www.bbc.com/news/world-middle-east-68853403,2024-04-19T09:48:46Z,2026-02-19T08:11:40+00:00,68853403,bbc_xml_sitemap,https://www.bbc.com/sitemaps/https-sitemap-com-archive-106.xml
BBC,bbc.com,https://www.bbc.com/news/world-middle-east-68844405,2024-04-18T20:13:30Z,2026-02-19T08:11:40+00:00,68844405,bbc_xml_sitemap,https://www.bbc.com/sitemaps/https-sitemap-com-archive-106.xml
BBC,bbc.com,https://www.bbc.com/news/world-middle-east-68848438,2024-04-18T16:28:57Z,2026-02-19T08:11:40+00:00,68848438,bbc_xml_sitemap,https://www.bbc.com/sitemaps/https-sitemap-com-archive-106.xml
BBC,bbc.com,https://www.bbc.com/news/world-middle-east-68849736,2024-04-18T20:51:35Z,2026-02-19T08:11:40+00:00,68849736,bbc_xml_sitemap,https://www.bbc.com/sitemaps/https-sitemap-com-archive-106.xml
BBC,bbc.com,https://www.bbc.com/news/world-middle-east-68854498,2024-04-19T11:59:29Z,2026-02-19T08:11:40+00:00,68854498,bbc_xml_sitemap,https://www.bbc.com/sitemaps/https-sitemap-com-archive-106.xml
BBC,bbc.com,https://www.bbc.com/news/world-middle-east-68854124,2024-04-19T08:03:19Z,2026-02-19T08:11:40+00:00,68854124,bbc_xml_sitemap,https://www.bbc.com/sitemaps/https-sitemap-com-archive-106.xml
BBC,bbc.com,https://www.bbc.com/news/world-middle-east-68853402,2024-04-19T22:59:38Z,2026-02-19T08:11:40+00:00,68853402,bbc_xml_sitemap,https://www.bbc.com/sitemaps/https-sitemap-com-archive-106.xml
BBC,bbc.com,https://www.bbc.com/news/world-middle-east-68859774,2024-04-19T17:50:34Z,2026-02-19T08:11:40+00:00,68859774,bbc_xml_sitemap,https://www.bbc.com/sitemaps/https-sitemap-com-archive-106.xml
BBC,bbc.com,https://www.bbc.com/news/world-middle-east-68861607,2024-04-20T01:32:04Z,2026-02-19T08:11:40+00:00,68861607,bbc_xml_sitemap,https://www.bbc.com/sitemaps/https-sitemap-com-archive-106.xml
BBC,bbc.com,https://www.bbc.com/news/world-middle-east-68863981,2024-04-20T12:36:02Z,2026-02-19T08:11:40+00:00,68863981,bbc_xml_sitemap,https://www.bbc.com/sitemaps/https-sitemap-com-archive-106.xml
BBC,bbc.com,https://www.bbc.com/news/world-middle-east-68855292,2024-04-19T16:49:46Z,2026-02-19T08:11:40+00:00,68855292,bbc_xml_sitemap,https://www.bbc.com/sitemaps/https-sitemap-com-archive-106.xml
BBC,bbc.com,https://www.bbc.com/news/world-middle-east-68861592,2024-04-20T05:15:43Z,2026-02-19T08:11:40+00:00,68861592,bbc_xml_sitemap,https://www.bbc.com/sitemaps/https-sitemap-com-archive-106.xml
BBC,bbc.com,https://www.bbc.com/news/world-middle-east-68864786,2024-04-20T13:23:33Z,2026-02-19T08:11:40+00:00,68864786,bbc_xml_sitemap,https://www.bbc.com/sitemaps/https-sitemap-com-archive-106.xml
BBC,bbc.com,https://www.bbc.com/news/world-middle-east-68864788,2024-04-20T14:01:54Z,2026-02-19T08:11:40+00:00,68864788,bbc_xml_sitemap,https://www.bbc.com/sitemaps/https-sitemap-com-archive-106.xml
BBC,bbc.com,https://www.bbc.com/news/world-middle-east-68864207,2024-04-20T14:04:39Z,2026-02-19T08:11:40+00:00,68864207,bbc_xml_sitemap,https://www.bbc.com/sitemaps/https-sitemap-com-archive-106.xml
BBC,bbc.com,https://www.bbc.com/news/world-middle-east-68854896,2024-04-20T14:27:07Z,2026-02-19T08:11:40+00:00,68854896,bbc_xml_sitemap,https://www.bbc.com/sitemaps/https-sitemap-com-archive-106.xml
BBC,bbc.com,https://www.bbc.com/news/world-middle-east-68868954,2024-04-21T18:56:47Z,2026-02-19T08:11:40+00:00,68868954,bbc_xml_sitemap,https://www.bbc.com/sitemaps/https-sitemap-com-archive-106.xml
BBC,bbc.com,https://www.bbc.com/news/world-middle-east-68866548,2024-04-21T03:18:38Z,2026-02-19T08:11:40+00:00,68866548,bbc_xml_sitemap,https://www.bbc.com/sitemaps/https-sitemap-com-archive-106.xml
BBC,bbc.com,https://www.bbc.com/news/world-middle-east-68870273,2024-04-22T00:14:14Z,2026-02-19T08:11:40+00:00,68870273,bbc_xml_sitemap,https://www.bbc.com/sitemaps/https-sitemap-com-archive-106.xml
BBC,bbc.com,https://www.bbc.com/news/world-middle-east-68873279,2024-04-22T11:06:01Z,2026-02-19T08:11:40+00:00,68873279,bbc_xml_sitemap,https://www.bbc.com/sitemaps/https-sitemap-com-archive-106.xml
BBC,bbc.com,https://www.bbc.com/news/world-middle-east-68873227,2024-04-22T15:29:07Z,2026-02-19T08:11:40+00:00,68873227,bbc_xml_sitemap,https://www.bbc.com/sitemaps/https-sitemap-com-archive-106.xml
BBC,bbc.com,https://www.bbc.com/news/world-middle-east-68874070,2024-04-22T14:32:11Z,2026-02-19T08:11:40+00:00,68874070,bbc_xml_sitemap,https://www.bbc.com/sitemaps/https-sitemap-com-archive-106.xml
BBC,bbc.com,https://www.bbc.com/news/world-middle-east-68875863,2024-04-22T18:40:01Z,2026-02-19T08:11:40+00:00,68875863,bbc_xml_sitemap,https://www.bbc.com/sitemaps/https-sitemap-com-archive-106.xml
BBC,bbc.com,https://www.bbc.com/news/world-middle-east-68876073,2024-04-22T13:16:36Z,2026-02-19T08:11:40+00:00,68876073,bbc_xml_sitemap,https://www.bbc.com/sitemaps/https-sitemap-com-archive-106.xml
BBC,bbc.com,https://www.bbc.com/news/world-middle-east-68780112,2024-04-22T23:31:51Z,2026-02-19T08:11:40+00:00,68780112,bbc_xml_sitemap,https://www.bbc.com/sitemaps/https-sitemap-com-archive-106.xml
BBC,bbc.com,https://www.bbc.com/news/world-middle-east-68885975,2024-04-24T04:15:27Z,2026-02-19T08:11:40+00:00,68885975,bbc_xml_sitemap,https://www.bbc.com/sitemaps/https-sitemap-com-archive-106.xml
BBC,bbc.com,https://www.bbc.com/news/world-middle-east-68884729,2024-04-24T00:35:26Z,2026-02-19T08:11:40+00:00,68884729,bbc_xml_sitemap,https://www.bbc.com/sitemaps/https-sitemap-com-archive-106.xml
BBC,bbc.com,https://www.bbc.com/news/world-middle-east-68881325,2024-04-24T12:39:58Z,2026-02-19T08:11:40+00:00,68881325,bbc_xml_sitemap,https://www.bbc.com/sitemaps/https-sitemap-com-archive-106.xml
BBC,bbc.com,https://www.bbc.com/news/world-middle-east-68888299,2024-04-24T15:27:29Z,2026-02-19T08:11:40+00:00,68888299,bbc_xml_sitemap,https://www.bbc.com/sitemaps/https-sitemap-com-archive-106.xml
BBC,bbc.com,https://www.bbc.com/news/world-middle-east-68891216,2024-04-24T19:36:51Z,2026-02-19T08:11:40+00:00,68891216,bbc_xml_sitemap,https://www.bbc.com/sitemaps/https-sitemap-com-archive-106.xml
BBC,bbc.com,https://www.bbc.com/news/world-middle-east-68893885,2024-04-25T10:31:20Z,2026-02-19T08:11:40+00:00,68893885,bbc_xml_sitemap,https://www.bbc.com/sitemaps/https-sitemap-com-archive-106.xml
BBC,bbc.com,https://www.bbc.com/news/world-middle-east-68903591,2024-04-26T07:40:04Z,2026-02-19T08:11:40+00:00,68903591,bbc_xml_sitemap,https://www.bbc.com/sitemaps/https-sitemap-com-archive-106.xml
BBC,bbc.com,https://www.bbc.com/news/world-middle-east-68903890,2024-04-26T13:12:03Z,2026-02-19T08:11:40+00:00,68903890,bbc_xml_sitemap,https://www.bbc.com/sitemaps/https-sitemap-com-archive-106.xml
BBC,bbc.com,https://www.bbc.com/news/world-middle-east-68904209,2024-04-26T11:01:23Z,2026-02-19T08:11:40+00:00,68904209,bbc_xml_sitemap,https://www.bbc.com/sitemaps/https-sitemap-com-archive-106.xml
BBC,bbc.com,https://www.bbc.com/news/world-middle-east-68906919,2024-04-26T13:46:25Z,2026-02-19T08:11:40+00:00,68906919,bbc_xml_sitemap,https://www.bbc.com/sitemaps/https-sitemap-com-archive-106.xml
BBC,bbc.com,https://www.bbc.com/news/world-middle-east-68908413,2024-04-26T16:24:47Z,2026-02-19T08:11:40+00:00,68908413,bbc_xml_sitemap,https://www.bbc.com/sitemaps/https-sitemap-com-archive-106.xml
BBC,bbc.com,https://www.bbc.com/news/world-middle-east-68898665,2024-04-27T08:44:30Z,2026-02-19T08:11:40+00:00,68898665,bbc_xml_sitemap,https://www.bbc.com/sitemaps/https-sitemap-com-archive-106.xml
BBC,bbc.com,https://www.bbc.com/news/world-middle-east-68891217,2024-04-27T08:47:16Z,2026-02-19T08:11:40+00:00,68891217,bbc_xml_sitemap,https://www.bbc.com/sitemaps/https-sitemap-com-archive-106.xml
BBC,bbc.com,https://www.bbc.com/news/world-middle-east-68909912,2024-04-27T01:55:16Z,2026-02-19T08:11:40+00:00,68909912,bbc_xml_sitemap,https://www.bbc.com/sitemaps/https-sitemap-com-archive-106.xml
BBC,bbc.com,https://www.bbc.com/news/world-middle-east-68910812,2024-04-27T03:45:48Z,2026-02-19T08:11:40+00:00,68910812,bbc_xml_sitemap,https://www.bbc.com/sitemaps/https-sitemap-com-archive-106.xml
BBC,bbc.com,https://www.bbc.com/news/world-middle-east-68913568,2024-04-28T00:40:30Z,2026-02-19T08:11:40+00:00,68913568,bbc_xml_sitemap,https://www.bbc.com/sitemaps/https-sitemap-com-archive-106.xml
BBC,bbc.com,https://www.bbc.com/news/world-middle-east-68916315,2024-04-28T21:58:21Z,2026-02-19T08:11:40+00:00,68916315,bbc_xml_sitemap,https://www.bbc.com/sitemaps/https-sitemap-com-archive-106.xml
BBC,bbc.com,https://www.bbc.com/news/world-middle-east-68915529,2024-04-28T15:04:11Z,2026-02-19T08:11:40+00:00,68915529,bbc_xml_sitemap,https://www.bbc.com/sitemaps/https-sitemap-com-archive-106.xml
BBC,bbc.com,https://www.bbc.com/news/world-middle-east-68915931,2024-04-28T18:47:51Z,2026-02-19T08:11:40+00:00,68915931,bbc_xml_sitemap,https://www.bbc.com/sitemaps/https-sitemap-com-archive-106.xml
BBC,bbc.com,https://www.bbc.com/news/world-middle-east-68906903,2024-04-28T23:15:01Z,2026-02-19T08:11:40+00:00,68906903,bbc_xml_sitemap,https://www.bbc.com/sitemaps/https-sitemap-com-archive-106.xml
BBC,bbc.com,https://www.bbc.com/news/world-middle-east-68899003,2024-04-28T23:16:59Z,2026-02-19T08:11:40+00:00,68899003,bbc_xml_sitemap,https://www.bbc.com/sitemaps/https-sitemap-com-archive-106.xml
BBC,bbc.com,https://www.bbc.com/news/world-middle-east-68900571,2024-04-27T23:00:29Z,2026-02-19T08:11:40+00:00,68900571,bbc_xml_sitemap,https://www.bbc.com/sitemaps/https-sitemap-com-archive-106.xml
BBC,bbc.com,https://www.bbc.com/news/world-middle-east-68914551,2024-04-28T00:15:14Z,2026-02-19T08:11:40+00:00,68914551,bbc_xml_sitemap,https://www.bbc.com/sitemaps/https-sitemap-com-archive-106.xml
BBC,bbc.com,https://www.bbc.com/news/world-middle-east-68920131,2024-04-29T21:41:59Z,2026-02-19T08:11:40+00:00,68920131,bbc_xml_sitemap,https://www.bbc.com/sitemaps/https-sitemap-com-archive-106.xml
BBC,bbc.com,https://www.bbc.com/news/world-middle-east-68840881,2024-04-29T23:00:38Z,2026-02-19T08:11:40+00:00,68840881,bbc_xml_sitemap,https://www.bbc.com/sitemaps/https-sitemap-com-archive-106.xml
BBC,bbc.com,https://www.bbc.com/news/world-middle-east-68925495,2024-04-30T00:56:30Z,2026-02-19T08:11:40+00:00,68925495,bbc_xml_sitemap,https://www.bbc.com/sitemaps/https-sitemap-com-archive-106.xml
BBC,bbc.com,https://www.bbc.com/news/world-middle-east-68928996,2024-04-30T16:10:51Z,2026-02-19T08:11:40+00:00,68928996,bbc_xml_sitemap,https://www.bbc.com/sitemaps/https-sitemap-com-archive-106.xml
BBC,bbc.com,https://www.bbc.com/news/world-middle-east-68927001,2024-04-30T14:11:02Z,2026-02-19T08:11:40+00:00,68927001,bbc_xml_sitemap,https://www.bbc.com/sitemaps/https-sitemap-com-archive-106.xml
BBC,bbc.com,https://www.bbc.com/news/world-middle-east-68884549,2024-04-30T15:59:49Z,2026-02-19T08:11:40+00:00,68884549,bbc_xml_sitemap,https://www.bbc.com/sitemaps/https-sitemap-com-archive-106.xml
BBC,bbc.com,https://www.bbc.com/news/world-middle-east-68927288,2024-04-30T23:04:49Z,2026-02-19T08:11:40+00:00,68927288,bbc_xml_sitemap,https://www.bbc.com/sitemaps/https-sitemap-com-archive-106.xml
BBC,bbc.com,https://www.bbc.com/news/world-middle-east-68934913,2024-05-01T13:28:09Z,2026-02-19T08:11:40+00:00,68934913,bbc_xml_sitemap,https://www.bbc.com/sitemaps/https-sitemap-com-archive-106.xml
BBC,bbc.com,https://www.bbc.com/news/world-middle-east-68939445,2024-05-01T17:41:17Z,2026-02-19T08:11:40+00:00,68939445,bbc_xml_sitemap,https://www.bbc.com/sitemaps/https-sitemap-com-archive-106.xml
BBC,bbc.com,https://www.bbc.com/news/world-middle-east-68938611,2024-05-01T23:17:39Z,2026-02-19T08:11:40+00:00,68938611,bbc_xml_sitemap,https://www.bbc.com/sitemaps/https-sitemap-com-archive-106.xml
BBC,bbc.com,https://www.bbc.com/news/world-middle-east-68938022,2024-05-02T17:01:54Z,2026-02-19T08:11:40+00:00,68938022,bbc_xml_sitemap,https://www.bbc.com/sitemaps/https-sitemap-com-archive-106.xml
BBC,bbc.com,https://www.bbc.com/news/world-middle-east-68945380,2024-05-03T08:43:38Z,2026-02-19T08:11:40+00:00,68945380,bbc_xml_sitemap,https://www.bbc.com/sitemaps/https-sitemap-com-archive-106.xml
BBC,bbc.com,https://www.bbc.com/news/world-middle-east-68953413,2024-05-03T15:46:59Z,2026-02-19T08:11:40+00:00,68953413,bbc_xml_sitemap,https://www.bbc.com/sitemaps/https-sitemap-com-archive-106.xml
BBC,bbc.com,https://www.bbc.com/news/world-middle-east-68956549,2024-05-04T19:53:46Z,2026-02-19T08:11:40+00:00,68956549,bbc_xml_sitemap,https://www.bbc.com/sitemaps/https-sitemap-com-archive-106.xml
BBC,bbc.com,https://www.bbc.com/news/world-middle-east-68960585,2024-05-06T05:28:44Z,2026-02-19T08:11:40+00:00,68960585,bbc_xml_sitemap,https://www.bbc.com/sitemaps/https-sitemap-com-archive-106.xml
BBC,bbc.com,https://www.bbc.com/news/world-middle-east-68964103,2024-05-06T15:00:17Z,2026-02-19T08:11:40+00:00,68964103,bbc_xml_sitemap,https://www.bbc.com/sitemaps/https-sitemap-com-archive-106.xml
BBC,bbc.com,https://www.bbc.com/news/world-middle-east-68961753,2024-05-05T17:52:29Z,2026-02-19T08:11:40+00:00,68961753,bbc_xml_sitemap,https://www.bbc.com/sitemaps/https-sitemap-com-archive-106.xml
BBC,bbc.com,https://www.bbc.com/news/world-middle-east-68961719,2024-05-05T14:03:23Z,2026-02-19T08:11:40+00:00,68961719,bbc_xml_sitemap,https://www.bbc.com/sitemaps/https-sitemap-com-archive-106.xml
BBC,bbc.com,https://www.bbc.com/news/world-middle-east-68966273,2024-05-06T17:45:27Z,2026-02-19T08:11:40+00:00,68966273,bbc_xml_sitemap,https://www.bbc.com/sitemaps/https-sitemap-com-archive-106.xml
BBC,bbc.com,https://www.bbc.com/news/world-middle-east-68964108,2024-05-06T20:14:34Z,2026-02-19T08:11:40+00:00,68964108,bbc_xml_sitemap,https://www.bbc.com/sitemaps/https-sitemap-com-archive-106.xml
BBC,bbc.com,https://www.bbc.com/news/world-middle-east-68967000,2024-05-07T15:58:39Z,2026-02-19T08:11:40+00:00,68967000,bbc_xml_sitemap,https://www.bbc.com/sitemaps/https-sitemap-com-archive-106.xml
BBC,bbc.com,https://www.bbc.com/news/world-middle-east-68964661,2024-05-06T14:31:54Z,2026-02-19T08:11:40+00:00,68964661,bbc_xml_sitemap,https://www.bbc.com/sitemaps/https-sitemap-com-archive-106.xml
BBC,bbc.com,https://www.bbc.com/news/world-middle-east-68967397,2024-05-07T19:58:57Z,2026-02-19T08:11:40+00:00,68967397,bbc_xml_sitemap,https://www.bbc.com/sitemaps/https-sitemap-com-archive-106.xml
BBC,bbc.com,https://www.bbc.com/news/world-middle-east-68974624,2024-05-08T15:20:29Z,2026-02-19T08:11:40+00:00,68974624,bbc_xml_sitemap,https://www.bbc.com/sitemaps/https-sitemap-com-archive-106.xml
BBC,bbc.com,https://www.bbc.com/news/world-middle-east-68971818,2024-05-07T18:51:50Z,2026-02-19T08:11:40+00:00,68971818,bbc_xml_sitemap,https://www.bbc.com/sitemaps/https-sitemap-com-archive-106.xml
BBC,bbc.com,https://www.bbc.com/news/world-middle-east-68975398,2024-05-09T03:52:40Z,2026-02-19T08:11:40+00:00,68975398,bbc_xml_sitemap,https://www.bbc.com/sitemaps/https-sitemap-com-archive-106.xml
BBC,bbc.com,https://www.bbc.com/news/world-middle-east-68978322,2024-05-08T14:51:19Z,2026-02-19T08:11:40+00:00,68978322,bbc_xml_sitemap,https://www.bbc.com/sitemaps/https-sitemap-com-archive-106.xml
BBC,bbc.com,https://www.bbc.com/news/world-middle-east-68969239,2024-05-09T06:44:18Z,2026-02-19T08:11:40+00:00,68969239,bbc_xml_sitemap,https://www.bbc.com/sitemaps/https-sitemap-com-archive-106.xml
BBC,bbc.com,https://www.bbc.com/news/world-middle-east-68980820,2024-05-09T15:23:08Z,2026-02-19T08:11:40+00:00,68980820,bbc_xml_sitemap,https://www.bbc.com/sitemaps/https-sitemap-com-archive-106.xml
BBC,bbc.com,https://www.bbc.com/news/world-middle-east-68981084,2024-05-09T16:14:49Z,2026-02-19T08:11:40+00:00,68981084,bbc_xml_sitemap,https://www.bbc.com/sitemaps/https-sitemap-com-archive-106.xml
BBC,bbc.com,https://www.bbc.com/news/world-middle-east-68945445,2024-05-09T00:01:50Z,2026-02-19T08:11:40+00:00,68945445,bbc_xml_sitemap,https://www.bbc.com/sitemaps/https-sitemap-com-archive-106.xml
BBC,bbc.com,https://www.bbc.com/news/world-middle-east-68983436,2024-05-09T18:52:07Z,2026-02-19T08:11:40+00:00,68983436,bbc_xml_sitemap,https://www.bbc.com/sitemaps/https-sitemap-com-archive-106.xml
BBC,bbc.com,https://www.bbc.com/news/world-middle-east-68987130,2024-05-09T21:34:47Z,2026-02-19T08:11:40+00:00,68987130,bbc_xml_sitemap,https://www.bbc.com/sitemaps/https-sitemap-com-archive-106.xml
BBC,bbc.com,https://www.bbc.com/news/world-middle-east-68980826,2024-05-10T06:10:41Z,2026-02-19T08:11:40+00:00,68980826,bbc_xml_sitemap,https://www.bbc.com/sitemaps/https-sitemap-com-archive-106.xml
BBC,bbc.com,https://www.bbc.com/news/world-middle-east-68983445,2024-05-10T04:43:05Z,2026-02-19T08:11:40+00:00,68983445,bbc_xml_sitemap,https://www.bbc.com/sitemaps/https-sitemap-com-archive-106.xml
BBC,bbc.com,https://www.bbc.com/news/world-middle-east-68983650,2024-05-11T11:40:58Z,2026-02-19T08:11:40+00:00,68983650,bbc_xml_sitemap,https://www.bbc.com/sitemaps/https-sitemap-com-archive-106.xml
BBC,bbc.com,https://www.bbc.com/news/world-middle-east-68994849,2024-05-11T12:09:17Z,2026-02-19T08:11:40+00:00,68994849,bbc_xml_sitemap,https://www.bbc.com/sitemaps/https-sitemap-com-archive-106.xml
BBC,bbc.com,https://www.bbc.com/news/world-middle-east-68998654,2024-05-12T08:26:04Z,2026-02-19T08:11:40+00:00,68998654,bbc_xml_sitemap,https://www.bbc.com/sitemaps/https-sitemap-com-archive-106.xml
BBC,bbc.com,https://www.bbc.com/news/world-middle-east-69001835,2024-05-13T23:18:15Z,2026-02-19T08:11:40+00:00,69001835,bbc_xml_sitemap,https://www.bbc.com/sitemaps/https-sitemap-com-archive-106.xml
BBC,bbc.com,https://www.bbc.com/news/world-middle-east-69003583,2024-05-13T11:44:23Z,2026-02-19T08:11:40+00:00,69003583,bbc_xml_sitemap,https://www.bbc.com/sitemaps/https-sitemap-com-archive-106.xml
BBC,bbc.com,https://www.bbc.com/news/world-middle-east-69001344,2024-05-13T12:26:34Z,2026-02-19T08:11:40+00:00,69001344,bbc_xml_sitemap,https://www.bbc.com/sitemaps/https-sitemap-com-archive-106.xml
BBC,bbc.com,https://www.bbc.com/news/world-middle-east-69004356,2024-05-13T15:07:39Z,2026-02-19T08:11:40+00:00,69004356,bbc_xml_sitemap,https://www.bbc.com/sitemaps/https-sitemap-com-archive-106.xml
BBC,bbc.com,https://www.bbc.com/news/world-middle-east-69005977,2024-05-14T13:57:39Z,2026-02-19T08:11:40+00:00,69005977,bbc_xml_sitemap,https://www.bbc.com/sitemaps/https-sitemap-com-archive-106.xml
BBC,bbc.com,https://www.bbc.com/news/world-middle-east-69006043,2024-05-13T18:21:39Z,2026-02-19T08:11:40+00:00,69006043,bbc_xml_sitemap,https://www.bbc.com/sitemaps/https-sitemap-com-archive-106.xml
BBC,bbc.com,https://www.bbc.com/news/world-middle-east-69006734,2024-05-14T14:55:32Z,2026-02-19T08:11:40+00:00,69006734,bbc_xml_sitemap,https://www.bbc.com/sitemaps/https-sitemap-com-archive-106.xml
BBC,bbc.com,https://www.bbc.com/news/world-middle-east-69006821,2024-05-14T10:18:24Z,2026-02-19T08:11:40+00:00,69006821,bbc_xml_sitemap,https://www.bbc.com/sitemaps/https-sitemap-com-archive-106.xml
BBC,bbc.com,https://www.bbc.com/news/world-middle-east-69008173,2024-05-14T19:10:53Z,2026-02-19T08:11:40+00:00,69008173,bbc_xml_sitemap,https://www.bbc.com/sitemaps/https-sitemap-com-archive-106.xml
BBC,bbc.com,https://www.bbc.com/news/world-middle-east-69008963,2024-05-14T11:46:08Z,2026-02-19T08:11:40+00:00,69008963,bbc_xml_sitemap,https://www.bbc.com/sitemaps/https-sitemap-com-archive-106.xml
BBC,bbc.com,https://www.bbc.com/news/world-middle-east-69012303,2024-05-15T07:23:13Z,2026-02-19T08:11:40+00:00,69012303,bbc_xml_sitemap,https://www.bbc.com/sitemaps/https-sitemap-com-archive-106.xml
BBC,bbc.com,https://www.bbc.com/news/world-middle-east-69015371,2024-05-15T20:38:53Z,2026-02-19T08:11:40+00:00,69015371,bbc_xml_sitemap,https://www.bbc.com/sitemaps/https-sitemap-com-archive-106.xml
BBC,bbc.com,https://www.bbc.com/news/world-middle-east-69014893,2024-05-16T16:43:33Z,2026-02-19T08:11:40+00:00,69014893,bbc_xml_sitemap,https://www.bbc.com/sitemaps/https-sitemap-com-archive-106.xml
BBC,bbc.com,https://www.bbc.com/news/world-middle-east-69019655,2024-05-16T18:45:16Z,2026-02-19T08:11:40+00:00,69019655,bbc_xml_sitemap,https://www.bbc.com/sitemaps/https-sitemap-com-archive-106.xml
BBC,bbc.com,https://www.bbc.com/news/world-middle-east-69020237,2024-05-17T04:59:35Z,2026-02-19T08:11:40+00:00,69020237,bbc_xml_sitemap,https://www.bbc.com/sitemaps/https-sitemap-com-archive-106.xml
BBC,bbc.com,https://www.bbc.com/news/world-middle-east-69025420,2024-05-17T09:56:18Z,2026-02-19T08:11:40+00:00,69025420,bbc_xml_sitemap,https://www.bbc.com/sitemaps/https-sitemap-com-archive-106.xml
BBC,bbc.com,https://www.bbc.com/news/world-middle-east-69037316,2024-05-20T07:57:32Z,2026-02-19T08:13:13+00:00,69037316,bbc_xml_sitemap,https://www.bbc.com/sitemaps/https-sitemap-com-archive-107.xml
BBC,bbc.com,https://www.bbc.com/news/world-middle-east-69037322,2024-05-20T08:23:03Z,2026-02-19T08:13:13+00:00,69037322,bbc_xml_sitemap,https://www.bbc.com/sitemaps/https-sitemap-com-archive-107.xml
BBC,bbc.com,https://www.bbc.com/news/world-middle-east-69037214,2024-05-20T09:56:50Z,2026-02-19T08:13:13+00:00,69037214,bbc_xml_sitemap,https://www.bbc.com/sitemaps/https-sitemap-com-archive-107.xml
BBC,bbc.com,https://www.bbc.com/news/world-middle-east-69037323,2024-05-20T11:43:50Z,2026-02-19T08:13:13+00:00,69037323,bbc_xml_sitemap,https://www.bbc.com/sitemaps/https-sitemap-com-archive-107.xml
BBC,bbc.com,https://www.bbc.com/news/world-middle-east-69037324,2024-05-20T12:22:42Z,2026-02-19T08:13:13+00:00,69037324,bbc_xml_sitemap,https://www.bbc.com/sitemaps/https-sitemap-com-archive-107.xml
BBC,bbc.com,https://www.bbc.com/news/world-middle-east-69037325,2024-05-20T15:46:38Z,2026-02-19T08:13:13+00:00,69037325,bbc_xml_sitemap,https://www.bbc.com/sitemaps/https-sitemap-com-archive-107.xml
BBC,bbc.com,https://www.bbc.com/news/world-middle-east-69040118,2024-05-20T15:54:14Z,2026-02-19T08:13:13+00:00,69040118,bbc_xml_sitemap,https://www.bbc.com/sitemaps/https-sitemap-com-archive-107.xml
BBC,bbc.com,https://www.bbc.com/news/world-middle-east-69052857,2024-05-27T05:00:17Z,2026-02-19T08:13:13+00:00,69052857,bbc_xml_sitemap,https://www.bbc.com/sitemaps/https-sitemap-com-archive-107.xml
BBC,bbc.com,https://www.bbc.com/news/world-middle-east-69059863,2024-05-26T02:36:44Z,2026-02-19T08:13:13+00:00,69059863,bbc_xml_sitemap,https://www.bbc.com/sitemaps/https-sitemap-com-archive-107.xml
BBC,bbc.com,https://www.bbc.com/news/world-middle-east-69059929,2024-05-27T10:12:30Z,2026-02-19T08:13:13+00:00,69059929,bbc_xml_sitemap,https://www.bbc.com/sitemaps/https-sitemap-com-archive-107.xml
BBC,bbc.com,https://www.bbc.com/news/world-middle-east-69067527,2024-05-27T22:04:46Z,2026-02-19T08:13:13+00:00,69067527,bbc_xml_sitemap,https://www.bbc.com/sitemaps/https-sitemap-com-archive-107.xml
BBC,bbc.com,https://www.bbc.com/news/world-middle-east-68172560,2024-05-28T01:19:48Z,2026-02-19T08:13:13+00:00,68172560,bbc_xml_sitemap,https://www.bbc.com/sitemaps/https-sitemap-com-archive-107.xml
BBC,bbc.com,https://www.bbc.com/news/world-middle-east-69103083,2024-06-08T18:06:41Z,2026-02-19T08:13:13+00:00,69103083,bbc_xml_sitemap,https://www.bbc.com/sitemaps/https-sitemap-com-archive-107.xml
BBC,bbc.com,https://www.bbc.com/news/world-middle-east-69114514,2024-06-13T05:50:33Z,2026-02-19T08:13:13+00:00,69114514,bbc_xml_sitemap,https://www.bbc.com/sitemaps/https-sitemap-com-archive-107.xml
BBC,bbc.com,https://www.bbc.com/news/world-middle-east-69119479,2024-06-14T11:35:08Z,2026-02-19T08:13:13+00:00,69119479,bbc_xml_sitemap,https://www.bbc.com/sitemaps/https-sitemap-com-archive-107.xml
BBC,bbc.com,https://www.bbc.com/news/world-middle-east-69140583,2024-06-22T14:33:31Z,2026-02-19T08:13:13+00:00,69140583,bbc_xml_sitemap,https://www.bbc.com/sitemaps/https-sitemap-com-archive-107.xml
BBC,bbc.com,https://www.bbc.com/news/world-middle-east-69140584,2024-06-22T18:06:55Z,2026-02-19T08:13:13+00:00,69140584,bbc_xml_sitemap,https://www.bbc.com/sitemaps/https-sitemap-com-archive-107.xml
BBC,bbc.com,https://www.bbc.com/news/world-middle-east-69649448,2025-02-15T10:58:32Z,2026-02-19T08:13:30+00:00,69649448,bbc_xml_sitemap,https://www.bbc.com/sitemaps/https-sitemap-com-archive-112.xml
